# vtk DataFile Version 3.0
PINNeAPPle dataset — demo_cavity
ASCII
DATASET RECTILINEAR_GRID
DIMENSIONS 64 64 1
X_COORDINATES 64 float
0.000000 0.015873 0.031746 0.047619 0.063492 0.079365 0.095238 0.111111 0.126984 0.142857 0.158730 0.174603 0.190476 0.206349 0.222222 0.238095 0.253968 0.269841 0.285714 0.301587 0.317460 0.333333 0.349206 0.365079 0.380952 0.396825 0.412698 0.428571 0.444444 0.460317 0.476190 0.492063 0.507937 0.523810 0.539683 0.555556 0.571429 0.587302 0.603175 0.619048 0.634921 0.650794 0.666667 0.682540 0.698413 0.714286 0.730159 0.746032 0.761905 0.777778 0.793651 0.809524 0.825397 0.841270 0.857143 0.873016 0.888889 0.904762 0.920635 0.936508 0.952381 0.968254 0.984127 1.000000
Y_COORDINATES 64 float
0.000000 0.015873 0.031746 0.047619 0.063492 0.079365 0.095238 0.111111 0.126984 0.142857 0.158730 0.174603 0.190476 0.206349 0.222222 0.238095 0.253968 0.269841 0.285714 0.301587 0.317460 0.333333 0.349206 0.365079 0.380952 0.396825 0.412698 0.428571 0.444444 0.460317 0.476190 0.492063 0.507937 0.523810 0.539683 0.555556 0.571429 0.587302 0.603175 0.619048 0.634921 0.650794 0.666667 0.682540 0.698413 0.714286 0.730159 0.746032 0.761905 0.777778 0.793651 0.809524 0.825397 0.841270 0.857143 0.873016 0.888889 0.904762 0.920635 0.936508 0.952381 0.968254 0.984127 1.000000
Z_COORDINATES 1 float
0.0
POINT_DATA 4096
SCALARS u float 1
LOOKUP_TABLE default
-0.001821 -0.001770 -0.001634 -0.001394 -0.001054 -0.000633 -0.000161 0.000330 0.000814 0.001269 0.001678 0.002027 0.002309 0.002527 0.002692 0.002820 0.002927 0.003018 0.003092 0.003138 0.003139 0.003087 0.002983 0.002837 0.002661 0.002463 0.002244 0.002007 0.001759 0.001508 0.001264 0.001025 0.000783 0.000525 0.000241 -0.000072 -0.000406 -0.000750 -0.001091 -0.001421 -0.001731 -0.002009 -0.002250 -0.002462 -0.002663 -0.002878 -0.003115 -0.003363 -0.003594 -0.003776 -0.003878 -0.003885 -0.003789 -0.003602 -0.003346 -0.003052 -0.002752 -0.002470 -0.002228 -0.002038 -0.001906 -0.001834 -0.001813 -0.001821 -0.001574 -0.001549 -0.001463 -0.001288 -0.001015 -0.000653 -0.000225 0.000241 0.000717 0.001178 0.001603 0.001978 0.002297 0.002560 0.002772 0.002940 0.003067 0.003155 0.003199 0.003189 0.003119 0.002990 0.002816 0.002617 0.002408 0.002190 0.001959 0.001707 0.001434 0.001147 0.000855 0.000560 0.000260 -0.000051 -0.000383 -0.000736 -0.001106 -0.001485 -0.001860 -0.002219 -0.002548 -0.002832 -0.003069 -0.003271 -0.003467 -0.003676 -0.003900 -0.004117 -0.004297 -0.004412 -0.004438 -0.004363 -0.004187 -0.003926 -0.003603 -0.003248 -0.002889 -0.002550 -0.002249 -0.001996 -0.001801 -0.001669 -0.001599 -0.001577 -0.001024 -0.001006 -0.000956 -0.000841 -0.000644 -0.000364 -0.000012 0.000390 0.000818 0.001250 0.001665 0.002047 0.002385 0.002673 0.002904 0.003077 0.003188 0.003237 0.003221 0.003136 0.002982 0.002775 0.002540 0.002302 0.002073 0.001848 0.001611 0.001349 0.001055 0.000737 0.000405 0.000067 -0.000273 -0.000622 -0.000986 -0.001369 -0.001768 -0.002176 -0.002578 -0.002954 -0.003285 -0.003554 -0.003767 -0.003946 -0.004119 -0.004299 -0.004477 -0.004627 -0.004724 -0.004744 -0.004672 -0.004503 -0.004241 -0.003903 -0.003515 -0.003102 -0.002693 -0.002308 -0.001961 -0.001661 -0.001416 -0.001231 -0.001110 -0.001047 -0.000252 -0.000225 -0.000191 -0.000115 0.000025 0.000238 0.000518 0.000850 0.001217 0.001596 0.001970 0.002320 0.002632 0.002891 0.003086 0.003208 0.003255 0.003226 0.003123 0.002944 0.002701 0.002419 0.002132 0.001866 0.001627 0.001400 0.001163 0.000896 0.000593 0.000260 -0.000090 -0.000444 -0.000801 -0.001166 -0.001547 -0.001950 -0.002373 -0.002804 -0.003222 -0.003600 -0.003913 -0.004152 -0.004329 -0.004473 -0.004605 -0.004728 -0.004826 -0.004877 -0.004862 -0.004766 -0.004583 -0.004312 -0.003962 -0.003550 -0.003101 -0.002640 -0.002191 -0.001771 -0.001392 -0.001062 -0.000785 -0.000564 -0.000404 -0.000304 0.000650 0.000687 0.000714 0.000765 0.000866 0.001031 0.001260 0.001539 0.001849 0.002168 0.002476 0.002756 0.002990 0.003163 0.003262 0.003282 0.003224 0.003090 0.002880 0.002600 0.002268 0.001920 0.001593 0.001308 0.001063 0.000838 0.000605 0.000345 0.000049 -0.000274 -0.000613 -0.000957 -0.001307 -0.001671 -0.002060 -0.002477 -0.002916 -0.003360 -0.003778 -0.004140 -0.004421 -0.004618 -0.004752 -0.004848 -0.004918 -0.004956 -0.004946 -0.004875 -0.004733 -0.004514 -0.004218 -0.003849 -0.003418 -0.002944 -0.002448 -0.001953 -0.001478 -0.001038 -0.000640 -0.000290 0.000011 0.000257 0.000446 0.000575 0.001593 0.001639 0.001655 0.001676 0.001734 0.001853 0.002035 0.002268 0.002528 0.002787 0.003020 0.003205 0.003328 0.003376 0.003345 0.003237 0.003057 0.002807 0.002489 0.002112 0.001704 0.001305 0.000950 0.000653 0.000405 0.000184 -0.000038 -0.000279 -0.000547 -0.000835 -0.001138 -0.001451 -0.001780 -0.002135 -0.002525 -0.002950 -0.003397 -0.003839 -0.004241 -0.004570 -0.004806 -0.004954 -0.005036 -0.005069 -0.005056 -0.004989 -0.004859 -0.004662 -0.004396 -0.004065 -0.003671 -0.003223 -0.002733 -0.002220 -0.001702 -0.001198 -0.000721 -0.000278 0.000128 0.000495 0.000823 0.001105 0.001331 0.001494 0.002472 0.002541 0.002551 0.002535 0.002537 0.002588 0.002703 0.002875 0.003075 0.003267 0.003417 0.003501 0.003504 0.003423 0.003261 0.003030 0.002736 0.002382 0.001970 0.001517 0.001057 0.000629 0.000260 -0.000044 -0.000295 -0.000512 -0.000717 -0.000926 -0.001148 -0.001384 -0.001636 -0.001909 -0.002213 -0.002557 -0.002946 -0.003371 -0.003813 -0.004237 -0.004605 -0.004887 -0.005070 -0.005162 -0.005182 -0.005138 -0.005031 -0.004857 -0.004615 -0.004311 -0.003948 -0.003532 -0.003071 -0.002576 -0.002060 -0.001540 -0.001033 -0.000551 -0.000101 0.000319 0.000717 0.001099 0.001464 0.001803 0.002096 0.002324 0.003157 0.003291 0.003323 0.003286 0.003227 0.003192 0.003213 0.003290 0.003402 0.003507 0.003565 0.003548 0.003443 0.003250 0.002984 0.002657 0.002277 0.001846 0.001370 0.000874 0.000394 -0.000038 -0.000407 -0.000714 -0.000969 -0.001181 -0.001365 -0.001535 -0.001703 -0.001881 -0.002081 -0.002316 -0.002598 -0.002932 -0.003316 -0.003733 -0.004156 -0.004545 -0.004865 -0.005089 -0.005211 -0.005242 -0.005193 -0.005070 -0.004876 -0.004615 -0.004293 -0.003920 -0.003501 -0.003044 -0.002556 -0.002051 -0.001542 -0.001048 -0.000580 -0.000148 0.000250 0.000628 0.001000 0.001385 0.001786 0.002195 0.002584 0.002916 0.003537 0.003780 0.003883 0.003864 0.003768 0.003652 0.003564 0.003523 0.003517 0.003511 0.003464 0.003347 0.003149 0.002875 0.002540 0.002156 0.001727 0.001255 0.000755 0.000257 -0.000206 -0.000617 -0.000974 -0.001280 -0.001538 -0.001749 -0.001914 -0.002047 -0.002165 -0.002292 -0.002449 -0.002656 -0.002923 -0.003250 -0.003624 -0.004023 -0.004412 -0.004753 -0.005012 -0.005172 -0.005231 -0.005198 -0.005084 -0.004897 -0.004645 -0.004340 -0.003988 -0.003598 -0.003173 -0.002718 -0.002243 -0.001759 -0.001283 -0.000830 -0.000413 -0.000035 0.000310 0.000640 0.000978 0.001350 0.001770 0.002235 0.002716 0.003168 0.003574 0.003945 0.004155 0.004200 0.004111 0.003946 0.003764 0.003603 0.003467 0.003334 0.003173 0.002961 0.002689 0.002364 0.001998 0.001594 0.001154 0.000683 0.000203 -0.000256 -0.000671 -0.001039 -0.001370 -0.001668 -0.001930 -0.002143 -0.002300 -0.002408 -0.002492 -0.002584 -0.002716 -0.002908 -0.003168 -0.003489 -0.003851 -0.004222 -0.004567 -0.004849 -0.005044 -0.005138 -0.005136 -0.005049 -0.004890 -0.004674 -0.004413 -0.004119 -0.003794 -0.003439 -0.003051 -0.002634 -0.002196 -0.001750 -0.001311 -0.000894 -0.000510 -0.000162 0.000156 0.000460 0.000774 0.001125 0.001536 0.002016 0.002547 0.003087 0.003332 0.003798 0.004117 0.004252 0.004213 0.004043 0.003804 0.003546 0.003292 0.003038 0.002769 0.002473 0.002149 0.001802 0.001435 0.001046 0.000632 0.000203 -0.000218 -0.000603 -0.000945 -0.001253 -0.001545 -0.001827 -0.002089 -0.002309 -0.002469 -0.002574 -0.002647 -0.002728 -0.002853 -0.003045 -0.003308 -0.003626 -0.003973 -0.004313 -0.004609 -0.004832 -0.004963 -0.004998 -0.004949 -0.004831 -0.004666 -0.004470 -0.004257 -0.004027 -0.003774 -0.003487 -0.003161 -0.002797 -0.002404 -0.001994 -0.001579 -0.001173 -0.000785 -0.000422 -0.000084 0.000236 0.000551 0.000886 0.001265 0.001711 0.002225 0.002784 0.002925 0.003421 0.003809 0.004029 0.004060 0.003924 0.003671 0.003356 0.003015 0.002666 0.002311 0.001956 0.001606 0.001264 0.000927 0.000585 0.000232 -0.000121 -0.000452 -0.000745 -0.001001 -0.001238 -0.001480 -0.001734 -0.001988 -0.002215 -0.002391 -0.002511 -0.002599 -0.002693 -0.002834 -0.003042 -0.003318 -0.003640 -0.003975 -0.004286 -0.004538 -0.004708 -0.004787 -0.004782 -0.004711 -0.004601 -0.004475 -0.004350 -0.004226 -0.004092 -0.003926 -0.003714 -0.003451 -0.003139 -0.002784 -0.002397 -0.001986 -0.001560 -0.001130 -0.000709 -0.000308 0.000065 0.000410 0.000739 0.001078 0.001455 0.001894 0.002395 0.002449 0.002907 0.003307 0.003579 0.003677 0.003596 0.003367 0.003037 0.002652 0.002246 0.001843 0.001463 0.001119 0.000812 0.000532 0.000265 0.000002 -0.000250 -0.000475 -0.000669 -0.000839 -0.001007 -0.001194 -0.001411 -0.001646 -0.001873 -0.002066 -0.002216 -0.002338 -0.002468 -0.002643 -0.002883 -0.003184 -0.003520 -0.003853 -0.004145 -0.004365 -0.004498 -0.004547 -0.004529 -0.004474 -0.004412 -0.004367 -0.004343 -0.004323 -0.004280 -0.004188 -0.004035 -0.003820 -0.003547 -0.003221 -0.002845 -0.002422 -0.001959 -0.001469 -0.000972 -0.000491 -0.000050 0.000339 0.000673 0.000973 0.001271 0.001606 0.002000 0.001940 0.002319 0.002684 0.002968 0.003113 0.003091 0.002908 0.002601 0.002217 0.001801 0.001394 0.001029 0.000725 0.000481 0.000284 0.000115 -0.000038 -0.000175 -0.000294 -0.000396 -0.000494 -0.000603 -0.000742 -0.000918 -0.001123 -0.001338 -0.001540 -0.001719 -0.001883 -0.002063 -0.002288 -0.002575 -0.002914 -0.003275 -0.003619 -0.003908 -0.004115 -0.004236 -0.004283 -0.004286 -0.004282 -0.004302 -0.004357 -0.004433 -0.004496 -0.004512 -0.004462 -0.004344 -0.004163 -0.003922 -0.003620 -0.003251 -0.002814 -0.002317 -0.001775 -0.001217 -0.000674 -0.000178 0.000246 0.000589 0.000859 0.001089 0.001323 0.001601 0.001395 0.001683 0.001990 0.002258 0.002426 0.002454 0.002330 0.002074 0.001729 0.001348 0.000983 0.000673 0.000441 0.000286 0.000191 0.000135 0.000100 0.000074 0.000050 0.000020 -0.000026 -0.000099 -0.000204 -0.000346 -0.000517 -0.000706 -0.000900 -0.001095 -0.001297 -0.001528 -0.001809 -0.002149 -0.002534 -0.002932 -0.003300 -0.003603 -0.003820 -0.003954 -0.004030 -0.004085 -0.004158 -0.004270 -0.004415 -0.004560 -0.004664 -0.004700 -0.004663 -0.004564 -0.004410 -0.004199 -0.003919 -0.003558 -0.003115 -0.002599 -0.002034 -0.001453 -0.000891 -0.000379 0.000055 0.000394 0.000641 0.000822 0.000979 0.001160 0.000801 0.001010 0.001254 0.001491 0.001667 0.001734 0.001670 0.001483 0.001209 0.000901 0.000618 0.000399 0.000267 0.000218 0.000234 0.000291 0.000363 0.000432 0.000481 0.000497 0.000476 0.000416 0.000323 0.000204 0.000065 -0.000089 -0.000258 -0.000448 -0.000671 -0.000942 -0.001273 -0.001664 -0.002096 -0.002535 -0.002936 -0.003268 -0.003514 -0.003685 -0.003812 -0.003937 -0.004092 -0.004283 -0.004484 -0.004653 -0.004754 -0.004779 -0.004741 -0.004656 -0.004526 -0.004339 -0.004073 -0.003714 -0.003264 -0.002745 -0.002190 -0.001633 -0.001105 -0.000632 -0.000235 0.000073 0.000290 0.000432 0.000536 0.000647 0.000158 0.000305 0.000495 0.000698 0.000871 0.000969 0.000964 0.000855 0.000674 0.000470 0.000297 0.000196 0.000180 0.000245 0.000367 0.000520 0.000676 0.000809 0.000899 0.000932 0.000909 0.000839 0.000741 0.000632 0.000522 0.000408 0.000277 0.000109 -0.000114 -0.000405 -0.000768 -0.001196 -0.001665 -0.002138 -0.002573 -0.002938 -0.003224 -0.003444 -0.003634 -0.003829 -0.004051 -0.004288 -0.004502 -0.004652 -0.004721 -0.004722 -0.004680 -0.004606 -0.004492 -0.004310 -0.004032 -0.003652 -0.003186 -0.002671 -0.002153 -0.001665 -0.001229 -0.000855 -0.000550 -0.000316 -0.000154 -0.000056 0.000004 0.000063 -0.000521 -0.000425 -0.000281 -0.000108 0.000058 0.000181 0.000232 0.000208 0.000131 0.000048 0.000005 0.000033 0.000138 0.000308 0.000518 0.000739 0.000941 0.001100 0.001196 0.001218 0.001172 0.001078 0.000965 0.000861 0.000778 0.000705 0.000617 0.000482 0.000276 -0.000013 -0.000384 -0.000824 -0.001308 -0.001797 -0.002253 -0.002646 -0.002968 -0.003236 -0.003481 -0.003730 -0.003989 -0.004231 -0.004418 -0.004523 -0.004551 -0.004531 -0.004485 -0.004415 -0.004294 -0.004085 -0.003763 -0.003338 -0.002847 -0.002347 -0.001889 -0.001505 -0.001204 -0.000979 -0.000813 -0.000697 -0.000624 -0.000590 -0.000580 -0.000567 -0.001225 -0.001178 -0.001076 -0.000932 -0.000772 -0.000627 -0.000520 -0.000460 -0.000425 -0.000381 -0.000292 -0.000140 0.000074 0.000328 0.000595 0.000846 0.001057 0.001205 0.001276 0.001265 0.001184 0.001062 0.000939 0.000845 0.000791 0.000757 0.000708 0.000607 0.000428 0.000161 -0.000191 -0.000612 -0.001078 -0.001555 -0.002006 -0.002407 -0.002749 -0.003048 -0.003327 -0.003599 -0.003858 -0.004071 -0.004207 -0.004261 -0.004255 -0.004221 -0.004172 -0.004093 -0.003944 -0.003686 -0.003309 -0.002842 -0.002344 -0.001881 -0.001503 -0.001237 -0.001081 -0.001016 -0.001008 -0.001032 -0.001072 -0.001122 -0.001177 -0.001219 -0.001943 -0.001953 -0.001897 -0.001783 -0.001631 -0.001464 -0.001306 -0.001163 -0.001022 -0.000858 -0.000650 -0.000392 -0.000097 0.000208 0.000498 0.000746 0.000934 0.001048 0.001077 0.001024 0.000910 0.000772 0.000653 0.000582 0.000560 0.000559 0.000537 0.000461 0.000311 0.000080 -0.000225 -0.000593 -0.001005 -0.001432 -0.001846 -0.002223 -0.002558 -0.002858 -0.003138 -0.003399 -0.003625 -0.003786 -0.003868 -0.003882 -0.003858 -0.003822 -0.003774 -0.003684 -0.003507 -0.003215 -0.002816 -0.002356 -0.001900 -0.001506 -0.001215 -0.001047 -0.001003 -0.001061 -0.001185 -0.001336 -0.001488 -0.001632 -0.001764 -0.001873 -0.002662 -0.002742 -0.002744 -0.002669 -0.002530 -0.002348 -0.002144 -0.001927 -0.001694 -0.001431 -0.001131 -0.000800 -0.000458 -0.000133 0.000152 0.000378 0.000531 0.000603 0.000590 0.000505 0.000374 0.000242 0.000148 0.000112 0.000121 0.000139 0.000128 0.000064 -0.000059 -0.000242 -0.000478 -0.000762 -0.001083 -0.001422 -0.001760 -0.002078 -0.002370 -0.002637 -0.002883 -0.003102 -0.003273 -0.003378 -0.003417 -0.003412 -0.003392 -0.003373 -0.003341 -0.003259 -0.003089 -0.002820 -0.002474 -0.002099 -0.001744 -0.001443 -0.001224 -0.001108 -0.001110 -0.001223 -0.001417 -0.001651 -0.001890 -0.002118 -0.002330 -0.002518 -0.003364 -0.003525 -0.003596 -0.003571 -0.003458 -0.003273 -0.003038 -0.002766 -0.002463 -0.002130 -0.001771 -0.001401 -0.001042 -0.000718 -0.000449 -0.000248 -0.000125 -0.000086 -0.000124 -0.000221 -0.000341 -0.000441 -0.000491 -0.000488 -0.000459 -0.000440 -0.000459 -0.000521 -0.000621 -0.000748 -0.000899 -0.001074 -0.001273 -0.001492 -0.001719 -0.001942 -0.002155 -0.002356 -0.002538 -0.002692 -0.002802 -0.002862 -0.002881 -0.002886 -0.002898 -0.002920 -0.002930 -0.002894 -0.002788 -0.002615 -0.002401 -0.002178 -0.001959 -0.001755 -0.001581 -0.001470 -0.001455 -0.001554 -0.001753 -0.002014 -0.002301 -0.002590 -0.002872 -0.003137 -0.004017 -0.004258 -0.004404 -0.004439 -0.004364 -0.004192 -0.003945 -0.003643 -0.003299 -0.002925 -0.002536 -0.002150 -0.001789 -0.001473 -0.001218 -0.001037 -0.000934 -0.000910 -0.000951 -0.001031 -0.001112 -0.001159 -0.001158 -0.001124 -0.001091 -0.001089 -0.001128 -0.001196 -0.001272 -0.001341 -0.001399 -0.001452 -0.001513 -0.001588 -0.001678 -0.001778 -0.001886 -0.001993 -0.002093 -0.002174 -0.002230 -0.002265 -0.002294 -0.002338 -0.002409 -0.002498 -0.002579 -0.002627 -0.002633 -0.002608 -0.002569 -0.002515 -0.002431 -0.002308 -0.002163 -0.002038 -0.001982 -0.002031 -0.002190 -0.002434 -0.002729 -0.003049 -0.003382 -0.003713 -0.004580 -0.004887 -0.005099 -0.005190 -0.005156 -0.005007 -0.004765 -0.004452 -0.004089 -0.003696 -0.003293 -0.002903 -0.002547 -0.002243 -0.002004 -0.001838 -0.001747 -0.001722 -0.001743 -0.001782 -0.001806 -0.001795 -0.001751 -0.001702 -0.001679 -0.001702 -0.001763 -0.001837 -0.001892 -0.001905 -0.001873 -0.001807 -0.001727 -0.001652 -0.001593 -0.001557 -0.001541 -0.001543 -0.001553 -0.001568 -0.001587 -0.001622 -0.001688 -0.001797 -0.001947 -0.002118 -0.002285 -0.002434 -0.002568 -0.002696 -0.002817 -0.002905 -0.002930 -0.002881 -0.002775 -0.002656 -0.002577 -0.002582 -0.002690 -0.002893 -0.003167 -0.003490 -0.003846 -0.004219 -0.005018 -0.005360 -0.005611 -0.005738 -0.005732 -0.005600 -0.005364 -0.005047 -0.004675 -0.004273 -0.003867 -0.003482 -0.003139 -0.002856 -0.002641 -0.002496 -0.002412 -0.002376 -0.002365 -0.002352 -0.002318 -0.002260 -0.002192 -0.002144 -0.002138 -0.002180 -0.002253 -0.002325 -0.002357 -0.002324 -0.002218 -0.002050 -0.001846 -0.001632 -0.001432 -0.001259 -0.001121 -0.001016 -0.000945 -0.000907 -0.000911 -0.000970 -0.001094 -0.001281 -0.001513 -0.001764 -0.002010 -0.002247 -0.002484 -0.002726 -0.002958 -0.003148 -0.003266 -0.003301 -0.003268 -0.003200 -0.003141 -0.003132 -0.003204 -0.003362 -0.003599 -0.003899 -0.004250 -0.004633 -0.005306 -0.005644 -0.005898 -0.006030 -0.006025 -0.005889 -0.005644 -0.005317 -0.004936 -0.004530 -0.004129 -0.003760 -0.003445 -0.003196 -0.003017 -0.002898 -0.002825 -0.002776 -0.002730 -0.002673 -0.002597 -0.002513 -0.002442 -0.002405 -0.002413 -0.002458 -0.002521 -0.002572 -0.002576 -0.002505 -0.002347 -0.002108 -0.001812 -0.001491 -0.001174 -0.000885 -0.000638 -0.000444 -0.000307 -0.000238 -0.000248 -0.000347 -0.000535 -0.000796 -0.001096 -0.001404 -0.001700 -0.001985 -0.002275 -0.002577 -0.002875 -0.003144 -0.003358 -0.003507 -0.003588 -0.003616 -0.003618 -0.003631 -0.003688 -0.003811 -0.004004 -0.004264 -0.004580 -0.004936 -0.005441 -0.005735 -0.005956 -0.006062 -0.006032 -0.005872 -0.005604 -0.005258 -0.004865 -0.004460 -0.004074 -0.003732 -0.003455 -0.003249 -0.003110 -0.003020 -0.002958 -0.002901 -0.002833 -0.002748 -0.002654 -0.002568 -0.002508 -0.002486 -0.002495 -0.002521 -0.002546 -0.002550 -0.002509 -0.002400 -0.002207 -0.001930 -0.001585 -0.001201 -0.000810 -0.000441 -0.000119 0.000137 0.000313 0.000392 0.000361 0.000218 -0.000026 -0.000338 -0.000676 -0.001003 -0.001304 -0.001591 -0.001886 -0.002205 -0.002544 -0.002889 -0.003218 -0.003506 -0.003734 -0.003891 -0.003987 -0.004049 -0.004115 -0.004214 -0.004364 -0.004570 -0.004827 -0.005125 -0.005435 -0.005653 -0.005813 -0.005872 -0.005807 -0.005617 -0.005326 -0.004965 -0.004569 -0.004175 -0.003811 -0.003504 -0.003266 -0.003100 -0.002995 -0.002928 -0.002877 -0.002818 -0.002741 -0.002649 -0.002557 -0.002484 -0.002442 -0.002427 -0.002423 -0.002409 -0.002370 -0.002298 -0.002186 -0.002025 -0.001801 -0.001508 -0.001152 -0.000754 -0.000340 0.000057 0.000409 0.000689 0.000873 0.000941 0.000884 0.000704 0.000429 0.000100 -0.000233 -0.000535 -0.000800 -0.001049 -0.001315 -0.001628 -0.002000 -0.002424 -0.002876 -0.003318 -0.003708 -0.004015 -0.004228 -0.004364 -0.004459 -0.004549 -0.004660 -0.004806 -0.004989 -0.005203 -0.005306 -0.005429 -0.005512 -0.005518 -0.005420 -0.005214 -0.004919 -0.004566 -0.004188 -0.003822 -0.003493 -0.003224 -0.003023 -0.002888 -0.002806 -0.002755 -0.002710 -0.002654 -0.002580 -0.002493 -0.002412 -0.002352 -0.002318 -0.002296 -0.002263 -0.002194 -0.002076 -0.001911 -0.001707 -0.001471 -0.001203 -0.000897 -0.000552 -0.000176 0.000212 0.000586 0.000919 0.001180 0.001342 0.001385 0.001302 0.001108 0.000835 0.000533 0.000248 0.000009 -0.000189 -0.000375 -0.000597 -0.000894 -0.001292 -0.001790 -0.002358 -0.002948 -0.003503 -0.003972 -0.004321 -0.004554 -0.004698 -0.004794 -0.004875 -0.004961 -0.005061 -0.005177 -0.005076 -0.005097 -0.005098 -0.005051 -0.004932 -0.004732 -0.004463 -0.004150 -0.003823 -0.003509 -0.003234 -0.003013 -0.002851 -0.002745 -0.002682 -0.002641 -0.002603 -0.002551 -0.002481 -0.002400 -0.002323 -0.002260 -0.002212 -0.002161 -0.002083 -0.001953 -0.001757 -0.001499 -0.001198 -0.000876 -0.000546 -0.000214 0.000122 0.000459 0.000792 0.001107 0.001380 0.001587 0.001705 0.001716 0.001621 0.001439 0.001208 0.000972 0.000770 0.000620 0.000507 0.000390 0.000218 -0.000061 -0.000476 -0.001030 -0.001693 -0.002411 -0.003118 -0.003748 -0.004246 -0.004594 -0.004808 -0.004929 -0.004992 -0.005024 -0.005042 -0.005057 -0.004768 -0.004688 -0.004610 -0.004517 -0.004388 -0.004213 -0.003997 -0.003756 -0.003510 -0.003279 -0.003081 -0.002926 -0.002817 -0.002751 -0.002714 -0.002689 -0.002659 -0.002611 -0.002540 -0.002452 -0.002358 -0.002264 -0.002171 -0.002067 -0.001930 -0.001738 -0.001476 -0.001146 -0.000766 -0.000365 0.000031 0.000402 0.000742 0.001050 0.001326 0.001568 0.001764 0.001903 0.001968 0.001953 0.001864 0.001724 0.001566 0.001425 0.001327 0.001276 0.001249 0.001200 0.001074 0.000817 0.000395 -0.000194 -0.000923 -0.001736 -0.002568 -0.003343 -0.003990 -0.004467 -0.004772 -0.004937 -0.004999 -0.004989 -0.004934 -0.004854 -0.004408 -0.004237 -0.004087 -0.003954 -0.003824 -0.003688 -0.003542 -0.003393 -0.003250 -0.003126 -0.003028 -0.002961 -0.002926 -0.002917 -0.002922 -0.002925 -0.002909 -0.002863 -0.002780 -0.002665 -0.002524 -0.002369 -0.002202 -0.002021 -0.001814 -0.001563 -0.001254 -0.000882 -0.000457 -0.000007 0.000439 0.000850 0.001208 0.001506 0.001744 0.001926 0.002055 0.002132 0.002156 0.002131 0.002071 0.001995 0.001930 0.001896 0.001905 0.001948 0.001999 0.002008 0.001921 0.001686 0.001269 0.000666 -0.000097 -0.000968 -0.001885 -0.002773 -0.003554 -0.004164 -0.004577 -0.004809 -0.004892 -0.004861 -0.004749 -0.004587 -0.004031 -0.003783 -0.003571 -0.003404 -0.003280 -0.003187 -0.003117 -0.003068 -0.003040 -0.003034 -0.003049 -0.003086 -0.003141 -0.003206 -0.003267 -0.003307 -0.003309 -0.003259 -0.003152 -0.002988 -0.002778 -0.002537 -0.002278 -0.002008 -0.001726 -0.001421 -0.001079 -0.000691 -0.000259 0.000202 0.000666 0.001100 0.001478 0.001783 0.002010 0.002163 0.002255 0.002298 0.002306 0.002295 0.002283 0.002285 0.002316 0.002384 0.002488 0.002611 0.002722 0.002775 0.002718 0.002501 0.002095 0.001497 0.000731 -0.000157 -0.001112 -0.002068 -0.002952 -0.003685 -0.004216 -0.004539 -0.004672 -0.004649 -0.004507 -0.004286 -0.003681 -0.003374 -0.003109 -0.002914 -0.002794 -0.002743 -0.002747 -0.002796 -0.002880 -0.002991 -0.003120 -0.003262 -0.003411 -0.003553 -0.003674 -0.003753 -0.003770 -0.003709 -0.003565 -0.003340 -0.003051 -0.002718 -0.002365 -0.002008 -0.001654 -0.001301 -0.000936 -0.000549 -0.000133 0.000307 0.000757 0.001189 0.001576 0.001895 0.002134 0.002293 0.002385 0.002432 0.002459 0.002487 0.002538 0.002621 0.002741 0.002895 0.003072 0.003253 0.003403 0.003479 0.003434 0.003227 0.002834 0.002255 0.001511 0.000644 -0.000300 -0.001272 -0.002211 -0.003039 -0.003687 -0.004121 -0.004339 -0.004364 -0.004231 -0.003985 -0.003386 -0.003046 -0.002742 -0.002521 -0.002403 -0.002385 -0.002453 -0.002589 -0.002773 -0.002987 -0.003218 -0.003454 -0.003684 -0.003895 -0.004067 -0.004175 -0.004198 -0.004120 -0.003935 -0.003651 -0.003289 -0.002878 -0.002447 -0.002019 -0.001607 -0.001213 -0.000831 -0.000449 -0.000058 0.000348 0.000765 0.001176 0.001561 0.001893 0.002158 0.002350 0.002480 0.002570 0.002647 0.002739 0.002862 0.003024 0.003220 0.003441 0.003669 0.003880 0.004041 0.004111 0.004053 0.003837 0.003451 0.002898 0.002200 0.001389 0.000501 -0.000432 -0.001369 -0.002249 -0.002993 -0.003543 -0.003877 -0.003996 -0.003923 -0.003701 -0.003141 -0.002807 -0.002487 -0.002245 -0.002122 -0.002125 -0.002242 -0.002447 -0.002713 -0.003012 -0.003324 -0.003633 -0.003925 -0.004184 -0.004388 -0.004512 -0.004532 -0.004433 -0.004212 -0.003883 -0.003470 -0.003008 -0.002527 -0.002055 -0.001605 -0.001185 -0.000790 -0.000413 -0.000041 0.000335 0.000719 0.001107 0.001484 0.001831 0.002132 0.002377 0.002573 0.002736 0.002893 0.003066 0.003270 0.003506 0.003765 0.004032 0.004285 0.004495 0.004629 0.004655 0.004551 0.004305 0.003918 0.003398 0.002764 0.002039 0.001246 0.000402 -0.000476 -0.001347 -0.002145 -0.002798 -0.003260 -0.003509 -0.003551 -0.003412 -0.002890 -0.002619 -0.002319 -0.002072 -0.001941 -0.001952 -0.002099 -0.002354 -0.002680 -0.003044 -0.003415 -0.003775 -0.004106 -0.004392 -0.004610 -0.004734 -0.004743 -0.004624 -0.004379 -0.004025 -0.003590 -0.003109 -0.002613 -0.002127 -0.001667 -0.001238 -0.000840 -0.000466 -0.000105 0.000255 0.000620 0.000995 0.001373 0.001742 0.002089 0.002403 0.002685 0.002944 0.003200 0.003467 0.003755 0.004059 0.004367 0.004657 0.004902 0.005070 0.005135 0.005080 0.004901 0.004608 0.004214 0.003735 0.003182 0.002566 0.001899 0.001183 0.000418 -0.000385 -0.001178 -0.001893 -0.002468 -0.002861 -0.003055 -0.003055 -0.002550 -0.002401 -0.002173 -0.001952 -0.001820 -0.001829 -0.001989 -0.002273 -0.002641 -0.003051 -0.003464 -0.003857 -0.004208 -0.004501 -0.004715 -0.004827 -0.004819 -0.004684 -0.004427 -0.004069 -0.003641 -0.003173 -0.002696 -0.002230 -0.001787 -0.001372 -0.000983 -0.000614 -0.000257 0.000099 0.000464 0.000844 0.001239 0.001642 0.002046 0.002439 0.002818 0.003185 0.003549 0.003914 0.004282 0.004643 0.004977 0.005258 0.005455 0.005540 0.005500 0.005336 0.005070 0.004727 0.004334 0.003907 0.003451 0.002963 0.002440 0.001877 0.001261 0.000580 -0.000146 -0.000865 -0.001511 -0.002029 -0.002383 -0.002555 -0.002048 -0.002069 -0.001965 -0.001811 -0.001699 -0.001705 -0.001861 -0.002156 -0.002549 -0.002989 -0.003433 -0.003845 -0.004203 -0.004489 -0.004685 -0.004775 -0.004747 -0.004598 -0.004341 -0.004000 -0.003603 -0.003180 -0.002754 -0.002339 -0.001940 -0.001558 -0.001190 -0.000831 -0.000474 -0.000110 0.000269 0.000669 0.001095 0.001544 0.002010 0.002485 0.002962 0.003435 0.003900 0.004354 0.004787 0.005180 0.005510 0.005744 0.005854 0.005825 0.005661 0.005386 0.005040 0.004663 0.004290 0.003933 0.003587 0.003237 0.002867 0.002466 0.002014 0.001490 0.000883 0.000223 -0.000436 -0.001033 -0.001521 -0.001866 -0.001354 -0.001564 -0.001624 -0.001580 -0.001516 -0.001524 -0.001666 -0.001953 -0.002352 -0.002811 -0.003274 -0.003699 -0.004056 -0.004325 -0.004494 -0.004554 -0.004502 -0.004345 -0.004100 -0.003793 -0.003451 -0.003100 -0.002753 -0.002414 -0.002082 -0.001751 -0.001414 -0.001068 -0.000709 -0.000330 0.000073 0.000506 0.000971 0.001470 0.001998 0.002547 0.003107 0.003665 0.004210 0.004725 0.005191 0.005582 0.005869 0.006021 0.006019 0.005865 0.005584 0.005220 0.004825 0.004446 0.004118 0.003847 0.003620 0.003409 0.003188 0.002943 0.002654 0.002295 0.001840 0.001290 0.000679 0.000062 -0.000511 -0.000995 -0.000496 -0.000878 -0.001114 -0.001210 -0.001223 -0.001246 -0.001367 -0.001626 -0.002010 -0.002470 -0.002943 -0.003374 -0.003725 -0.003974 -0.004112 -0.004141 -0.004069 -0.003912 -0.003692 -0.003436 -0.003169 -0.002909 -0.002659 -0.002417 -0.002169 -0.001903 -0.001610 -0.001284 -0.000924 -0.000526 -0.000091 0.000383 0.000895 0.001445 0.002026 0.002630 0.003246 0.003855 0.004438 0.004972 0.005428 0.005775 0.005983 0.006030 0.005912 0.005649 0.005284 0.004872 0.004470 0.004126 0.003867 0.003694 0.003583 0.003501 0.003417 0.003311 0.003168 0.002966 0.002671 0.002262 0.001748 0.001169 0.000571 0.000001 0.000461 -0.000051 -0.000444 -0.000687 -0.000798 -0.000853 -0.000950 -0.001163 -0.001505 -0.001942 -0.002409 -0.002840 -0.003183 -0.003414 -0.003527 -0.003533 -0.003453 -0.003310 -0.003130 -0.002940 -0.002758 -0.002596 -0.002453 -0.002315 -0.002164 -0.001978 -0.001745 -0.001455 -0.001104 -0.000694 -0.000227 0.000289 0.000850 0.001447 0.002071 0.002710 0.003349 0.003969 0.004545 0.005049 0.005449 0.005716 0.005824 0.005764 0.005549 0.005215 0.004813 0.004403 0.004037 0.003758 0.003584 0.003508 0.003503 0.003531 0.003562 0.003574 0.003556 0.003489 0.003342 0.003082 0.002696 0.002201 0.001634 0.001039 0.001433 0.000850 0.000344 -0.000029 -0.000246 -0.000348 -0.000427 -0.000579 -0.000853 -0.001238 -0.001676 -0.002095 -0.002432 -0.002654 -0.002758 -0.002761 -0.002693 -0.002582 -0.002456 -0.002338 -0.002242 -0.002177 -0.002135 -0.002102 -0.002052 -0.001960 -0.001805 -0.001573 -0.001255 -0.000852 -0.000372 0.000175 0.000773 0.001405 0.002056 0.002709 0.003344 0.003939 0.004469 0.004907 0.005223 0.005393 0.005404 0.005261 0.004990 0.004636 0.004250 0.003885 0.003589 0.003391 0.003304 0.003314 0.003392 0.003505 0.003624 0.003731 0.003813 0.003858 0.003838 0.003718 0.003470 0.003090 0.002598 0.002032 0.002342 0.001748 0.001183 0.000718 0.000404 0.000245 0.000171 0.000082 -0.000104 -0.000408 -0.000791 -0.001183 -0.001514 -0.001741 -0.001859 -0.001886 -0.001854 -0.001794 -0.001732 -0.001685 -0.001668 -0.001685 -0.001732 -0.001791 -0.001839 -0.001846 -0.001784 -0.001631 -0.001374 -0.001010 -0.000547 -0.000000 0.000607 0.001249 0.001902 0.002543 0.003148 0.003695 0.004160 0.004518 0.004748 0.004836 0.004780 0.004598 0.004323 0.003999 0.003671 0.003383 0.003172 0.003060 0.003049 0.003122 0.003256 0.003423 0.003602 0.003776 0.003936 0.004070 0.004155 0.004157 0.004040 0.003787 0.003402 0.002908 0.003125 0.002573 0.002007 0.001496 0.001111 0.000891 0.000805 0.000764 0.000670 0.000467 0.000163 -0.000185 -0.000506 -0.000752 -0.000907 -0.000984 -0.001012 -0.001017 -0.001021 -0.001040 -0.001087 -0.001168 -0.001281 -0.001414 -0.001544 -0.001642 -0.001675 -0.001614 -0.001439 -0.001142 -0.000729 -0.000219 0.000359 0.000975 0.001597 0.002196 0.002749 0.003234 0.003629 0.003916 0.004082 0.004122 0.004046 0.003876 0.003644 0.003387 0.003143 0.002946 0.002822 0.002785 0.002831 0.002943 0.003102 0.003290 0.003496 0.003709 0.003921 0.004122 0.004289 0.004393 0.004396 0.004270 0.004005 0.003615 0.003742 0.003273 0.002755 0.002247 0.001824 0.001551 0.001435 0.001416 0.001395 0.001292 0.001081 0.000793 0.000489 0.000221 0.000016 -0.000129 -0.000229 -0.000305 -0.000372 -0.000447 -0.000542 -0.000667 -0.000824 -0.001005 -0.001193 -0.001360 -0.001475 -0.001501 -0.001414 -0.001200 -0.000862 -0.000419 0.000098 0.000654 0.001213 0.001746 0.002228 0.002642 0.002972 0.003206 0.003338 0.003370 0.003316 0.003196 0.003036 0.002866 0.002713 0.002605 0.002560 0.002581 0.002663 0.002788 0.002944 0.003123 0.003321 0.003540 0.003775 0.004016 0.004244 0.004430 0.004536 0.004530 0.004393 0.004125 0.004175 0.003817 0.003384 0.002920 0.002495 0.002183 0.002027 0.001999 0.002019 0.001994 0.001871 0.001650 0.001373 0.001090 0.000837 0.000625 0.000454 0.000314 0.000193 0.000076 -0.000053 -0.000204 -0.000383 -0.000586 -0.000803 -0.001011 -0.001180 -0.001277 -0.001270 -0.001143 -0.000893 -0.000536 -0.000103 0.000370 0.000848 0.001301 0.001706 0.002050 0.002325 0.002523 0.002647 0.002699 0.002692 0.002640 0.002562 0.002479 0.002411 0.002380 0.002397 0.002459 0.002558 0.002677 0.002808 0.002949 0.003110 0.003299 0.003523 0.003775 0.004038 0.004283 0.004476 0.004579 0.004567 0.004431 0.004431 0.004199 0.003872 0.003480 0.003081 0.002750 0.002550 0.002489 0.002510 0.002527 0.002470 0.002312 0.002071 0.001789 0.001504 0.001245 0.001022 0.000838 0.000680 0.000534 0.000384 0.000220 0.000036 -0.000166 -0.000383 -0.000600 -0.000794 -0.000935 -0.000994 -0.000948 -0.000792 -0.000534 -0.000198 0.000184 0.000575 0.000947 0.001280 0.001565 0.001797 0.001977 0.002108 0.002193 0.002239 0.002256 0.002253 0.002245 0.002248 0.002278 0.002339 0.002426 0.002528 0.002630 0.002722 0.002809 0.002908 0.003039 0.003219 0.003448 0.003716 0.003996 0.004254 0.004451 0.004557 0.004552 0.004537 0.004431 0.004215 0.003908 0.003553 0.003220 0.002980 0.002868 0.002857 0.002879 0.002857 0.002748 0.002548 0.002285 0.001999 0.001724 0.001483 0.001281 0.001109 0.000950 0.000791 0.000624 0.000449 0.000264 0.000070 -0.000127 -0.000316 -0.000474 -0.000578 -0.000606 -0.000543 -0.000390 -0.000158 0.000126 0.000430 0.000729 0.001001 0.001241 0.001445 0.001618 0.001763 0.001883 0.001978 0.002052 0.002110 0.002162 0.002220 0.002293 0.002383 0.002485 0.002584 0.002664 0.002715 0.002743 0.002770 0.002825 0.002935 0.003114 0.003358 0.003644 0.003941 0.004210 0.004416 0.004530 0.004538 0.004540 0.004424 0.004198 0.003893 0.003566 0.003293 0.003125 0.003061 0.003055 0.003040 0.002963 0.002805 0.002582 0.002326 0.002075 0.001854 0.001667 0.001504 0.001350 0.001194 0.001036 0.000878 0.000723 0.000568 0.000411 0.000253 0.000103 -0.000023 -0.000108 -0.000131 -0.000082 0.000040 0.000220 0.000437 0.000664 0.000884 0.001087 0.001273 0.001445 0.001606 0.001754 0.001889 0.002009 0.002115 0.002213 0.002310 0.002414 0.002525 0.002636 0.002731 0.002794 0.002810 0.002786 0.002742 0.002718 0.002749 0.002860 0.003056 0.003323 0.003631 0.003942 0.004218 0.004425 0.004484 0.004561 0.004520 0.004357 0.004093 0.003777 0.003476 0.003252 0.003127 0.003075 0.003045 0.002987 0.002873 0.002706 0.002512 0.002322 0.002155 0.002013 0.001883 0.001752 0.001615 0.001478 0.001347 0.001228 0.001120 0.001016 0.000907 0.000789 0.000663 0.000543 0.000448 0.000399 0.000411 0.000484 0.000606 0.000759 0.000924 0.001090 0.001258 0.001426 0.001597 0.001767 0.001932 0.002087 0.002231 0.002366 0.002496 0.002627 0.002756 0.002876 0.002972 0.003025 0.003018 0.002953 0.002852 0.002756 0.002711 0.002751 0.002889 0.003117 0.003409 0.003730 0.004040 0.004302 0.004411 0.004523 0.004520 0.004394 0.004156 0.003845 0.003522 0.003249 0.003063 0.002960 0.002907 0.002862 0.002794 0.002698 0.002589 0.002485 0.002397 0.002321 0.002244 0.002157 0.002058 0.001956 0.001862 0.001786 0.001728 0.001681 0.001629 0.001555 0.001450 0.001316 0.001170 0.001037 0.000944 0.000909 0.000932 0.001002 0.001103 0.001225 0.001364 0.001519 0.001690 0.001872 0.002058 0.002241 0.002417 0.002587 0.002752 0.002912 0.003065 0.003199 0.003301 0.003348 0.003325 0.003231 0.003087 0.002936 0.002828 0.002804 0.002884 0.003064 0.003321 0.003622 0.003929 0.004203 0.004330 0.004438 0.004438 0.004320 0.004089 0.003776 0.003434 0.003121 0.002884 0.002737 0.002662 0.002630 0.002612 0.002595 0.002581 0.002576 0.002580 0.002583 0.002574 0.002546 0.002502 0.002451 0.002406 0.002378 0.002372 0.002380 0.002383 0.002358 0.002283 0.002151 0.001972 0.001773 0.001589 0.001451 0.001375 0.001359 0.001390 0.001457 0.001556 0.001684 0.001841 0.002022 0.002219 0.002425 0.002633 0.002841 0.003046 0.003245 0.003428 0.003583 0.003691 0.003733 0.003695 0.003577 0.003402 0.003212 0.003058 0.002983 0.003011 0.003141 0.003352 0.003613 0.003886 0.004136 0.004220 0.004295 0.004272 0.004139 0.003901 0.003581 0.003224 0.002884 0.002611 0.002432 0.002346 0.002332 0.002365 0.002426 0.002505 0.002597 0.002691 0.002777 0.002843 0.002885 0.002906 0.002916 0.002930 0.002959 0.003006 0.003066 0.003117 0.003134 0.003088 0.002964 0.002766 0.002518 0.002261 0.002037 0.001871 0.001773 0.001734 0.001743 0.001793 0.001883 0.002013 0.002180 0.002378 0.002600 0.002839 0.003088 0.003340 0.003584 0.003805 0.003980 0.004090 0.004118 0.004057 0.003915 0.003717 0.003501 0.003318 0.003208 0.003194 0.003276 0.003435 0.003642 0.003864 0.004067 0.004038 0.004068 0.004010 0.003853 0.003603 0.003277 0.002913 0.002561 0.002271 0.002077 0.001991 0.001999 0.002080 0.002210 0.002371 0.002547 0.002724 0.002887 0.003025 0.003133 0.003218 0.003293 0.003372 0.003463 0.003567 0.003675 0.003766 0.003812 0.003784 0.003665 0.003454 0.003173 0.002866 0.002577 0.002343 0.002177 0.002076 0.002030 0.002029 0.002075 0.002170 0.002313 0.002503 0.002734 0.002998 0.003287 0.003585 0.003874 0.004125 0.004312 0.004411 0.004412 0.004319 0.004150 0.003933 0.003707 0.003512 0.003382 0.003335 0.003372 0.003478 0.003627 0.003790 0.003937 0.003735 0.003725 0.003636 0.003462 0.003206 0.002886 0.002530 0.002183 0.001895 0.001705 0.001629 0.001663 0.001786 0.001972 0.002199 0.002445 0.002690 0.002914 0.003104 0.003261 0.003398 0.003532 0.003674 0.003829 0.003990 0.004141 0.004259 0.004319 0.004295 0.004172 0.003949 0.003651 0.003317 0.002993 0.002718 0.002508 0.002361 0.002269 0.002224 0.002226 0.002281 0.002394 0.002566 0.002797 0.003077 0.003394 0.003725 0.004040 0.004302 0.004478 0.004547 0.004507 0.004376 0.004181 0.003957 0.003736 0.003547 0.003412 0.003343 0.003340 0.003394 0.003485 0.003589 0.003682 0.003277 0.003243 0.003143 0.002970 0.002729 0.002433 0.002107 0.001787 0.001522 0.001352 0.001299 0.001361 0.001521 0.001753 0.002031 0.002328 0.002615 0.002870 0.003082 0.003263 0.003434 0.003614 0.003812 0.004023 0.004230 0.004411 0.004542 0.004599 0.004564 0.004427 0.004196 0.003894 0.003559 0.003233 0.002948 0.002720 0.002548 0.002424 0.002342 0.002305 0.002320 0.002398 0.002545 0.002763 0.003043 0.003366 0.003701 0.004008 0.004245 0.004380 0.004397 0.004307 0.004140 0.003931 0.003716 0.003518 0.003353 0.003229 0.003149 0.003115 0.003122 0.003160 0.003212 0.003260 0.002657 0.002621 0.002534 0.002391 0.002194 0.001952 0.001681 0.001415 0.001197 0.001067 0.001049 0.001145 0.001341 0.001610 0.001923 0.002243 0.002536 0.002782 0.002984 0.003164 0.003351 0.003563 0.003800 0.004048 0.004279 0.004467 0.004588 0.004624 0.004565 0.004412 0.004178 0.003889 0.003579 0.003280 0.003015 0.002794 0.002614 0.002470 0.002359 0.002286 0.002264 0.002305 0.002419 0.002609 0.002864 0.003160 0.003458 0.003713 0.003885 0.003947 0.003898 0.003760 0.003569 0.003366 0.003181 0.003025 0.002900 0.002799 0.002721 0.002667 0.002637 0.002631 0.002643 0.002658 0.001896 0.001878 0.001831 0.001749 0.001630 0.001473 0.001290 0.001107 0.000962 0.000895 0.000929 0.001070 0.001301 0.001596 0.001916 0.002221 0.002480 0.002684 0.002852 0.003017 0.003207 0.003434 0.003688 0.003941 0.004164 0.004329 0.004415 0.004413 0.004322 0.004153 0.003925 0.003666 0.003401 0.003151 0.002926 0.002726 0.002548 0.002391 0.002255 0.002150 0.002091 0.002091 0.002164 0.002307 0.002509 0.002739 0.002957 0.003120 0.003194 0.003168 0.003052 0.002877 0.002685 0.002510 0.002374 0.002275 0.002200 0.002134 0.002069 0.002007 0.001954 0.001918 0.001901 0.001898 0.001040 0.001057 0.001072 0.001077 0.001063 0.001023 0.000960 0.000892 0.000850 0.000869 0.000973 0.001163 0.001424 0.001722 0.002016 0.002269 0.002463 0.002609 0.002738 0.002884 0.003069 0.003292 0.003531 0.003756 0.003935 0.004046 0.004076 0.004024 0.003900 0.003720 0.003508 0.003289 0.003080 0.002885 0.002702 0.002524 0.002349 0.002176 0.002015 0.001878 0.001779 0.001735 0.001754 0.001832 0.001953 0.002087 0.002194 0.002240 0.002207 0.002095 0.001926 0.001737 0.001564 0.001437 0.001361 0.001326 0.001307 0.001284 0.001245 0.001190 0.001130 0.001077 0.001044 0.001033 0.000161 0.000218 0.000304 0.000408 0.000517 0.000616 0.000698 0.000769 0.000853 0.000978 0.001161 0.001400 0.001674 0.001949 0.002188 0.002368 0.002492 0.002585 0.002682 0.002813 0.002984 0.003181 0.003377 0.003542 0.003650 0.003687 0.003650 0.003546 0.003390 0.003205 0.003014 0.002835 0.002673 0.002522 0.002368 0.002199 0.002014 0.001819 0.001628 0.001455 0.001315 0.001219 0.001174 0.001172 0.001197 0.001219 0.001208 0.001142 0.001013 0.000834 0.000636 0.000454 0.000318 0.000247 0.000238 0.000268 0.000309 0.000336 0.000334 0.000303 0.000251 0.000195 0.000153 0.000140 -0.000655 -0.000567 -0.000420 -0.000222 0.000008 0.000248 0.000481 0.000703 0.000924 0.001160 0.001420 0.001696 0.001966 0.002200 0.002376 0.002490 0.002561 0.002623 0.002706 0.002824 0.002970 0.003122 0.003253 0.003337 0.003361 0.003320 0.003218 0.003067 0.002885 0.002696 0.002519 0.002365 0.002228 0.002093 0.001940 0.001757 0.001547 0.001321 0.001094 0.000882 0.000697 0.000546 0.000432 0.000348 0.000278 0.000198 0.000086 -0.000071 -0.000269 -0.000486 -0.000691 -0.000849 -0.000938 -0.000949 -0.000893 -0.000797 -0.000693 -0.000608 -0.000560 -0.000553 -0.000581 -0.000627 -0.000669 -0.000685 -0.001315 -0.001218 -0.001036 -0.000775 -0.000452 -0.000094 0.000272 0.000630 0.000977 0.001314 0.001639 0.001940 0.002198 0.002396 0.002528 0.002608 0.002663 0.002722 0.002803 0.002906 0.003016 0.003108 0.003161 0.003160 0.003103 0.002992 0.002836 0.002647 0.002444 0.002245 0.002066 0.001910 0.001765 0.001612 0.001431 0.001213 0.000965 0.000701 0.000435 0.000182 -0.000050 -0.000255 -0.000432 -0.000585 -0.000729 -0.000883 -0.001066 -0.001283 -0.001521 -0.001751 -0.001942 -0.002064 -0.002099 -0.002048 -0.001926 -0.001764 -0.001594 -0.001445 -0.001336 -0.001277 -0.001264 -0.001287 -0.001322 -0.001342 -0.001727 -0.001646 -0.001470 -0.001194 -0.000831 -0.000408 0.000045 0.000500 0.000939 0.001352 0.001726 0.002048 0.002307 0.002497 0.002626 0.002715 0.002788 0.002863 0.002945 0.003027 0.003088 0.003111 0.003083 0.003004 0.002878 0.002715 0.002520 0.002303 0.002078 0.001859 0.001656 0.001469 0.001285 0.001086 0.000856 0.000591 0.000300 -0.000006 -0.000310 -0.000604 -0.000879 -0.001129 -0.001351 -0.001548 -0.001735 -0.001932 -0.002156 -0.002403 -0.002652 -0.002871 -0.003028 -0.003100 -0.003074 -0.002957 -0.002769 -0.002540 -0.002303 -0.002087 -0.001912 -0.001789 -0.001722 -0.001704 -0.001720 -0.001740
SCALARS v float 1
LOOKUP_TABLE default
0.000426 0.001254 0.002179 0.003157 0.004124 0.005016 0.005776 0.006362 0.006747 0.006910 0.006844 0.006552 0.006055 0.005385 0.004583 0.003689 0.002744 0.001787 0.000865 0.000033 -0.000655 -0.001162 -0.001471 -0.001588 -0.001532 -0.001340 -0.001064 -0.000782 -0.000581 -0.000539 -0.000691 -0.001003 -0.001374 -0.001674 -0.001804 -0.001739 -0.001535 -0.001299 -0.001139 -0.001128 -0.001295 -0.001623 -0.002059 -0.002529 -0.002946 -0.003240 -0.003383 -0.003384 -0.003276 -0.003099 -0.002895 -0.002702 -0.002555 -0.002474 -0.002458 -0.002483 -0.002509 -0.002489 -0.002382 -0.002166 -0.001840 -0.001415 -0.000899 -0.000289 0.000411 0.001183 0.002019 0.002895 0.003766 0.004583 0.005298 0.005870 0.006267 0.006465 0.006451 0.006220 0.005785 0.005170 0.004411 0.003551 0.002633 0.001705 0.000821 0.000037 -0.000594 -0.001046 -0.001313 -0.001402 -0.001329 -0.001120 -0.000828 -0.000529 -0.000316 -0.000270 -0.000422 -0.000732 -0.001093 -0.001374 -0.001480 -0.001394 -0.001177 -0.000938 -0.000785 -0.000793 -0.000990 -0.001357 -0.001831 -0.002322 -0.002736 -0.003013 -0.003144 -0.003156 -0.003091 -0.002987 -0.002875 -0.002784 -0.002733 -0.002730 -0.002765 -0.002812 -0.002831 -0.002782 -0.002631 -0.002361 -0.001974 -0.001487 -0.000922 -0.000289 0.000399 0.001144 0.001918 0.002709 0.003490 0.004226 0.004882 0.005420 0.005810 0.006024 0.006043 0.005858 0.005473 0.004910 0.004203 0.003394 0.002528 0.001655 0.000831 0.000113 -0.000456 -0.000859 -0.001098 -0.001180 -0.001106 -0.000891 -0.000581 -0.000257 -0.000021 0.000041 -0.000103 -0.000409 -0.000763 -0.001031 -0.001119 -0.001015 -0.000787 -0.000546 -0.000404 -0.000440 -0.000682 -0.001102 -0.001620 -0.002131 -0.002541 -0.002808 -0.002943 -0.002987 -0.002981 -0.002959 -0.002944 -0.002952 -0.002991 -0.003058 -0.003136 -0.003198 -0.003207 -0.003129 -0.002936 -0.002614 -0.002168 -0.001617 -0.000991 -0.000314 0.000370 0.001115 0.001855 0.002583 0.003289 0.003951 0.004544 0.005039 0.005406 0.005619 0.005654 0.005500 0.005159 0.004651 0.004007 0.003267 0.002472 0.001672 0.000922 0.000276 -0.000234 -0.000604 -0.000839 -0.000934 -0.000874 -0.000658 -0.000328 0.000027 0.000296 0.000380 0.000247 -0.000055 -0.000404 -0.000662 -0.000733 -0.000611 -0.000370 -0.000129 -0.000007 -0.000086 -0.000390 -0.000875 -0.001440 -0.001970 -0.002382 -0.002655 -0.002816 -0.002909 -0.002974 -0.003038 -0.003116 -0.003215 -0.003332 -0.003456 -0.003566 -0.003633 -0.003626 -0.003515 -0.003278 -0.002906 -0.002404 -0.001793 -0.001106 -0.000376 0.000320 0.001083 0.001808 0.002493 0.003137 0.003734 0.004269 0.004721 0.005064 0.005271 0.005319 0.005196 0.004902 0.004456 0.003886 0.003225 0.002509 0.001787 0.001114 0.000535 0.000069 -0.000290 -0.000545 -0.000674 -0.000639 -0.000427 -0.000077 0.000313 0.000615 0.000724 0.000601 0.000303 -0.000041 -0.000285 -0.000334 -0.000189 0.000067 0.000303 0.000392 0.000251 -0.000130 -0.000686 -0.001299 -0.001854 -0.002285 -0.002587 -0.002794 -0.002951 -0.003092 -0.003238 -0.003398 -0.003573 -0.003753 -0.003918 -0.004046 -0.004108 -0.004077 -0.003927 -0.003644 -0.003221 -0.002665 -0.001998 -0.001252 -0.000466 0.000258 0.001051 0.001777 0.002431 0.003022 0.003557 0.004037 0.004451 0.004778 0.004991 0.005065 0.004986 0.004753 0.004379 0.003888 0.003305 0.002665 0.002016 0.001412 0.000888 0.000445 0.000071 -0.000227 -0.000404 -0.000404 -0.000201 0.000165 0.000583 0.000914 0.001042 0.000930 0.000640 0.000310 0.000091 0.000072 0.000245 0.000513 0.000734 0.000774 0.000556 0.000088 -0.000543 -0.001210 -0.001804 -0.002274 -0.002627 -0.002897 -0.003123 -0.003336 -0.003553 -0.003781 -0.004014 -0.004237 -0.004426 -0.004557 -0.004604 -0.004542 -0.004353 -0.004026 -0.003556 -0.002951 -0.002229 -0.001424 -0.000579 0.000176 0.001021 0.001771 0.002413 0.002960 0.003433 0.003853 0.004228 0.004545 0.004780 0.004901 0.004888 0.004732 0.004439 0.004025 0.003513 0.002939 0.002355 0.001809 0.001320 0.000875 0.000463 0.000107 -0.000129 -0.000170 0.000016 0.000386 0.000821 0.001171 0.001315 0.001217 0.000945 0.000643 0.000461 0.000480 0.000682 0.000956 0.001147 0.001122 0.000816 0.000255 -0.000456 -0.001185 -0.001835 -0.002365 -0.002784 -0.003121 -0.003413 -0.003689 -0.003963 -0.004240 -0.004511 -0.004755 -0.004950 -0.005069 -0.005090 -0.004997 -0.004775 -0.004417 -0.003917 -0.003275 -0.002506 -0.001641 -0.000728 0.000041 0.000972 0.001782 0.002445 0.002970 0.003390 0.003750 0.004079 0.004386 0.004648 0.004831 0.004899 0.004831 0.004622 0.004281 0.003830 0.003313 0.002782 0.002277 0.001801 0.001333 0.000868 0.000446 0.000151 0.000063 0.000221 0.000579 0.001014 0.001373 0.001531 0.001455 0.001217 0.000958 0.000823 0.000886 0.001112 0.001379 0.001527 0.001424 0.001020 0.000363 -0.000431 -0.001234 -0.001955 -0.002556 -0.003043 -0.003443 -0.003791 -0.004114 -0.004430 -0.004738 -0.005026 -0.005273 -0.005453 -0.005546 -0.005535 -0.005412 -0.005172 -0.004806 -0.004303 -0.003655 -0.002861 -0.001945 -0.000955 -0.000198 0.000855 0.001775 0.002509 0.003054 0.003448 0.003756 0.004039 0.004329 0.004616 0.004860 0.005011 0.005030 0.004898 0.004619 0.004220 0.003751 0.003263 0.002781 0.002295 0.001787 0.001264 0.000783 0.000433 0.000297 0.000413 0.000740 0.001159 0.001517 0.001693 0.001652 0.001462 0.001259 0.001179 0.001281 0.001522 0.001768 0.001857 0.001666 0.001162 0.000408 -0.000474 -0.001357 -0.002152 -0.002821 -0.003366 -0.003816 -0.004206 -0.004565 -0.004908 -0.005233 -0.005525 -0.005758 -0.005911 -0.005968 -0.005921 -0.005773 -0.005525 -0.005174 -0.004703 -0.004085 -0.003304 -0.002362 -0.001302 -0.000571 0.000626 0.001699 0.002561 0.003182 0.003594 0.003879 0.004126 0.004398 0.004702 0.004995 0.005214 0.005303 0.005231 0.005000 0.004643 0.004214 0.003754 0.003275 0.002763 0.002208 0.001635 0.001109 0.000715 0.000532 0.000597 0.000877 0.001265 0.001617 0.001815 0.001819 0.001690 0.001552 0.001525 0.001659 0.001900 0.002109 0.002127 0.001843 0.001239 0.000389 -0.000578 -0.001535 -0.002393 -0.003113 -0.003700 -0.004185 -0.004606 -0.004994 -0.005360 -0.005697 -0.005986 -0.006202 -0.006323 -0.006341 -0.006258 -0.006087 -0.005840 -0.005516 -0.005095 -0.004539 -0.003807 -0.002878 -0.001776 -0.001056 0.000275 0.001520 0.002554 0.003308 0.003794 0.004099 0.004336 0.004597 0.004910 0.005233 0.005495 0.005626 0.005589 0.005389 0.005064 0.004662 0.004214 0.003720 0.003169 0.002570 0.001963 0.001413 0.000993 0.000771 0.000782 0.001005 0.001352 0.001693 0.001916 0.001975 0.001914 0.001841 0.001861 0.002014 0.002238 0.002395 0.002333 0.001954 0.001255 0.000319 -0.000720 -0.001732 -0.002628 -0.003375 -0.003985 -0.004497 -0.004949 -0.005370 -0.005763 -0.006118 -0.006410 -0.006614 -0.006712 -0.006700 -0.006587 -0.006395 -0.006143 -0.005839 -0.005465 -0.004976 -0.004314 -0.003434 -0.002329 -0.001585 -0.000159 0.001245 0.002465 0.003391 0.004003 0.004376 0.004638 0.004906 0.005225 0.005560 0.005834 0.005974 0.005944 0.005755 0.005446 0.005057 0.004604 0.004082 0.003490 0.002857 0.002234 0.001683 0.001259 0.001014 0.000978 0.001142 0.001443 0.001771 0.002021 0.002137 0.002145 0.002133 0.002190 0.002345 0.002536 0.002628 0.002480 0.002010 0.001225 0.000222 -0.000861 -0.001896 -0.002802 -0.003556 -0.004183 -0.004725 -0.005219 -0.005683 -0.006116 -0.006501 -0.006811 -0.007022 -0.007117 -0.007092 -0.006960 -0.006745 -0.006475 -0.006166 -0.005809 -0.005364 -0.004767 -0.003952 -0.002882 -0.002082 -0.000609 0.000912 0.002302 0.003412 0.004183 0.004667 0.004992 0.005287 0.005614 0.005943 0.006201 0.006317 0.006267 0.006068 0.005759 0.005368 0.004898 0.004343 0.003717 0.003064 0.002442 0.001908 0.001501 0.001253 0.001185 0.001301 0.001560 0.001876 0.002151 0.002323 0.002398 0.002439 0.002519 0.002660 0.002801 0.002817 0.002582 0.002028 0.001179 0.000138 -0.000956 -0.001983 -0.002877 -0.003633 -0.004286 -0.004874 -0.005424 -0.005945 -0.006430 -0.006859 -0.007208 -0.007451 -0.007568 -0.007551 -0.007410 -0.007169 -0.006861 -0.006513 -0.006132 -0.005691 -0.005130 -0.004374 -0.003361 -0.002492 -0.001017 0.000573 0.002095 0.003374 0.004314 0.004935 0.005353 0.005696 0.006033 0.006343 0.006559 0.006625 0.006530 0.006302 0.005977 0.005571 0.005081 0.004501 0.003854 0.003195 0.002590 0.002086 0.001710 0.001476 0.001398 0.001485 0.001714 0.002024 0.002326 0.002552 0.002687 0.002770 0.002859 0.002970 0.003047 0.002981 0.002662 0.002041 0.001152 0.000105 -0.000968 -0.001966 -0.002846 -0.003620 -0.004318 -0.004970 -0.005587 -0.006171 -0.006715 -0.007203 -0.007610 -0.007909 -0.008070 -0.008079 -0.007937 -0.007667 -0.007304 -0.006888 -0.006443 -0.005962 -0.005400 -0.004681 -0.003725 -0.002799 -0.001353 0.000262 0.001873 0.003290 0.004388 0.005156 0.005683 0.006088 0.006436 0.006715 0.006870 0.006866 0.006708 0.006434 0.006081 0.005658 0.005154 0.004565 0.003917 0.003270 0.002691 0.002223 0.001883 0.001673 0.001602 0.001682 0.001903 0.002220 0.002556 0.002835 0.003023 0.003139 0.003225 0.003292 0.003296 0.003145 0.002750 0.002079 0.001179 0.000154 -0.000881 -0.001852 -0.002738 -0.003554 -0.004319 -0.005041 -0.005724 -0.006367 -0.006973 -0.007530 -0.008014 -0.008386 -0.008607 -0.008650 -0.008511 -0.008208 -0.007782 -0.007280 -0.006745 -0.006191 -0.005594 -0.004887 -0.003978 -0.003015 -0.001612 -0.000002 0.001658 0.003177 0.004410 0.005316 0.005954 0.006422 0.006779 0.007018 0.007100 0.007012 0.006780 0.006453 0.006068 0.005632 0.005130 0.004555 0.003931 0.003314 0.002768 0.002333 0.002023 0.001837 0.001782 0.001873 0.002111 0.002457 0.002838 0.003173 0.003412 0.003554 0.003626 0.003641 0.003567 0.003333 0.002872 0.002171 0.001280 0.000290 -0.000710 -0.001675 -0.002597 -0.003480 -0.004319 -0.005105 -0.005840 -0.006536 -0.007206 -0.007843 -0.008414 -0.008868 -0.009151 -0.009225 -0.009081 -0.008742 -0.008250 -0.007661 -0.007030 -0.006390 -0.005737 -0.005019 -0.004141 -0.003162 -0.001807 -0.000219 0.001461 0.003047 0.004384 0.005407 0.006145 0.006669 0.007027 0.007217 0.007221 0.007047 0.006740 0.006362 0.005952 0.005516 0.005037 0.004500 0.003922 0.003352 0.002844 0.002435 0.002141 0.001965 0.001925 0.002041 0.002317 0.002714 0.003157 0.003557 0.003847 0.004010 0.004065 0.004025 0.003873 0.003562 0.003049 0.002331 0.001458 0.000499 -0.000489 -0.001482 -0.002468 -0.003428 -0.004332 -0.005165 -0.005938 -0.006684 -0.007426 -0.008156 -0.008823 -0.009354 -0.009681 -0.009763 -0.009596 -0.009208 -0.008652 -0.007986 -0.007270 -0.006550 -0.005840 -0.005101 -0.004242 -0.003257 -0.001950 -0.000395 0.001283 0.002907 0.004317 0.005429 0.006244 0.006808 0.007156 0.007291 0.007217 0.006963 0.006594 0.006178 0.005759 0.005343 0.004908 0.004432 0.003920 0.003407 0.002936 0.002541 0.002242 0.002060 0.002026 0.002173 0.002502 0.002971 0.003492 0.003964 0.004309 0.004496 0.004533 0.004441 0.004218 0.003839 0.003282 0.002556 0.001697 0.000749 -0.000260 -0.001312 -0.002378 -0.003409 -0.004360 -0.005221 -0.006028 -0.006833 -0.007666 -0.008501 -0.009261 -0.009849 -0.010184 -0.010232 -0.010005 -0.009551 -0.008929 -0.008201 -0.007425 -0.006649 -0.005895 -0.005139 -0.004296 -0.003304 -0.002048 -0.000536 0.001122 0.002758 0.004210 0.005380 0.006246 0.006829 0.007153 0.007233 0.007088 0.006772 0.006361 0.005931 0.005528 0.005154 0.004782 0.004382 0.003946 0.003492 0.003050 0.002652 0.002328 0.002121 0.002086 0.002264 0.002658 0.003209 0.003817 0.004368 0.004771 0.004984 0.005010 0.004873 0.004588 0.004152 0.003562 0.002826 0.001966 0.001000 -0.000060 -0.001190 -0.002334 -0.003420 -0.004399 -0.005281 -0.006129 -0.007014 -0.007957 -0.008902 -0.009739 -0.010345 -0.010639 -0.010605 -0.010280 -0.009735 -0.009043 -0.008267 -0.007459 -0.006657 -0.005884 -0.005124 -0.004301 -0.003298 -0.002099 -0.000642 0.000979 0.002602 0.004066 0.005262 0.006149 0.006730 0.007023 0.007049 0.006851 0.006496 0.006073 0.005660 0.005297 0.004984 0.004689 0.004372 0.004012 0.003609 0.003181 0.002758 0.002390 0.002148 0.002109 0.002323 0.002783 0.003417 0.004110 0.004737 0.005197 0.005439 0.005462 0.005293 0.004961 0.004480 0.003860 0.003108 0.002228 0.001220 0.000090 -0.001121 -0.002330 -0.003450 -0.004443 -0.005349 -0.006256 -0.007240 -0.008300 -0.009345 -0.010227 -0.010810 -0.011024 -0.010875 -0.010427 -0.009772 -0.009002 -0.008184 -0.007361 -0.006559 -0.005790 -0.005042 -0.004248 -0.003225 -0.002094 -0.000706 0.000856 0.002440 0.003886 0.005078 0.005962 0.006525 0.006782 0.006766 0.006535 0.006171 0.005766 0.005394 0.005091 0.004853 0.004640 0.004406 0.004113 0.003744 0.003308 0.002842 0.002420 0.002144 0.002108 0.002362 0.002884 0.003590 0.004353 0.005042 0.005551 0.005822 0.005851 0.005664 0.005300 0.004787 0.004142 0.003367 0.002453 0.001387 0.000184 -0.001094 -0.002345 -0.003481 -0.004482 -0.005418 -0.006396 -0.007483 -0.008647 -0.009761 -0.010656 -0.011196 -0.011324 -0.011063 -0.010492 -0.009721 -0.008861 -0.007992 -0.007156 -0.006361 -0.005609 -0.004882 -0.004122 -0.003073 -0.002017 -0.000715 0.000764 0.002281 0.003680 0.004841 0.005699 0.006234 0.006460 0.006418 0.006178 0.005829 0.005463 0.005148 0.004918 0.004759 0.004630 0.004470 0.004228 0.003872 0.003407 0.002888 0.002417 0.002121 0.002102 0.002397 0.002970 0.003723 0.004529 0.005257 0.005801 0.006099 0.006139 0.005949 0.005570 0.005039 0.004373 0.003573 0.002618 0.001496 0.000234 -0.001087 -0.002355 -0.003489 -0.004495 -0.005463 -0.006508 -0.007679 -0.008916 -0.010065 -0.010957 -0.011466 -0.011544 -0.011210 -0.010541 -0.009658 -0.008695 -0.007756 -0.006888 -0.006092 -0.005351 -0.004643 -0.003915 -0.002838 -0.001862 -0.000659 0.000718 0.002141 0.003465 0.004571 0.005387 0.005889 0.006090 0.006037 0.005806 0.005488 0.005172 0.004923 0.004768 0.004691 0.004639 0.004541 0.004329 0.003964 0.003458 0.002889 0.002388 0.002096 0.002108 0.002443 0.003046 0.003816 0.004631 0.005368 0.005925 0.006240 0.006296 0.006115 0.005737 0.005201 0.004525 0.003704 0.002717 0.001556 0.000263 -0.001070 -0.002328 -0.003446 -0.004450 -0.005445 -0.006539 -0.007762 -0.009034 -0.010198 -0.011098 -0.011619 -0.011703 -0.011349 -0.010618 -0.009636 -0.008563 -0.007532 -0.006607 -0.005786 -0.005038 -0.004335 -0.003630 -0.002528 -0.001630 -0.000534 0.000724 0.002034 0.003262 0.004292 0.005053 0.005516 0.005697 0.005643 0.005431 0.005153 0.004892 0.004712 0.004633 0.004633 0.004647 0.004592 0.004389 0.004000 0.003454 0.002853 0.002350 0.002086 0.002139 0.002505 0.003115 0.003868 0.004656 0.005369 0.005915 0.006234 0.006304 0.006140 0.005778 0.005253 0.004581 0.003754 0.002755 0.001586 0.000297 -0.001013 -0.002239 -0.003329 -0.004325 -0.005334 -0.006454 -0.007698 -0.008980 -0.010159 -0.011095 -0.011673 -0.011812 -0.011481 -0.010722 -0.009664 -0.008487 -0.007353 -0.006349 -0.005476 -0.004698 -0.003979 -0.003280 -0.002170 -0.001343 -0.000356 0.000774 0.001959 0.003075 0.004016 0.004711 0.005133 0.005294 0.005244 0.005060 0.004828 0.004629 0.004519 0.004511 0.004574 0.004636 0.004602 0.004392 0.003977 0.003403 0.002796 0.002316 0.002096 0.002192 0.002578 0.003175 0.003884 0.004612 0.005270 0.005779 0.006085 0.006162 0.006020 0.005685 0.005187 0.004537 0.003729 0.002750 0.001610 0.000364 -0.000894 -0.002070 -0.003126 -0.004112 -0.005128 -0.006256 -0.007500 -0.008785 -0.009990 -0.010984 -0.011643 -0.011859 -0.011574 -0.010815 -0.009710 -0.008450 -0.007222 -0.006131 -0.005189 -0.004359 -0.003605 -0.002896 -0.001800 -0.001036 -0.000156 0.000844 0.001896 0.002894 0.003739 0.004364 0.004742 0.004889 0.004851 0.004703 0.004527 0.004395 0.004352 0.004405 0.004513 0.004599 0.004567 0.004343 0.003908 0.003327 0.002737 0.002296 0.002122 0.002254 0.002649 0.003219 0.003868 0.004516 0.005095 0.005543 0.005816 0.005889 0.005767 0.005467 0.005010 0.004405 0.003645 0.002722 0.001650 0.000480 -0.000703 -0.001820 -0.002846 -0.003828 -0.004851 -0.005981 -0.007219 -0.008505 -0.009736 -0.010787 -0.011520 -0.011810 -0.011581 -0.010849 -0.009732 -0.008424 -0.007124 -0.005954 -0.004939 -0.004047 -0.003246 -0.002512 -0.001462 -0.000751 0.000030 0.000901 0.001818 0.002695 0.003444 0.004003 0.004345 0.004487 0.004474 0.004376 0.004264 0.004201 0.004220 0.004319 0.004452 0.004541 0.004499 0.004259 0.003817 0.003248 0.002689 0.002287 0.002149 0.002301 0.002692 0.003230 0.003818 0.004383 0.004872 0.005244 0.005467 0.005524 0.005414 0.005150 0.004746 0.004206 0.003523 0.002691 0.001719 0.000651 -0.000446 -0.001508 -0.002517 -0.003509 -0.004547 -0.005680 -0.006909 -0.008185 -0.009422 -0.010501 -0.011280 -0.011629 -0.011464 -0.010785 -0.009695 -0.008380 -0.007042 -0.005815 -0.004736 -0.003783 -0.002933 -0.002169 -0.001191 -0.000521 0.000171 0.000920 0.001706 0.002466 0.003124 0.003625 0.003945 0.004097 0.004123 0.004085 0.004044 0.004049 0.004123 0.004253 0.004394 0.004474 0.004414 0.004164 0.003728 0.003182 0.002655 0.002282 0.002158 0.002306 0.002678 0.003181 0.003718 0.004215 0.004625 0.004921 0.005086 0.005114 0.005008 0.004777 0.004432 0.003972 0.003390 0.002673 0.001824 0.000868 -0.000147 -0.001170 -0.002181 -0.003200 -0.004263 -0.005399 -0.006606 -0.007847 -0.009052 -0.010114 -0.010903 -0.011293 -0.011197 -0.010597 -0.009574 -0.008296 -0.006959 -0.005705 -0.004583 -0.003584 -0.002691 -0.001898 -0.001012 -0.000372 0.000250 0.000894 0.001562 0.002214 0.002792 0.003246 0.003555 0.003729 0.003804 0.003831 0.003861 0.003930 0.004049 0.004201 0.004341 0.004406 0.004330 0.004075 0.003652 0.003133 0.002631 0.002268 0.002131 0.002248 0.002581 0.003046 0.003545 0.003997 0.004355 0.004596 0.004713 0.004712 0.004603 0.004401 0.004114 0.003742 0.003271 0.002680 0.001957 0.001106 0.000158 -0.000847 -0.001882 -0.002941 -0.004033 -0.005165 -0.006329 -0.007500 -0.008626 -0.009625 -0.010387 -0.010797 -0.010766 -0.010265 -0.009346 -0.008149 -0.006858 -0.005613 -0.004478 -0.003455 -0.002536 -0.001723 -0.000939 -0.000315 0.000260 0.000828 0.001402 0.001965 0.002476 0.002895 0.003201 0.003401 0.003525 0.003614 0.003708 0.003832 0.003989 0.004157 0.004293 0.004343 0.004253 0.003996 0.003587 0.003088 0.002599 0.002227 0.002056 0.002119 0.002395 0.002812 0.003279 0.003711 0.004050 0.004269 0.004366 0.004351 0.004245 0.004070 0.003838 0.003549 0.003185 0.002713 0.002101 0.001335 0.000428 -0.000583 -0.001657 -0.002763 -0.003879 -0.004991 -0.006087 -0.007151 -0.008156 -0.009048 -0.009745 -0.010148 -0.010173 -0.009778 -0.008992 -0.007919 -0.006719 -0.005527 -0.004416 -0.003398 -0.002475 -0.001653 -0.000972 -0.000350 0.000205 0.000728 0.001243 0.001745 0.002210 0.002605 0.002915 0.003140 0.003307 0.003448 0.003593 0.003760 0.003945 0.004122 0.004251 0.004284 0.004180 0.003917 0.003512 0.003021 0.002532 0.002140 0.001923 0.001922 0.002128 0.002487 0.002921 0.003345 0.003693 0.003928 0.004040 0.004041 0.003956 0.003813 0.003633 0.003417 0.003142 0.002764 0.002233 0.001519 0.000626 -0.000410 -0.001530 -0.002677 -0.003804 -0.004876 -0.005879 -0.006806 -0.007657 -0.008408 -0.009006 -0.009372 -0.009430 -0.009137 -0.008500 -0.007587 -0.006522 -0.005430 -0.004383 -0.003405 -0.002503 -0.001688 -0.001105 -0.000473 0.000089 0.000605 0.001099 0.001575 0.002018 0.002407 0.002724 0.002973 0.003172 0.003351 0.003534 0.003729 0.003927 0.004102 0.004215 0.004224 0.004095 0.003814 0.003398 0.002901 0.002401 0.001986 0.001727 0.001666 0.001803 0.002102 0.002497 0.002913 0.003283 0.003558 0.003718 0.003767 0.003728 0.003632 0.003503 0.003346 0.003135 0.002817 0.002330 0.001633 0.000727 -0.000345 -0.001508 -0.002684 -0.003803 -0.004816 -0.005703 -0.006473 -0.007145 -0.007730 -0.008203 -0.008503 -0.008567 -0.008356 -0.007867 -0.007137 -0.006249 -0.005301 -0.004363 -0.003463 -0.002610 -0.001819 -0.001322 -0.000671 -0.000079 0.000466 0.000977 0.001463 0.001914 0.002314 0.002648 0.002918 0.003142 0.003346 0.003550 0.003757 0.003952 0.004108 0.004188 0.004155 0.003982 0.003661 0.003216 0.002699 0.002185 0.001752 0.001465 0.001362 0.001446 0.001691 0.002046 0.002449 0.002837 0.003159 0.003384 0.003505 0.003536 0.003502 0.003427 0.003317 0.003143 0.002849 0.002369 0.001660 0.000725 -0.000385 -0.001583 -0.002771 -0.003863 -0.004799 -0.005556 -0.006154 -0.006637 -0.007042 -0.007372 -0.007584 -0.007626 -0.007468 -0.007108 -0.006563 -0.005878 -0.005116 -0.004331 -0.003548 -0.002777 -0.002029 -0.001607 -0.000933 -0.000290 0.000314 0.000881 0.001412 0.001900 0.002330 0.002690 0.002982 0.003225 0.003443 0.003653 0.003855 0.004028 0.004144 0.004167 0.004067 0.003823 0.003440 0.002947 0.002401 0.001873 0.001434 0.001139 0.001019 0.001074 0.001282 0.001603 0.001988 0.002385 0.002746 0.003035 0.003236 0.003348 0.003387 0.003369 0.003295 0.003137 0.002840 0.002340 0.001600 0.000628 -0.000516 -0.001735 -0.002919 -0.003967 -0.004811 -0.005429 -0.005851 -0.006142 -0.006366 -0.006548 -0.006660 -0.006656 -0.006516 -0.006251 -0.005872 -0.005395 -0.004845 -0.004252 -0.003628 -0.002974 -0.002295 -0.001934 -0.001243 -0.000539 0.000151 0.000806 0.001416 0.001968 0.002447 0.002842 0.003158 0.003414 0.003637 0.003841 0.004020 0.004152 0.004204 0.004145 0.003950 0.003613 0.003147 0.002594 0.002013 0.001475 0.001041 0.000757 0.000643 0.000694 0.000888 0.001190 0.001559 0.001955 0.002339 0.002678 0.002948 0.003138 0.003250 0.003288 0.003243 0.003088 0.002770 0.002236 0.001457 0.000451 -0.000716 -0.001941 -0.003102 -0.004090 -0.004830 -0.005304 -0.005554 -0.005664 -0.005719 -0.005762 -0.005773 -0.005709 -0.005557 -0.005341 -0.005087 -0.004796 -0.004464 -0.004087 -0.003656 -0.003156 -0.002579 -0.002263 -0.001577 -0.000815 -0.000026 0.000745 0.001463 0.002104 0.002649 0.003088 0.003427 0.003691 0.003909 0.004095 0.004237 0.004308 0.004276 0.004112 0.003803 0.003354 0.002794 0.002174 0.001559 0.001014 0.000594 0.000333 0.000242 0.000310 0.000509 0.000806 0.001166 0.001557 0.001950 0.002318 0.002638 0.002891 0.003065 0.003149 0.003128 0.002968 0.002625 0.002055 0.001242 0.000211 -0.000965 -0.002174 -0.003291 -0.004198 -0.004823 -0.005155 -0.005249 -0.005203 -0.005115 -0.005039 -0.004961 -0.004835 -0.004646 -0.004434 -0.004249 -0.004100 -0.003961 -0.003800 -0.003581 -0.003268 -0.002832 -0.002538 -0.001897 -0.001100 -0.000214 0.000686 0.001536 0.002290 0.002917 0.003407 0.003769 0.004034 0.004238 0.004392 0.004484 0.004480 0.004348 0.004065 0.003630 0.003062 0.002405 0.001719 0.001070 0.000522 0.000119 -0.000113 -0.000172 -0.000078 0.000139 0.000442 0.000799 0.001183 0.001575 0.001954 0.002300 0.002592 0.002809 0.002928 0.002923 0.002758 0.002393 0.001797 0.000962 -0.000076 -0.001236 -0.002403 -0.003445 -0.004250 -0.004753 -0.004954 -0.004920 -0.004756 -0.004565 -0.004403 -0.004255 -0.004072 -0.003835 -0.003592 -0.003418 -0.003345 -0.003350 -0.003376 -0.003365 -0.003254 -0.002990 -0.002699 -0.002149 -0.001361 -0.000403 0.000625 0.001621 0.002505 0.003230 0.003778 0.004162 0.004423 0.004600 0.004712 0.004740 0.004650 0.004409 0.004002 0.003439 0.002755 0.002005 0.001258 0.000582 0.000032 -0.000352 -0.000556 -0.000584 -0.000462 -0.000226 0.000085 0.000441 0.000816 0.001197 0.001571 0.001922 0.002230 0.002469 0.002608 0.002613 0.002445 0.002070 0.001463 0.000630 -0.000387 -0.001499 -0.002587 -0.003524 -0.004208 -0.004589 -0.004683 -0.004562 -0.004329 -0.004083 -0.003871 -0.003678 -0.003451 -0.003164 -0.002867 -0.002654 -0.002591 -0.002671 -0.002832 -0.002994 -0.003074 -0.002997 -0.002692 -0.002275 -0.001550 -0.000567 0.000564 0.001705 0.002733 0.003570 0.004184 0.004592 0.004841 0.004981 0.005036 0.004990 0.004806 0.004453 0.003923 0.003238 0.002448 0.001618 0.000822 0.000126 -0.000421 -0.000790 -0.000971 -0.000976 -0.000836 -0.000587 -0.000272 0.000077 0.000439 0.000800 0.001155 0.001493 0.001796 0.002037 0.002182 0.002192 0.002029 0.001660 0.001068 0.000267 -0.000691 -0.001714 -0.002685 -0.003490 -0.004046 -0.004323 -0.004345 -0.004184 -0.003936 -0.003683 -0.003459 -0.003245 -0.002987 -0.002655 -0.002295 -0.002011 -0.001900 -0.001985 -0.002213 -0.002493 -0.002727 -0.002822 -0.002496 -0.002231 -0.001619 -0.000669 0.000518 0.001783 0.002957 0.003918 0.004611 0.005046 0.005279 0.005371 0.005356 0.005222 0.004936 0.004471 0.003826 0.003034 0.002156 0.001266 0.000438 -0.000267 -0.000809 -0.001166 -0.001336 -0.001334 -0.001190 -0.000943 -0.000635 -0.000301 0.000037 0.000371 0.000696 0.001007 0.001288 0.001517 0.001659 0.001674 0.001526 0.001183 0.000637 -0.000093 -0.000950 -0.001844 -0.002669 -0.003330 -0.003768 -0.003968 -0.003961 -0.003812 -0.003599 -0.003380 -0.003176 -0.002959 -0.002680 -0.002311 -0.001890 -0.001523 -0.001324 -0.001352 -0.001577 -0.001909 -0.002241 -0.002470 -0.002124 -0.002005 -0.001533 -0.000675 0.000508 0.001855 0.003162 0.004256 0.005042 0.005514 0.005729 0.005763 0.005663 0.005429 0.005035 0.004461 0.003714 0.002836 0.001895 0.000969 0.000129 -0.000573 -0.001107 -0.001460 -0.001634 -0.001644 -0.001518 -0.001293 -0.001010 -0.000704 -0.000397 -0.000098 0.000190 0.000466 0.000719 0.000928 0.001064 0.001090 0.000969 0.000678 0.000210 -0.000411 -0.001129 -0.001864 -0.002530 -0.003056 -0.003401 -0.003563 -0.003571 -0.003478 -0.003337 -0.003185 -0.003020 -0.002813 -0.002521 -0.002121 -0.001647 -0.001197 -0.000895 -0.000824 -0.000984 -0.001302 -0.001670 -0.001979 -0.001617 -0.001613 -0.001286 -0.000561 0.000554 0.001927 0.003337 0.004561 0.005455 0.005979 0.006183 0.006153 0.005955 0.005609 0.005103 0.004427 0.003596 0.002657 0.001681 0.000744 -0.000090 -0.000777 -0.001301 -0.001657 -0.001850 -0.001893 -0.001808 -0.001629 -0.001393 -0.001134 -0.000872 -0.000615 -0.000366 -0.000124 0.000103 0.000297 0.000434 0.000482 0.000409 0.000194 -0.000166 -0.000648 -0.001205 -0.001772 -0.002288 -0.002702 -0.002991 -0.003154 -0.003215 -0.003209 -0.003166 -0.003096 -0.002983 -0.002792 -0.002490 -0.002063 -0.001546 -0.001025 -0.000620 -0.000430 -0.000484 -0.000731 -0.001074 -0.001403 -0.001034 -0.001100 -0.000897 -0.000321 0.000674 0.002007 0.003472 0.004811 0.005822 0.006418 0.006627 0.006537 0.006237 0.005772 0.005154 0.004386 0.003490 0.002513 0.001525 0.000597 -0.000214 -0.000878 -0.001388 -0.001749 -0.001971 -0.002063 -0.002042 -0.001934 -0.001771 -0.001581 -0.001380 -0.001176 -0.000967 -0.000755 -0.000544 -0.000350 -0.000195 -0.000106 -0.000110 -0.000226 -0.000457 -0.000785 -0.001177 -0.001589 -0.001981 -0.002320 -0.002589 -0.002787 -0.002926 -0.003024 -0.003087 -0.003104 -0.003044 -0.002872 -0.002563 -0.002115 -0.001562 -0.000984 -0.000488 -0.000178 -0.000104 -0.000240 -0.000508 -0.000805 -0.000435 -0.000524 -0.000407 0.000029 0.000873 0.002108 0.003568 0.004987 0.006114 0.006802 0.007040 0.006909 0.006514 0.005935 0.005210 0.004362 0.003416 0.002420 0.001436 0.000530 -0.000250 -0.000884 -0.001376 -0.001740 -0.001992 -0.002139 -0.002196 -0.002180 -0.002114 -0.002017 -0.001899 -0.001759 -0.001596 -0.001408 -0.001201 -0.000990 -0.000796 -0.000644 -0.000560 -0.000560 -0.000652 -0.000829 -0.001073 -0.001358 -0.001662 -0.001962 -0.002241 -0.002493 -0.002722 -0.002925 -0.003089 -0.003185 -0.003175 -0.003024 -0.002715 -0.002252 -0.001673 -0.001050 -0.000480 -0.000061 0.000145 0.000140 -0.000017 -0.000238 0.000126 0.000059 0.000133 0.000458 0.001147 0.002241 0.003635 0.005086 0.006311 0.007105 0.007402 0.007260 0.006796 0.006118 0.005299 0.004382 0.003398 0.002390 0.001416 0.000534 -0.000214 -0.000814 -0.001282 -0.001642 -0.001917 -0.002118 -0.002256 -0.002343 -0.002392 -0.002408 -0.002390 -0.002329 -0.002216 -0.002050 -0.001838 -0.001596 -0.001347 -0.001118 -0.000934 -0.000815 -0.000774 -0.000817 -0.000940 -0.001133 -0.001381 -0.001667 -0.001974 -0.002289 -0.002603 -0.002900 -0.003150 -0.003311 -0.003345 -0.003217 -0.002916 -0.002449 -0.001856 -0.001202 -0.000575 -0.000064 0.000266 0.000398 0.000371 0.000255 0.000608 0.000595 0.000670 0.000925 0.001478 0.002414 0.003695 0.005122 0.006411 0.007309 0.007691 0.007578 0.007082 0.006335 0.005443 0.004467 0.003449 0.002429 0.001459 0.000596 -0.000123 -0.000690 -0.001129 -0.001477 -0.001764 -0.002009 -0.002223 -0.002415 -0.002586 -0.002727 -0.002822 -0.002848 -0.002790 -0.002645 -0.002422 -0.002143 -0.001833 -0.001523 -0.001242 -0.001013 -0.000859 -0.000794 -0.000826 -0.000956 -0.001173 -0.001460 -0.001799 -0.002173 -0.002561 -0.002933 -0.003246 -0.003456 -0.003522 -0.003418 -0.003133 -0.002678 -0.002086 -0.001418 -0.000751 -0.000168 0.000269 0.000531 0.000638 0.000642 0.000979 0.001046 0.001159 0.001388 0.001843 0.002630 0.003770 0.005126 0.006435 0.007419 0.007901 0.007852 0.007368 0.006590 0.005649 0.004627 0.003574 0.002534 0.001558 0.000703 0.000006 -0.000532 -0.000944 -0.001273 -0.001561 -0.001836 -0.002115 -0.002403 -0.002693 -0.002961 -0.003171 -0.003289 -0.003289 -0.003165 -0.002930 -0.002612 -0.002244 -0.001861 -0.001497 -0.001180 -0.000939 -0.000795 -0.000765 -0.000853 -0.001051 -0.001344 -0.001713 -0.002135 -0.002579 -0.003003 -0.003357 -0.003593 -0.003679 -0.003594 -0.003333 -0.002903 -0.002333 -0.001672 -0.000988 -0.000355 0.000166 0.000542 0.000776 0.000905 0.001221 0.001386 0.001567 0.001814 0.002215 0.002882 0.003879 0.005130 0.006417 0.007457 0.008036 0.008076 0.007642 0.006872 0.005908 0.004850 0.003760 0.002690 0.001697 0.000842 0.000158 -0.000359 -0.000747 -0.001057 -0.001339 -0.001631 -0.001958 -0.002325 -0.002720 -0.003105 -0.003428 -0.003638 -0.003697 -0.003597 -0.003353 -0.003000 -0.002583 -0.002142 -0.001715 -0.001335 -0.001035 -0.000839 -0.000767 -0.000826 -0.001012 -0.001310 -0.001701 -0.002158 -0.002640 -0.003094 -0.003464 -0.003706 -0.003794 -0.003720 -0.003483 -0.003091 -0.002562 -0.001933 -0.001260 -0.000605 -0.000027 0.000439 0.000786 0.001034 0.001331 0.001605 0.001877 0.002179 0.002573 0.003161 0.004031 0.005166 0.006396 0.007459 0.008116 0.008251 0.007891 0.007157 0.006193 0.005109 0.003982 0.002875 0.001861 0.000999 0.000321 -0.000184 -0.000558 -0.000854 -0.001127 -0.001425 -0.001780 -0.002204 -0.002680 -0.003162 -0.003586 -0.003884 -0.004007 -0.003937 -0.003693 -0.003317 -0.002862 -0.002378 -0.001909 -0.001491 -0.001154 -0.000927 -0.000828 -0.000866 -0.001040 -0.001340 -0.001746 -0.002225 -0.002728 -0.003193 -0.003560 -0.003786 -0.003858 -0.003781 -0.003563 -0.003214 -0.002742 -0.002170 -0.001537 -0.000893 -0.000289 0.000239 0.000675 0.001031 0.001320 0.001708 0.002090 0.002476 0.002904 0.003456 0.004230 0.005253 0.006406 0.007458 0.008167 0.008385 0.008104 0.007421 0.006469 0.005366 0.004203 0.003063 0.002028 0.001160 0.000484 -0.000017 -0.000387 -0.000679 -0.000948 -0.001245 -0.001611 -0.002063 -0.002588 -0.003140 -0.003644 -0.004023 -0.004212 -0.004185 -0.003956 -0.003572 -0.003095 -0.002586 -0.002092 -0.001653 -0.001299 -0.001054 -0.000937 -0.000959 -0.001122 -0.001419 -0.001831 -0.002322 -0.002833 -0.003295 -0.003642 -0.003837 -0.003874 -0.003775 -0.003565 -0.003257 -0.002852 -0.002356 -0.001790 -0.001189 -0.000593 -0.000035 0.000466 0.000913 0.001217 0.001719 0.002219 0.002711 0.003205 0.003760 0.004473 0.005398 0.006466 0.007481 0.008209 0.008485 0.008271 0.007637 0.006700 0.005582 0.004389 0.003225 0.002178 0.001309 0.000635 0.000132 -0.000244 -0.000543 -0.000815 -0.001111 -0.001473 -0.001927 -0.002469 -0.003054 -0.003611 -0.004055 -0.004309 -0.004335 -0.004137 -0.003764 -0.003285 -0.002768 -0.002267 -0.001823 -0.001463 -0.001211 -0.001083 -0.001092 -0.001244 -0.001535 -0.001948 -0.002440 -0.002950 -0.003399 -0.003717 -0.003865 -0.003850 -0.003712 -0.003495 -0.003220 -0.002884 -0.002478 -0.002000 -0.001467 -0.000908 -0.000349 0.000192 0.000711 0.001061 0.001672 0.002294 0.002902 0.003484 0.004073 0.004755 0.005602 0.006583 0.007540 0.008255 0.008557 0.008384 0.007782 0.006854 0.005724 0.004512 0.003335 0.002289 0.001427 0.000758 0.000251 -0.000137 -0.000452 -0.000736 -0.001032 -0.001383 -0.001819 -0.002343 -0.002925 -0.003501 -0.003985 -0.004297 -0.004381 -0.004231 -0.003889 -0.003426 -0.002919 -0.002428 -0.001993 -0.001640 -0.001389 -0.001257 -0.001258 -0.001400 -0.001685 -0.002092 -0.002581 -0.003082 -0.003511 -0.003791 -0.003882 -0.003802 -0.003608 -0.003368 -0.003116 -0.002846 -0.002534 -0.002156 -0.001709 -0.001206 -0.000666 -0.000106 0.000469 0.000896 0.001609 0.002348 0.003075 0.003754 0.004395 0.005069 0.005857 0.006755 0.007636 0.008307 0.008599 0.008435 0.007842 0.006913 0.005773 0.004553 0.003377 0.002342 0.001496 0.000836 0.000328 -0.000074 -0.000409 -0.000710 -0.001011 -0.001347 -0.001749 -0.002230 -0.002774 -0.003332 -0.003829 -0.004181 -0.004322 -0.004230 -0.003936 -0.003509 -0.003029 -0.002561 -0.002149 -0.001816 -0.001578 -0.001452 -0.001452 -0.001590 -0.001870 -0.002272 -0.002753 -0.003237 -0.003635 -0.003866 -0.003890 -0.003734 -0.003474 -0.003200 -0.002961 -0.002752 -0.002533 -0.002259 -0.001905 -0.001466 -0.000956 -0.000389 0.000229 0.000759 0.001564 0.002412 0.003251 0.004027 0.004728 0.005410 0.006151 0.006968 0.007762 0.008361 0.008607 0.008419 0.007813 0.006873 0.005725 0.004506 0.003341 0.002325 0.001499 0.000854 0.000348 -0.000065 -0.000419 -0.000738 -0.001043 -0.001361 -0.001718 -0.002137 -0.002614 -0.003122 -0.003602 -0.003975 -0.004167 -0.004138 -0.003903 -0.003525 -0.003086 -0.002655 -0.002278 -0.001978 -0.001767 -0.001659 -0.001671 -0.001816 -0.002098 -0.002496 -0.002964 -0.003421 -0.003774 -0.003940 -0.003886 -0.003646 -0.003316 -0.003003 -0.002771 -0.002618 -0.002488 -0.002314 -0.002050 -0.001677 -0.001200 -0.000629 0.000025 0.000669 0.001557 0.002504 0.003445 0.004312 0.005072 0.005766 0.006469 0.007206 0.007902 0.008408 0.008579 0.008341 0.007701 0.006743 0.005587 0.004373 0.003225 0.002234 0.001433 0.000804 0.000303 -0.000117 -0.000486 -0.000818 -0.001122 -0.001415 -0.001719 -0.002060 -0.002452 -0.002886 -0.003324 -0.003699 -0.003932 -0.003967 -0.003798 -0.003478 -0.003087 -0.002701 -0.002369 -0.002113 -0.001944 -0.001872 -0.001912 -0.002078 -0.002371 -0.002769 -0.003218 -0.003633 -0.003921 -0.004003 -0.003858 -0.003531 -0.003134 -0.002786 -0.002563 -0.002459 -0.002409 -0.002327 -0.002145 -0.001833 -0.001386 -0.000814 -0.000126 0.000628 0.001592 0.002627 0.003658 0.004603 0.005418 0.006126 0.006794 0.007452 0.008042 0.008439 0.008517 0.008208 0.007522 0.006537 0.005372 0.004165 0.003041 0.002079 0.001306 0.000693 0.000194 -0.000234 -0.000614 -0.000950 -0.001242 -0.001497 -0.001737 -0.001990 -0.002284 -0.002631 -0.003014 -0.003379 -0.003644 -0.003738 -0.003637 -0.003378 -0.003039 -0.002701 -0.002418 -0.002215 -0.002100 -0.002080 -0.002166 -0.002369 -0.002685 -0.003084 -0.003504 -0.003859 -0.004059 -0.004040 -0.003794 -0.003384 -0.002930 -0.002560 -0.002350 -0.002292 -0.002310 -0.002304 -0.002193 -0.001932 -0.001512 -0.000939 -0.000222 0.000625 0.001656 0.002767 0.003875 0.004888 0.005749 0.006469 0.007104 0.007685 0.008168 0.008449 0.008423 0.008032 0.007288 0.006270 0.005097 0.003905 0.002812 0.001886 0.001138 0.000534 0.000027 -0.000414 -0.000801 -0.001129 -0.001392 -0.001593 -0.001755 -0.001913 -0.002106 -0.002365 -0.002692 -0.003042 -0.003333 -0.003481 -0.003442 -0.003240 -0.002950 -0.002658 -0.002426 -0.002281 -0.002230 -0.002275 -0.002423 -0.002675 -0.003019 -0.003416 -0.003795 -0.004071 -0.004165 -0.004033 -0.003686 -0.003205 -0.002715 -0.002341 -0.002152 -0.002135 -0.002205 -0.002255 -0.002196 -0.001977 -0.001582 -0.001011 -0.000272 0.000644 0.001727 0.002900 0.004072 0.005140 0.006040 0.006772 0.007378 0.007887 0.008265 0.008430 0.008296 0.007816 0.007012 0.005961 0.004788 0.003624 0.002574 0.001686 0.000954 0.000343 -0.000184 -0.000643 -0.001032 -0.001338 -0.001554 -0.001685 -0.001759 -0.001818 -0.001916 -0.002098 -0.002378 -0.002718 -0.003033 -0.003225 -0.003237 -0.003082 -0.002833 -0.002581 -0.002395 -0.002308 -0.002326 -0.002446 -0.002664 -0.002971 -0.003343 -0.003726 -0.004048 -0.004231 -0.004211 -0.003968 -0.003536 -0.003008 -0.002506 -0.002147 -0.001987 -0.002003 -0.002107 -0.002191 -0.002165 -0.001977 -0.001603 -0.001039 -0.000287 0.000663 0.001779 0.002997 0.004215 0.005327 0.006262 0.007006 0.007589 0.008033 0.008316 0.008371 0.008131 0.007566 0.006706 0.005638 0.004484 0.003365 0.002363 0.001504 0.000771 0.000136 -0.000422 -0.000899 -0.001280 -0.001549 -0.001701 -0.001750 -0.001732 -0.001700 -0.001718 -0.001842 -0.002093 -0.002433 -0.002769 -0.002994 -0.003041 -0.002916 -0.002695 -0.002475 -0.002330 -0.002299 -0.002385 -0.002580 -0.002868 -0.003226 -0.003613 -0.003969 -0.004222 -0.004305 -0.004179 -0.003845 -0.003357 -0.002812 -0.002327 -0.002000 -0.001871 -0.001909 -0.002027 -0.002123 -0.002112 -0.001942 -0.001588 -0.001038 -0.000286 0.000664 0.001791 0.003028 0.004273 0.005416 0.006380 0.007138 0.007706 0.008099 0.008298 0.008256 0.007924 0.007290 0.006397 0.005336 0.004224 0.003161 0.002201 0.001353 0.000599 -0.000074 -0.000664 -0.001150 -0.001509 -0.001726 -0.001804 -0.001769 -0.001666 -0.001558 -0.001520 -0.001611 -0.001854 -0.002203 -0.002557 -0.002799 -0.002860 -0.002747 -0.002540 -0.002340 -0.002231 -0.002249 -0.002399 -0.002662 -0.003009 -0.003403 -0.003791 -0.004106 -0.004285 -0.004279 -0.004068 -0.003677 -0.003169 -0.002641 -0.002195 -0.001912 -0.001813 -0.001862 -0.001976 -0.002064 -0.002050 -0.001888 -0.001550 -0.001019 -0.000282 0.000639 0.001748 0.002977 0.004224 0.005381 0.006364 0.007137 0.007700 0.008056 0.008193 0.008076 0.007679 0.007007 0.006114 0.005091 0.004036 0.003025 0.002089 0.001230 0.000440 -0.000272 -0.000884 -0.001363 -0.001684 -0.001839 -0.001842 -0.001729 -0.001556 -0.001396 -0.001327 -0.001412 -0.001664 -0.002029 -0.002392 -0.002634 -0.002687 -0.002568 -0.002362 -0.002176 -0.002094 -0.002156 -0.002359 -0.002677 -0.003068 -0.003480 -0.003853 -0.004123 -0.004235 -0.004159 -0.003898 -0.003487 -0.002995 -0.002512 -0.002124 -0.001889 -0.001817 -0.001867 -0.001964 -0.002029 -0.001997 -0.001829 -0.001501 -0.000993 -0.000283 0.000586 0.001649 0.002838 0.004059 0.005208 0.006199 0.006985 0.007550 0.007889 0.007990 0.007834 0.007411 0.006741 0.005883 0.004917 0.003920 0.002945 0.002011 0.001125 0.000298 -0.000443 -0.001058 -0.001511 -0.001781 -0.001871 -0.001804 -0.001628 -0.001406 -0.001218 -0.001143 -0.001241 -0.001513 -0.001891 -0.002251 -0.002476 -0.002506 -0.002367 -0.002154 -0.001976 -0.001917 -0.002014 -0.002258 -0.002615 -0.003032 -0.003450 -0.003802 -0.004029 -0.004090 -0.003971 -0.003692 -0.003296 -0.002852 -0.002435 -0.002115 -0.001932 -0.001885 -0.001930 -0.002002 -0.002031 -0.001967 -0.001780 -0.001452 -0.000964 -0.000290 0.000521 0.001512 0.002631 0.003796 0.004910 0.005891 0.006683 0.007257 0.007599 0.007696 0.007540 0.007134 0.006504 0.005705 0.004801 0.003850 0.002891 0.001944 0.001029 0.000176 -0.000571 -0.001167 -0.001578 -0.001793 -0.001821 -0.001698 -0.001475 -0.001223 -0.001025 -0.000961 -0.001081 -0.001374 -0.001757 -0.002103 -0.002298 -0.002295 -0.002132 -0.001909 -0.001737 -0.001697 -0.001820 -0.002095 -0.002478 -0.002913 -0.003330 -0.003662 -0.003854 -0.003880 -0.003744 -0.003476 -0.003124 -0.002748 -0.002413 -0.002169 -0.002041 -0.002017 -0.002056 -0.002098 -0.002084 -0.001976 -0.001755 -0.001412 -0.000934 -0.000297 0.000462 0.001370 0.002395 0.003475 0.004528 0.005476 0.006261 0.006845 0.007206 0.007329 0.007208 0.006852 0.006285 0.005553 0.004704 0.003785 0.002831 0.001871 0.000940 0.000084 -0.000645 -0.001202 -0.001563 -0.001724 -0.001703 -0.001537 -0.001283 -0.001014 -0.000815 -0.000765 -0.000906 -0.001213 -0.001593 -0.001917 -0.002078 -0.002041 -0.001855 -0.001624 -0.001457 -0.001432 -0.001577 -0.001877 -0.002284 -0.002735 -0.003152 -0.003465 -0.003629 -0.003635 -0.003503 -0.003271 -0.002984 -0.002694 -0.002450 -0.002287 -0.002216 -0.002217 -0.002249 -0.002259 -0.002199 -0.002039 -0.001770 -0.001395 -0.000909 -0.000296
SCALARS p float 1
LOOKUP_TABLE default
-0.077960 -0.093637 -0.108050 -0.117083 -0.118263 -0.111127 -0.096683 -0.076595 -0.052587 -0.026279 0.000736 0.026902 0.050899 0.071802 0.088971 0.101725 0.109055 0.109524 0.101591 0.084636 0.060157 0.031711 0.003289 -0.022241 -0.043165 -0.058012 -0.065120 -0.063171 -0.052379 -0.035823 -0.019944 -0.012808 -0.020064 -0.041148 -0.068951 -0.093591 -0.107467 -0.108264 -0.098629 -0.083561 -0.067703 -0.054470 -0.046933 -0.048015 -0.058408 -0.074759 -0.091295 -0.103393 -0.109229 -0.108840 -0.102784 -0.091885 -0.077668 -0.062504 -0.049137 -0.039882 -0.035884 -0.036771 -0.040823 -0.045722 -0.049730 -0.052857 -0.057103 -0.065129 -0.038545 -0.048184 -0.059510 -0.069428 -0.075348 -0.075853 -0.070540 -0.059604 -0.043573 -0.023266 0.000139 0.025074 0.049639 0.071767 0.089481 0.101215 0.105886 0.102585 0.090530 0.070074 0.043848 0.016062 -0.009811 -0.032319 -0.050983 -0.064624 -0.071072 -0.068425 -0.056786 -0.039539 -0.023401 -0.016353 -0.023622 -0.044153 -0.070627 -0.093420 -0.105460 -0.104734 -0.093596 -0.076342 -0.057327 -0.040933 -0.031968 -0.033809 -0.045151 -0.059957 -0.071644 -0.076881 -0.075690 -0.069423 -0.059351 -0.046630 -0.032776 -0.019771 -0.009674 -0.004036 -0.003428 -0.007242 -0.013803 -0.020807 -0.026137 -0.028916 -0.030227 -0.032656 -0.009905 -0.012644 -0.017873 -0.023932 -0.028789 -0.030908 -0.029365 -0.023604 -0.013314 0.001430 0.019900 0.040544 0.061054 0.078784 0.091454 0.097732 0.097084 0.088993 0.072937 0.049902 0.023434 -0.002114 -0.024535 -0.044227 -0.061791 -0.075774 -0.082870 -0.080091 -0.067127 -0.047649 -0.028969 -0.019594 -0.024975 -0.043937 -0.068927 -0.090229 -0.100770 -0.098336 -0.084772 -0.064050 -0.041264 -0.022681 -0.014378 -0.018345 -0.030047 -0.041531 -0.047015 -0.045209 -0.037715 -0.026667 -0.013701 -0.000118 0.012699 0.023218 0.030032 0.032226 0.029637 0.022946 0.013638 0.003801 -0.004316 -0.009075 -0.010329 -0.009741 0.006122 0.008162 0.008432 0.007292 0.006102 0.006242 0.008619 0.013732 0.021841 0.032915 0.046352 0.060736 0.073937 0.083706 0.088516 0.087940 0.081924 0.069776 0.050848 0.026812 0.002029 -0.019692 -0.038162 -0.055763 -0.073651 -0.089384 -0.097966 -0.095039 -0.079867 -0.056657 -0.033827 -0.020971 -0.024072 -0.041765 -0.065918 -0.086254 -0.095245 -0.090246 -0.072880 -0.047691 -0.021538 -0.002549 0.003524 -0.002294 -0.012577 -0.019271 -0.018574 -0.011045 0.000882 0.014837 0.029065 0.042217 0.053069 0.060506 0.063692 0.062278 0.056499 0.047175 0.035637 0.023618 0.013079 0.005822 0.002820 0.003569 0.011702 0.016116 0.019521 0.021293 0.022225 0.023745 0.027023 0.032569 0.040276 0.049570 0.059435 0.068408 0.074801 0.077316 0.075667 0.070327 0.061196 0.046941 0.026990 0.004144 -0.016702 -0.033199 -0.047719 -0.064287 -0.083810 -0.102192 -0.112474 -0.108994 -0.090864 -0.063246 -0.036075 -0.020207 -0.021970 -0.039411 -0.063436 -0.082888 -0.089614 -0.080725 -0.058316 -0.028474 -0.000175 0.017665 0.021338 0.015166 0.007817 0.005839 0.010944 0.021559 0.035168 0.049526 0.062888 0.073882 0.081408 0.084682 0.083360 0.077638 0.068235 0.056284 0.043160 0.030340 0.019308 0.011440 0.007711 0.008195 0.006953 0.014050 0.020060 0.023488 0.024426 0.024338 0.025112 0.028086 0.033554 0.040769 0.048243 0.054176 0.057052 0.056318 0.052582 0.046564 0.037460 0.023385 0.004671 -0.014385 -0.029111 -0.039570 -0.050695 -0.067325 -0.089303 -0.110565 -0.122323 -0.117973 -0.096896 -0.065519 -0.035333 -0.018123 -0.020033 -0.038129 -0.062185 -0.080151 -0.083421 -0.069367 -0.041339 -0.007496 0.021586 0.037673 0.039912 0.034805 0.030440 0.031294 0.037748 0.048130 0.060321 0.072354 0.082537 0.089482 0.092177 0.090101 0.083335 0.072572 0.059009 0.044123 0.029453 0.016443 0.006358 0.000184 -0.001528 0.001088 -0.012532 0.000102 0.011307 0.018433 0.020378 0.018071 0.013950 0.010760 0.010347 0.013002 0.017542 0.022007 0.024725 0.025208 0.023993 0.021021 0.014420 0.002510 -0.012547 -0.025265 -0.032405 -0.036934 -0.045606 -0.063031 -0.087558 -0.111382 -0.124385 -0.119483 -0.096593 -0.063368 -0.032432 -0.015844 -0.019052 -0.038021 -0.061544 -0.076939 -0.075552 -0.055600 -0.022199 0.014544 0.043486 0.058110 0.059988 0.056124 0.053004 0.053535 0.057822 0.064748 0.072767 0.080189 0.085370 0.086919 0.083919 0.076108 0.063942 0.048505 0.031252 0.013713 -0.002680 -0.016559 -0.026542 -0.031358 -0.030263 -0.023502 -0.050063 -0.030104 -0.010397 0.004603 0.011796 0.010566 0.003014 -0.006957 -0.015325 -0.019568 -0.019376 -0.016170 -0.011766 -0.007237 -0.003201 -0.001321 -0.004251 -0.012377 -0.021472 -0.026064 -0.025443 -0.025077 -0.032241 -0.050516 -0.076955 -0.102758 -0.117160 -0.112904 -0.090332 -0.057838 -0.028460 -0.013907 -0.018743 -0.038049 -0.060008 -0.071708 -0.064903 -0.039079 -0.001187 0.037334 0.065737 0.079359 0.080987 0.076847 0.071910 0.068594 0.067617 0.068700 0.070818 0.072448 0.071946 0.067949 0.059715 0.047307 0.031561 0.013792 -0.004649 -0.022749 -0.039851 -0.055226 -0.067513 -0.074615 -0.074397 -0.065865 -0.100301 -0.076085 -0.047796 -0.022111 -0.005014 0.000107 -0.006323 -0.020189 -0.035444 -0.046725 -0.051313 -0.049354 -0.042605 -0.033149 -0.023441 -0.016802 -0.015732 -0.018634 -0.020083 -0.016196 -0.009072 -0.005412 -0.011660 -0.030103 -0.057240 -0.084333 -0.100678 -0.098890 -0.079202 -0.049935 -0.023800 -0.011829 -0.017872 -0.036563 -0.055914 -0.063183 -0.050889 -0.019930 0.021220 0.060520 0.088057 0.100414 0.100403 0.093155 0.083054 0.073129 0.065165 0.059618 0.055707 0.051871 0.046403 0.038041 0.026366 0.011903 -0.004124 -0.020335 -0.035850 -0.050711 -0.065727 -0.081588 -0.097656 -0.111280 -0.118360 -0.115140 -0.149383 -0.128844 -0.097060 -0.062131 -0.033214 -0.017513 -0.017720 -0.030838 -0.049504 -0.065535 -0.073468 -0.071876 -0.062417 -0.048399 -0.034078 -0.023614 -0.018316 -0.014846 -0.008193 0.002878 0.014188 0.019409 0.013881 -0.003562 -0.029801 -0.057269 -0.076013 -0.078448 -0.063954 -0.039842 -0.017885 -0.008398 -0.014903 -0.032061 -0.048122 -0.050843 -0.033699 0.001116 0.044083 0.083053 0.108835 0.118449 0.114242 0.100926 0.083526 0.066337 0.052045 0.041307 0.033099 0.025571 0.016952 0.006239 -0.006478 -0.020125 -0.033150 -0.044286 -0.053310 -0.061487 -0.071295 -0.085246 -0.104160 -0.125794 -0.144791 -0.154391 -0.183977 -0.175577 -0.148450 -0.109955 -0.071386 -0.043947 -0.034497 -0.042494 -0.060276 -0.077355 -0.085773 -0.082769 -0.070150 -0.052413 -0.034905 -0.021399 -0.011539 -0.001321 0.012396 0.028116 0.040870 0.045990 0.041053 0.025752 0.002122 -0.024351 -0.045212 -0.052779 -0.044966 -0.027213 -0.009849 -0.002520 -0.008806 -0.023827 -0.036422 -0.035100 -0.014324 0.022675 0.065754 0.102834 0.125104 0.129640 0.118780 0.098038 0.073946 0.051886 0.034587 0.022029 0.012449 0.003621 -0.006113 -0.017271 -0.029168 -0.040297 -0.048991 -0.054208 -0.056252 -0.057197 -0.060663 -0.070668 -0.089743 -0.117057 -0.147541 -0.172806 -0.200302 -0.208060 -0.192279 -0.157192 -0.114058 -0.076975 -0.057057 -0.057085 -0.070162 -0.084364 -0.089959 -0.083492 -0.067268 -0.046661 -0.027065 -0.010921 0.003536 0.019737 0.038307 0.055708 0.067323 0.070744 0.065875 0.053215 0.033551 0.009786 -0.011861 -0.024105 -0.023247 -0.012268 0.000435 0.005943 0.000365 -0.012232 -0.021600 -0.017184 0.005625 0.042847 0.084012 0.117149 0.133720 0.131217 0.113063 0.086574 0.059659 0.037615 0.021898 0.011067 0.002547 -0.005925 -0.015533 -0.026203 -0.036875 -0.045987 -0.052026 -0.054099 -0.052530 -0.049334 -0.048249 -0.053938 -0.070337 -0.098588 -0.135422 -0.172903 -0.204156 -0.226258 -0.223979 -0.197188 -0.154918 -0.112168 -0.083250 -0.074309 -0.079995 -0.088018 -0.087897 -0.076266 -0.056184 -0.033404 -0.012464 0.005873 0.024140 0.044476 0.065219 0.081696 0.090186 0.090461 0.084581 0.074034 0.058735 0.039104 0.018649 0.003497 -0.001510 0.003230 0.011646 0.015777 0.011342 0.001327 -0.005219 0.001182 0.024301 0.059678 0.096772 0.123906 0.133217 0.123551 0.100418 0.072902 0.048898 0.031841 0.020913 0.013332 0.006414 -0.001469 -0.010786 -0.021150 -0.031675 -0.041197 -0.048453 -0.052381 -0.052655 -0.050329 -0.048243 -0.050769 -0.062646 -0.087041 -0.123379 -0.165899 -0.203547 -0.234851 -0.244134 -0.227135 -0.189495 -0.145166 -0.109929 -0.092491 -0.089379 -0.088972 -0.081157 -0.063376 -0.039515 -0.015222 0.006289 0.025789 0.046065 0.067981 0.088372 0.102150 0.106454 0.102657 0.094554 0.084772 0.072998 0.057828 0.040189 0.024455 0.015767 0.015841 0.021019 0.024573 0.021906 0.014761 0.010758 0.018194 0.040100 0.071793 0.103015 0.122892 0.125073 0.110694 0.087456 0.064795 0.048412 0.038550 0.032353 0.026900 0.020561 0.012832 0.003677 -0.006884 -0.018743 -0.031373 -0.043625 -0.053902 -0.060766 -0.063779 -0.064261 -0.065582 -0.072628 -0.090227 -0.120700 -0.161354 -0.202779 -0.238178 -0.255430 -0.247240 -0.215866 -0.173031 -0.134275 -0.109640 -0.097426 -0.087515 -0.071147 -0.047076 -0.019943 0.005012 0.025932 0.044775 0.064448 0.085119 0.103063 0.113248 0.113335 0.105513 0.094638 0.084296 0.074401 0.062623 0.048091 0.033497 0.023573 0.021293 0.025020 0.029325 0.029427 0.025767 0.024388 0.032347 0.052041 0.078861 0.103342 0.116188 0.113445 0.098813 0.080988 0.067408 0.059845 0.055551 0.051309 0.045805 0.039285 0.032138 0.023956 0.013602 0.000012 -0.016920 -0.035947 -0.054753 -0.070711 -0.081842 -0.087762 -0.090395 -0.094102 -0.104713 -0.127103 -0.161833 -0.202262 -0.238490 -0.260509 -0.259185 -0.234134 -0.194536 -0.154494 -0.124199 -0.103394 -0.084019 -0.059358 -0.029713 -0.000319 0.024106 0.042826 0.058678 0.074857 0.091611 0.105492 0.111845 0.108527 0.097831 0.084864 0.073567 0.064026 0.053685 0.040998 0.027787 0.018306 0.015990 0.020451 0.027276 0.031526 0.032351 0.034147 0.042707 0.059937 0.081655 0.099815 0.107498 0.103585 0.093556 0.084928 0.081064 0.079687 0.076967 0.071624 0.065181 0.059629 0.055295 0.050333 0.041783 0.027275 0.006325 -0.019412 -0.046806 -0.072244 -0.092563 -0.105904 -0.112594 -0.115868 -0.121724 -0.136894 -0.164888 -0.201078 -0.236882 -0.261648 -0.265313 -0.245772 -0.209965 -0.170022 -0.135457 -0.107114 -0.079259 -0.047571 -0.013882 0.016210 0.038534 0.053222 0.063817 0.074069 0.084916 0.093760 0.096544 0.091181 0.079598 0.066379 0.054927 0.044978 0.034043 0.020978 0.007941 -0.000738 -0.001516 0.005663 0.016835 0.026767 0.033329 0.039247 0.049065 0.064360 0.081779 0.095304 0.100890 0.099904 0.097909 0.099075 0.102051 0.102239 0.097385 0.089821 0.083940 0.082371 0.083943 0.084293 0.078270 0.062614 0.037336 0.005258 -0.029491 -0.062771 -0.091068 -0.111844 -0.124153 -0.129763 -0.134006 -0.144559 -0.167251 -0.198707 -0.234226 -0.260888 -0.268178 -0.253036 -0.220738 -0.181472 -0.143731 -0.109231 -0.074619 -0.038007 -0.002542 0.026111 0.044442 0.053387 0.057182 0.060286 0.064564 0.068436 0.068560 0.062935 0.052907 0.041869 0.031722 0.021171 0.007924 -0.007878 -0.022619 -0.031149 -0.029802 -0.018630 -0.001714 0.015192 0.028686 0.039841 0.051968 0.066487 0.081247 0.092678 0.099552 0.104599 0.111527 0.120047 0.125223 0.122791 0.114150 0.105543 0.103060 0.108190 0.116709 0.121007 0.114232 0.093764 0.061891 0.023694 -0.015697 -0.052494 -0.084191 -0.108961 -0.125509 -0.134218 -0.139049 -0.147608 -0.167180 -0.195142 -0.231075 -0.259586 -0.269818 -0.258159 -0.228782 -0.190306 -0.150290 -0.111267 -0.072184 -0.033394 0.000995 0.025675 0.038124 0.040266 0.037067 0.033581 0.032367 0.032686 0.031916 0.028268 0.022379 0.015804 0.008090 -0.003465 -0.020577 -0.041028 -0.059040 -0.068253 -0.064850 -0.049257 -0.026003 -0.001483 0.019704 0.037034 0.052618 0.067849 0.082030 0.094095 0.104981 0.117283 0.131512 0.143279 0.146278 0.138866 0.126777 0.119139 0.121827 0.133303 0.145208 0.147040 0.132111 0.100970 0.060014 0.017025 -0.022496 -0.056236 -0.084049 -0.106303 -0.122649 -0.132618 -0.138366 -0.146420 -0.164578 -0.190244 -0.227051 -0.257647 -0.270740 -0.262229 -0.235501 -0.198048 -0.156823 -0.115259 -0.074431 -0.036559 -0.006180 0.012335 0.017918 0.013644 0.005006 -0.002808 -0.007011 -0.007762 -0.006937 -0.006052 -0.005508 -0.006311 -0.011743 -0.025560 -0.048010 -0.074139 -0.095942 -0.106120 -0.100916 -0.081211 -0.051974 -0.020120 0.008750 0.032671 0.052608 0.069993 0.085602 0.100503 0.116751 0.135516 0.153837 0.164689 0.162585 0.149604 0.135177 0.129569 0.136527 0.150234 0.158346 0.149300 0.119332 0.074158 0.024451 -0.020380 -0.055465 -0.080407 -0.097758 -0.110882 -0.121587 -0.129490 -0.134952 -0.142653 -0.160025 -0.183297 -0.220593 -0.253147 -0.269216 -0.264106 -0.240458 -0.204904 -0.164087 -0.122385 -0.082676 -0.048444 -0.023973 -0.012171 -0.012509 -0.021081 -0.032431 -0.041708 -0.046118 -0.045230 -0.040145 -0.032403 -0.024178 -0.019667 -0.024655 -0.042688 -0.071378 -0.102866 -0.127644 -0.138316 -0.131583 -0.108694 -0.074754 -0.036855 -0.001252 0.028895 0.053521 0.074079 0.092554 0.111428 0.132798 0.155766 0.174591 0.181399 0.172913 0.154834 0.138950 0.134973 0.143296 0.153815 0.151813 0.127382 0.081683 0.025194 -0.029530 -0.073578 -0.103004 -0.118165 -0.123065 -0.123784 -0.125091 -0.127876 -0.131291 -0.137831 -0.153918 -0.173219 -0.209468 -0.242930 -0.261596 -0.260141 -0.240388 -0.208130 -0.169724 -0.130266 -0.093846 -0.064473 -0.045690 -0.038985 -0.042820 -0.053188 -0.065068 -0.073875 -0.076502 -0.071764 -0.060298 -0.044522 -0.029290 -0.021957 -0.029430 -0.053260 -0.087688 -0.122657 -0.148509 -0.158790 -0.150963 -0.126375 -0.089799 -0.048037 -0.007586 0.027547 0.056442 0.080468 0.102330 0.125060 0.150014 0.174320 0.190661 0.191762 0.177001 0.154894 0.138203 0.134947 0.141990 0.146216 0.133047 0.096394 0.041969 -0.018294 -0.073716 -0.117382 -0.145087 -0.155429 -0.151620 -0.141374 -0.132678 -0.128803 -0.128688 -0.132828 -0.146278 -0.159244 -0.191920 -0.224113 -0.243902 -0.245434 -0.229712 -0.201624 -0.167004 -0.131145 -0.098643 -0.073534 -0.058719 -0.054982 -0.060604 -0.071829 -0.083787 -0.091570 -0.091371 -0.081449 -0.062818 -0.039854 -0.020451 -0.014006 -0.026501 -0.056145 -0.094104 -0.129549 -0.154143 -0.163191 -0.154992 -0.130618 -0.094006 -0.051216 -0.008554 0.029524 0.061472 0.088419 0.113183 0.138579 0.164905 0.187914 0.199951 0.195183 0.175426 0.150979 0.134477 0.131793 0.137023 0.136097 0.116822 0.077159 0.024314 -0.032722 -0.087530 -0.134634 -0.167522 -0.180856 -0.175226 -0.158741 -0.142227 -0.131902 -0.127477 -0.127990 -0.137061 -0.141584 -0.167807 -0.195870 -0.214299 -0.216825 -0.203733 -0.179085 -0.148040 -0.115643 -0.086524 -0.064659 -0.052740 -0.051441 -0.059082 -0.071829 -0.084386 -0.091157 -0.087763 -0.072571 -0.047932 -0.020713 -0.001155 0.001149 -0.017196 -0.050878 -0.089154 -0.121877 -0.143038 -0.150154 -0.142379 -0.120218 -0.086367 -0.045724 -0.003965 0.034439 0.067552 0.096089 0.122441 0.148704 0.174198 0.194109 0.201402 0.191999 0.169579 0.145203 0.130583 0.129518 0.134647 0.132922 0.115373 0.081927 0.037276 -0.014889 -0.071488 -0.126364 -0.169572 -0.191605 -0.190033 -0.172443 -0.151538 -0.136196 -0.127420 -0.123425 -0.126530 -0.121611 -0.139044 -0.160420 -0.175030 -0.176186 -0.163461 -0.140331 -0.111508 -0.081764 -0.055622 -0.036971 -0.028364 -0.030270 -0.040702 -0.055387 -0.068529 -0.074136 -0.067819 -0.048722 -0.020917 0.006675 0.022916 0.019630 -0.003499 -0.038540 -0.074150 -0.101638 -0.117574 -0.121872 -0.114768 -0.096281 -0.067670 -0.032280 0.005318 0.041097 0.072975 0.101150 0.127236 0.152433 0.175416 0.191547 0.195002 0.183378 0.161462 0.140091 0.129458 0.131651 0.139173 0.141105 0.130795 0.107164 0.070299 0.019866 -0.041444 -0.105386 -0.159399 -0.191312 -0.196379 -0.181165 -0.159041 -0.140567 -0.127974 -0.119153 -0.115361 -0.101409 -0.108974 -0.122319 -0.131932 -0.130706 -0.117274 -0.094561 -0.067150 -0.039791 -0.016887 -0.002018 0.002772 -0.002386 -0.014977 -0.030451 -0.043043 -0.047043 -0.038616 -0.017887 0.009762 0.034514 0.045773 0.037490 0.011779 -0.022188 -0.053362 -0.074404 -0.083905 -0.084034 -0.076621 -0.061834 -0.039747 -0.011943 0.018578 0.048718 0.076579 0.101918 0.125547 0.147892 0.167412 0.180182 0.181803 0.171169 0.153294 0.137824 0.132958 0.139515 0.150781 0.158023 0.155360 0.139200 0.106062 0.054515 -0.011398 -0.081999 -0.143965 -0.184036 -0.195851 -0.184711 -0.163669 -0.143871 -0.128373 -0.115070 -0.104419 -0.082957 -0.081021 -0.086386 -0.091342 -0.088691 -0.075881 -0.054869 -0.029938 -0.005831 0.013237 0.024217 0.025825 0.018894 0.006267 -0.007727 -0.018017 -0.019797 -0.010112 0.010162 0.035228 0.055654 0.062312 0.051102 0.025330 -0.005946 -0.032455 -0.047556 -0.050636 -0.045373 -0.035538 -0.022512 -0.006088 0.013597 0.035308 0.057312 0.078347 0.098106 0.116948 0.134930 0.150733 0.161420 0.163886 0.157681 0.147076 0.139632 0.141248 0.151879 0.166043 0.176867 0.178610 0.165978 0.134277 0.082478 0.015273 -0.057955 -0.124531 -0.170841 -0.189007 -0.182818 -0.164448 -0.144888 -0.127637 -0.110815 -0.094345 -0.067449 -0.057563 -0.055932 -0.057205 -0.054781 -0.045084 -0.028633 -0.008740 0.010337 0.024788 0.032130 0.031708 0.024775 0.014124 0.003469 -0.003188 -0.002259 0.008223 0.026993 0.048686 0.065188 0.069170 0.057829 0.034402 0.006737 -0.016030 -0.027350 -0.026004 -0.015727 -0.001762 0.012526 0.026287 0.039788 0.053135 0.066068 0.078394 0.090349 0.102495 0.115148 0.127639 0.138065 0.144179 0.145361 0.144201 0.145535 0.152921 0.165840 0.180295 0.191259 0.193763 0.182568 0.153187 0.104537 0.040367 -0.031490 -0.099761 -0.150886 -0.175314 -0.174833 -0.160351 -0.142367 -0.124644 -0.105728 -0.085251 -0.055130 -0.039584 -0.032422 -0.030798 -0.029403 -0.024223 -0.014351 -0.001633 0.010740 0.019684 0.023251 0.021145 0.014695 0.006403 -0.000719 -0.003711 -0.000169 0.010972 0.028312 0.047386 0.061755 0.065720 0.057034 0.037950 0.014436 -0.005831 -0.016278 -0.014217 -0.001864 0.015522 0.032905 0.047473 0.058510 0.066365 0.071750 0.075618 0.079246 0.084129 0.091528 0.101808 0.113980 0.126042 0.136363 0.145179 0.154405 0.165566 0.178114 0.189774 0.197677 0.198572 0.188467 0.163316 0.121096 0.063701 -0.003011 -0.069734 -0.123816 -0.154217 -0.160083 -0.150497 -0.135265 -0.118398 -0.099043 -0.076768 -0.045720 -0.027104 -0.016131 -0.012167 -0.011531 -0.010401 -0.006907 -0.001516 0.003808 0.006850 0.006187 0.001747 -0.005179 -0.012376 -0.017363 -0.017945 -0.012593 -0.000899 0.015758 0.033834 0.048357 0.054751 0.050708 0.037124 0.017981 -0.000662 -0.012544 -0.013591 -0.003673 0.013583 0.032919 0.049862 0.061897 0.068360 0.069895 0.068086 0.065279 0.064314 0.067905 0.077693 0.093370 0.112572 0.132056 0.149506 0.164265 0.176450 0.185949 0.192346 0.195113 0.193177 0.184166 0.164387 0.130569 0.082643 0.024571 -0.036715 -0.090740 -0.125911 -0.138337 -0.134473 -0.123095 -0.108427 -0.090329 -0.068490 -0.039179 -0.020010 -0.007047 -0.001323 -0.000795 -0.002232 -0.003304 -0.003525 -0.003931 -0.006050 -0.010873 -0.018244 -0.026813 -0.034483 -0.039051 -0.038748 -0.032530 -0.020329 -0.003431 0.015273 0.031706 0.041794 0.042867 0.034658 0.019583 0.002217 -0.011955 -0.018259 -0.014528 -0.001928 0.015704 0.033620 0.047867 0.056161 0.058060 0.054855 0.049417 0.045783 0.048175 0.059466 0.079714 0.105771 0.132633 0.155814 0.172868 0.183260 0.187631 0.187333 0.184002 0.178666 0.170526 0.156284 0.131587 0.094638 0.047865 -0.004082 -0.054037 -0.091527 -0.109976 -0.112446 -0.106077 -0.095066 -0.079933 -0.060599 -0.036199 -0.018719 -0.005503 0.001311 0.002292 -0.000151 -0.003587 -0.006960 -0.010770 -0.016218 -0.024063 -0.033918 -0.044239 -0.052863 -0.057685 -0.057123 -0.050325 -0.037345 -0.019430 0.000767 0.019460 0.032675 0.037515 0.033174 0.021213 0.005075 -0.010834 -0.022184 -0.025832 -0.020825 -0.008760 0.006848 0.021866 0.032837 0.037878 0.037207 0.033389 0.030984 0.035220 0.049770 0.074696 0.105952 0.137148 0.162467 0.178613 0.184980 0.182976 0.175396 0.165675 0.156667 0.149007 0.139881 0.124119 0.098441 0.064237 0.024625 -0.016927 -0.053053 -0.075912 -0.084905 -0.084781 -0.079169 -0.068905 -0.054076 -0.037736 -0.023976 -0.012089 -0.004847 -0.002968 -0.005041 -0.008836 -0.012978 -0.017689 -0.024124 -0.033020 -0.043793 -0.054621 -0.063195 -0.067454 -0.065946 -0.057940 -0.043624 -0.024417 -0.003125 0.016434 0.030433 0.036258 0.033306 0.022965 0.007956 -0.008423 -0.022821 -0.032278 -0.034823 -0.030122 -0.019730 -0.006657 0.005602 0.014242 0.018257 0.019251 0.021420 0.030077 0.048965 0.077805 0.111884 0.144193 0.168548 0.181509 0.182559 0.173602 0.158479 0.142165 0.129190 0.121511 0.116803 0.109217 0.094111 0.072229 0.046330 0.016919 -0.013284 -0.037522 -0.052258 -0.059315 -0.061046 -0.057960 -0.049904 -0.043392 -0.035596 -0.026666 -0.019696 -0.016546 -0.016998 -0.019366 -0.022202 -0.025592 -0.030776 -0.038576 -0.048228 -0.057599 -0.064239 -0.066209 -0.062299 -0.052066 -0.036063 -0.016142 0.004576 0.022347 0.033906 0.037495 0.033239 0.022771 0.008445 -0.007314 -0.022275 -0.034390 -0.041838 -0.043392 -0.038941 -0.029782 -0.018352 -0.007357 0.001483 0.008672 0.017320 0.031866 0.055343 0.086927 0.121695 0.152827 0.174441 0.183151 0.178318 0.162028 0.138998 0.115710 0.098359 0.090123 0.089046 0.088591 0.082744 0.071693 0.058966 0.043862 0.024187 0.003057 -0.014930 -0.028849 -0.039300 -0.045795 -0.047248 -0.049531 -0.050708 -0.047026 -0.041483 -0.036978 -0.034746 -0.034095 -0.033861 -0.034150 -0.036339 -0.041335 -0.048155 -0.054315 -0.057258 -0.055300 -0.047712 -0.034637 -0.017270 0.001991 0.019874 0.033105 0.039427 0.038230 0.030505 0.018260 0.003750 -0.011100 -0.024912 -0.036677 -0.045427 -0.050108 -0.049865 -0.044568 -0.035144 -0.023326 -0.010729 0.002391 0.017803 0.038442 0.066117 0.099429 0.133655 0.162613 0.180831 0.184772 0.173500 0.149347 0.118076 0.087717 0.065965 0.056945 0.058829 0.064363 0.066170 0.063720 0.061892 0.060958 0.055203 0.042408 0.025636 0.007441 -0.011139 -0.028440 -0.041940 -0.049258 -0.063017 -0.068065 -0.066289 -0.061206 -0.055747 -0.050816 -0.046082 -0.041962 -0.040047 -0.041293 -0.044404 -0.046450 -0.044762 -0.038041 -0.026282 -0.010488 0.007370 0.024472 0.037740 0.044727 0.044338 0.037046 0.024583 0.009313 -0.006433 -0.020897 -0.033150 -0.042951 -0.050280 -0.054838 -0.055907 -0.052698 -0.044904 -0.032993 -0.017870 -0.000011 0.021219 0.047152 0.078245 0.112569 0.145714 0.172050 0.186231 0.184453 0.165819 0.133471 0.094507 0.058254 0.033295 0.024081 0.028592 0.038944 0.046662 0.050319 0.056015 0.066702 0.075790 0.075772 0.065786 0.048194 0.024965 -0.001542 -0.027683 -0.035913 -0.064808 -0.082653 -0.088455 -0.085042 -0.076823 -0.066928 -0.056644 -0.047206 -0.040615 -0.037871 -0.037244 -0.035209 -0.028902 -0.017453 -0.001744 0.016234 0.033765 0.047832 0.055803 0.056148 0.048823 0.035183 0.017546 -0.001395 -0.019162 -0.033998 -0.045156 -0.052839 -0.057729 -0.060319 -0.060445 -0.057310 -0.049978 -0.037920 -0.021191 -0.000090 0.025307 0.055035 0.088361 0.122834 0.154148 0.176868 0.185611 0.176714 0.150164 0.110574 0.066312 0.027242 0.001789 -0.006106 0.001017 0.014929 0.026663 0.033974 0.043532 0.061534 0.083356 0.098105 0.099765 0.088506 0.066254 0.035343 -0.000516 -0.007959 -0.051239 -0.084501 -0.102175 -0.104134 -0.094980 -0.080252 -0.063762 -0.048317 -0.036696 -0.030039 -0.026095 -0.020570 -0.010239 0.005389 0.024514 0.044143 0.060903 0.071714 0.074449 0.068437 0.054554 0.034921 0.012358 -0.010182 -0.030115 -0.045678 -0.056232 -0.062250 -0.064871 -0.065184 -0.063583 -0.059558 -0.052012 -0.039857 -0.022493 0.000094 0.027494 0.058877 0.092586 0.125629 0.153551 0.170925 0.172638 0.156012 0.122745 0.079037 0.033829 -0.003589 -0.026028 -0.030799 -0.021140 -0.005178 0.008459 0.017136 0.027319 0.047776 0.077725 0.105904 0.121627 0.121282 0.105665 0.076669 0.037143 0.029307 -0.023469 -0.071217 -0.103560 -0.115093 -0.108109 -0.089663 -0.066704 -0.044550 -0.027347 -0.016632 -0.009681 -0.001305 0.012260 0.031269 0.053078 0.073742 0.089306 0.096688 0.094306 0.082354 0.062615 0.037880 0.011298 -0.014107 -0.035771 -0.051947 -0.062055 -0.066742 -0.067476 -0.065799 -0.062592 -0.057717 -0.050183 -0.038683 -0.022207 -0.000424 0.026198 0.056367 0.087809 0.117069 0.139516 0.149947 0.144171 0.121262 0.084814 0.041932 0.000999 -0.030301 -0.046729 -0.047220 -0.035652 -0.019528 -0.006283 0.001693 0.010126 0.028892 0.061315 0.098651 0.127651 0.140339 0.135208 0.113507 0.077120 0.066703 0.011958 -0.045321 -0.091903 -0.116212 -0.115271 -0.095319 -0.066157 -0.036475 -0.012621 0.002946 0.013129 0.023949 0.039861 0.061094 0.084360 0.104932 0.118426 0.121914 0.114498 0.097322 0.073005 0.044750 0.015653 -0.011526 -0.034377 -0.051105 -0.061008 -0.064727 -0.063916 -0.060487 -0.055807 -0.050221 -0.043075 -0.033142 -0.019238 -0.000757 0.021996 0.047655 0.073725 0.096585 0.111739 0.114710 0.102846 0.077187 0.042576 0.005792 -0.026417 -0.048539 -0.057495 -0.053813 -0.041735 -0.027613 -0.017028 -0.011494 -0.006191 0.008314 0.038247 0.078988 0.117634 0.142731 0.149547 0.138198 0.110058 0.095729 0.046445 -0.012900 -0.069647 -0.107557 -0.116438 -0.098355 -0.064196 -0.026315 0.005756 0.027735 0.042023 0.055136 0.072272 0.093976 0.116731 0.135433 0.145611 0.144748 0.132765 0.111712 0.084783 0.055157 0.025390 -0.002390 -0.026073 -0.043723 -0.054278 -0.058071 -0.056679 -0.052198 -0.046406 -0.040200 -0.033479 -0.025418 -0.014971 -0.001419 0.015177 0.033706 0.051913 0.066524 0.073734 0.070358 0.055554 0.031813 0.003968 -0.022743 -0.043764 -0.055771 -0.057643 -0.051185 -0.040565 -0.030570 -0.024558 -0.022759 -0.021102 -0.011666 0.012772 0.051586 0.094647 0.129182 0.147242 0.147038 0.129607 0.111424 0.072746 0.018823 -0.041463 -0.090730 -0.111988 -0.100060 -0.063652 -0.017794 0.024026 0.054467 0.074283 0.089767 0.106795 0.126707 0.146478 0.161289 0.167042 0.161827 0.146316 0.123198 0.095882 0.067135 0.038613 0.011512 -0.012545 -0.031537 -0.043943 -0.049580 -0.049651 -0.046114 -0.040869 -0.035187 -0.029503 -0.023540 -0.016655 -0.008279 0.001666 0.012445 0.022394 0.029087 0.029940 0.023391 0.010097 -0.007109 -0.024697 -0.039594 -0.049300 -0.052285 -0.048968 -0.041939 -0.034826 -0.030619 -0.030459 -0.033194 -0.035195 -0.030376 -0.012200 0.021263 0.063630 0.103220 0.130097 0.140148 0.133675 0.112696 0.086782 0.043718 -0.012931 -0.068596 -0.102438 -0.100936 -0.066821 -0.015118 0.036931 0.077710 0.104807 0.123145 0.138979 0.154962 0.169468 0.178784 0.179605 0.170601 0.152882 0.129412 0.103556 0.077537 0.052021 0.027144 0.003821 -0.016083 -0.030786 -0.039653 -0.043406 -0.043593 -0.041854 -0.039411 -0.036874 -0.034301 -0.031413 -0.027877 -0.023613 -0.019027 -0.015112 -0.013265 -0.014710 -0.019639 -0.026789 -0.034211 -0.040342 -0.044027 -0.044209 -0.040630 -0.034761 -0.029436 -0.027366 -0.029783 -0.035983 -0.043642 -0.049268 -0.048292 -0.035679 -0.008700 0.029438 0.069654 0.101873 0.120122 0.123459 0.101226 0.087765 0.058080 0.010829 -0.044925 -0.088720 -0.100363 -0.074092 -0.021116 0.039427 0.091244 0.127267 0.149579 0.164104 0.175081 0.183113 0.186337 0.182501 0.170630 0.151861 0.129149 0.105777 0.083581 0.062436 0.041486 0.020796 0.001728 -0.014078 -0.025867 -0.034054 -0.039722 -0.043984 -0.047593 -0.050854 -0.053712 -0.055916 -0.057183 -0.057373 -0.056615 -0.055337 -0.054091 -0.053149 -0.052137 -0.050289 -0.047233 -0.043131 -0.037952 -0.031439 -0.024198 -0.018287 -0.016300 -0.019863 -0.028778 -0.041106 -0.053783 -0.063266 -0.065858 -0.057917 -0.037071 -0.004698 0.032889 0.066932 0.090709 0.101965 0.080127 0.077331 0.060891 0.026244 -0.023721 -0.072635 -0.097330 -0.083611 -0.035567 0.029049 0.090416 0.136117 0.163970 0.178456 0.185132 0.187215 0.185115 0.177663 0.163943 0.144826 0.123193 0.102411 0.084252 0.068177 0.052595 0.036690 0.021014 0.006600 -0.006127 -0.017575 -0.028474 -0.039304 -0.050078 -0.060438 -0.069859 -0.077801 -0.083803 -0.087523 -0.088788 -0.087586 -0.083966 -0.077897 -0.069339 -0.058702 -0.047081 -0.035579 -0.024575 -0.014284 -0.005920 -0.001732 -0.003747 -0.012559 -0.027021 -0.044634 -0.062101 -0.075838 -0.082427 -0.078972 -0.063704 -0.037304 -0.004056 0.029124 0.055814 0.072849 0.052966 0.058412 0.053288 0.031781 -0.008349 -0.056850 -0.091635 -0.092512 -0.055169 0.007375 0.074387 0.128814 0.163466 0.180189 0.185024 0.183504 0.178187 0.168761 0.154133 0.134895 0.114038 0.095268 0.080605 0.069498 0.059980 0.050462 0.040458 0.029967 0.018658 0.005834 -0.008976 -0.025527 -0.042883 -0.059794 -0.075102 -0.087929 -0.097642 -0.103741 -0.105803 -0.103509 -0.096710 -0.085559 -0.070800 -0.053977 -0.037010 -0.021238 -0.007168 0.004548 0.012254 0.013819 0.007942 -0.005095 -0.023623 -0.045148 -0.066649 -0.084712 -0.095916 -0.097455 -0.087776 -0.067305 -0.039097 -0.008453 0.019030 0.039785 0.023257 0.034334 0.037676 0.027767 -0.000858 -0.044256 -0.084468 -0.098780 -0.075437 -0.020734 0.046652 0.107042 0.148643 0.169915 0.176293 0.174689 0.169086 0.159559 0.144791 0.125396 0.104805 0.087235 0.075107 0.068157 0.064435 0.061811 0.058687 0.053719 0.045466 0.032698 0.015136 -0.006151 -0.029057 -0.051217 -0.070738 -0.086489 -0.097911 -0.104648 -0.106306 -0.102496 -0.093087 -0.078572 -0.060339 -0.040517 -0.021183 -0.003593 0.011556 0.023110 0.029127 0.027797 0.018609 0.002620 -0.018221 -0.041792 -0.065796 -0.087377 -0.103193 -0.110197 -0.106555 -0.092303 -0.069659 -0.042706 -0.016168 0.006327 -0.005721 0.008249 0.016870 0.015795 -0.001773 -0.037131 -0.077955 -0.102211 -0.092983 -0.049653 0.013283 0.075952 0.123383 0.150697 0.161805 0.163702 0.160658 0.152609 0.138228 0.118671 0.098090 0.081161 0.070608 0.066588 0.067526 0.071133 0.074868 0.075979 0.071713 0.060076 0.040785 0.015639 -0.012028 -0.038538 -0.061057 -0.078148 -0.089506 -0.095271 -0.095485 -0.090022 -0.078944 -0.062975 -0.043716 -0.023279 -0.003504 0.014435 0.029500 0.040034 0.043937 0.039823 0.027996 0.010295 -0.011063 -0.034464 -0.058680 -0.081864 -0.101117 -0.113204 -0.115767 -0.108183 -0.091831 -0.069804 -0.046027 -0.023997 -0.031145 -0.017204 -0.006512 -0.001980 -0.010351 -0.036594 -0.074188 -0.104003 -0.106504 -0.075246 -0.019730 0.041918 0.093360 0.127132 0.145112 0.153089 0.154456 0.148707 0.134986 0.115517 0.095233 0.078947 0.069362 0.067000 0.070930 0.079170 0.088706 0.095664 0.096016 0.086802 0.067326 0.039656 0.008056 -0.022474 -0.047889 -0.066143 -0.077059 -0.081400 -0.079926 -0.073068 -0.061202 -0.045138 -0.026315 -0.006471 0.012893 0.030579 0.045136 0.054456 0.056357 0.049852 0.036023 0.017568 -0.002828 -0.023932 -0.045733 -0.067810 -0.088183 -0.103774 -0.111795 -0.110882 -0.101511 -0.085811 -0.066906 -0.047956 -0.051170 -0.040186 -0.030415 -0.023384 -0.025028 -0.042516 -0.074430 -0.105686 -0.116277 -0.095538 -0.048211 0.010380 0.064092 0.103890 0.129468 0.144435 0.150548 0.147003 0.134022 0.115198 0.096014 0.080952 0.072266 0.070608 0.075768 0.086499 0.099965 0.111786 0.117000 0.111608 0.094037 0.065912 0.031767 -0.002376 -0.031122 -0.051415 -0.062839 -0.066606 -0.064219 -0.056765 -0.044976 -0.029649 -0.011893 0.007015 0.025857 0.043328 0.057569 0.066087 0.066574 0.058273 0.042889 0.024066 0.005329 -0.012062 -0.029202 -0.047381 -0.066031 -0.082694 -0.094463 -0.099386 -0.097107 -0.088817 -0.076783 -0.063580 -0.065608 -0.059973 -0.053528 -0.046551 -0.043875 -0.053753 -0.078808 -0.108240 -0.123081 -0.110069 -0.069994 -0.015102 0.039640 0.084462 0.116912 0.137967 0.147706 0.145567 0.133310 0.115815 0.098713 0.085759 0.078400 0.077067 0.082071 0.093087 0.108070 0.122922 0.132364 0.131574 0.117836 0.091667 0.057063 0.020455 -0.011562 -0.034663 -0.047795 -0.052306 -0.050277 -0.043358 -0.032557 -0.018579 -0.002161 0.015834 0.034379 0.052020 0.066531 0.075032 0.074936 0.065431 0.048604 0.029091 0.011691 -0.001698 -0.012915 -0.025087 -0.039505 -0.054791 -0.068246 -0.077547 -0.081662 -0.080971 -0.076909 -0.071319 -0.076281 -0.077167 -0.075406 -0.070112 -0.064957 -0.068549 -0.086438 -0.111741 -0.127395 -0.118949 -0.084262 -0.032740 0.022209 0.070540 0.107825 0.132635 0.144008 0.142235 0.130627 0.114924 0.100554 0.090426 0.085044 0.084257 0.088444 0.098021 0.112052 0.127438 0.139371 0.142756 0.133868 0.111773 0.079174 0.042099 0.007873 -0.017889 -0.033188 -0.039220 -0.038455 -0.032980 -0.023946 -0.011850 0.002983 0.020068 0.038512 0.056696 0.072029 0.081182 0.081107 0.070678 0.052156 0.031146 0.014035 0.003946 -0.001203 -0.006321 -0.014918 -0.027112 -0.040652 -0.052921 -0.062275 -0.068405 -0.072063 -0.074432 -0.086530 -0.093537 -0.096443 -0.093277 -0.086612 -0.084961 -0.095808 -0.115482 -0.129164 -0.122316 -0.090922 -0.042099 0.012251 0.061995 0.101185 0.126851 0.137865 0.135579 0.124372 0.110326 0.098576 0.091382 0.088418 0.088704 0.092154 0.099432 0.110613 0.124000 0.135995 0.142005 0.137838 0.121173 0.092919 0.057840 0.023265 -0.004108 -0.021121 -0.028530 -0.029067 -0.025224 -0.018248 -0.008343 0.004655 0.020667 0.038926 0.057633 0.073787 0.083531 0.083286 0.071595 0.050868 0.027603 0.009766 0.001976 0.002346 0.004403 0.002251 -0.006060 -0.018897 -0.033300 -0.046883 -0.058619 -0.068713 -0.077911 -0.099755 -0.111220 -0.117499 -0.115735 -0.107571 -0.101193 -0.105202 -0.118327 -0.127975 -0.120316 -0.090447 -0.043868 0.008767 0.057491 0.095668 0.119831 0.129157 0.125659 0.114157 0.100859 0.090796 0.085899 0.085212 0.086870 0.089950 0.094835 0.102212 0.111779 0.121582 0.128259 0.127885 0.117172 0.095079 0.064399 0.031634 0.004129 -0.013674 -0.021751 -0.022920 -0.020129 -0.014835 -0.006988 0.004089 0.018758 0.036384 0.054941 0.070956 0.080049 0.078294 0.064241 0.040710 0.015004 -0.003732 -0.009658 -0.004337 0.004524 0.008768 0.004500 -0.007401 -0.023590 -0.040763 -0.057021 -0.072014 -0.086221 -0.117722 -0.131534 -0.139190 -0.137302 -0.126893 -0.115773 -0.113040 -0.119084 -0.123355 -0.113259 -0.083798 -0.039447 0.010274 0.056040 0.091374 0.112834 0.119643 0.113941 0.100850 0.086919 0.077286 0.073632 0.074444 0.077049 0.079672 0.082185 0.085519 0.090478 0.096774 0.102659 0.105078 0.100301 0.085490 0.061101 0.032105 0.005937 -0.011727 -0.019741 -0.020701 -0.018003 -0.013509 -0.007123 0.002232 0.015296 0.031500 0.048516 0.062388 0.068405 0.062783 0.044736 0.017961 -0.009540 -0.028133 -0.031574 -0.021405 -0.006276 0.003872 0.003451 -0.007400 -0.025019 -0.045189 -0.065070 -0.083689 -0.101244 -0.139792 -0.154167 -0.161251 -0.157520 -0.143797 -0.127589 -0.118079 -0.116745 -0.114892 -0.101461 -0.071836 -0.029752 0.016517 0.058675 0.090634 0.108700 0.111772 0.102282 0.086193 0.070664 0.060717 0.057397 0.058478 0.060686 0.061759 0.061305 0.060436 0.060772 0.063398 0.068107 0.072904 0.073950 0.066879 0.049818 0.025886 0.002150 -0.014695 -0.022177 -0.022319 -0.018824 -0.014109 -0.008319 -0.000260 0.010961 0.024671 0.038168 0.047151 0.047043 0.034943 0.011478 -0.018395 -0.046192 -0.062628 -0.062124 -0.046831 -0.026135 -0.011032 -0.008138 -0.017805 -0.036176 -0.058385 -0.080863 -0.102067 -0.121810 -0.163373 -0.177227 -0.182379 -0.175488 -0.157558 -0.135898 -0.119511 -0.110600 -0.102184 -0.084847 -0.054503 -0.014176 0.029112 0.067916 0.096053 0.109284 0.106689 0.092012 0.072615 0.055895 0.045885 0.042311 0.042102 0.041780 0.039269 0.034503 0.029024 0.025106 0.024797 0.029014 0.036553 0.043421 0.043912 0.034123 0.015469 -0.005484 -0.021246 -0.028042 -0.027100 -0.022230 -0.016450 -0.010425 -0.003226 0.005838 0.015765 0.023508 0.024815 0.015967 -0.004254 -0.033318 -0.065022 -0.090900 -0.102856 -0.096926 -0.076457 -0.051354 -0.032788 -0.027495 -0.035900 -0.054083 -0.076981 -0.100748 -0.123521 -0.144685 -0.184934 -0.197889 -0.200580 -0.190012 -0.167572 -0.140395 -0.117109 -0.100436 -0.085034 -0.063136 -0.031204 0.008322 0.049269 0.084397 0.107114 0.113318 0.103691 0.084200 0.063199 0.047077 0.037756 0.033215 0.029797 0.024495 0.016195 0.005762 -0.004571 -0.012003 -0.013931 -0.008880 0.002179 0.014745 0.021843 0.018017 0.003543 -0.015264 -0.030235 -0.036490 -0.034481 -0.028012 -0.020691 -0.013916 -0.007395 -0.000996 0.003815 0.003905 -0.004266 -0.022751 -0.050590 -0.083443 -0.114449 -0.135905 -0.141587 -0.129678 -0.104892 -0.077231 -0.057127 -0.050566 -0.057687 -0.074701 -0.096831 -0.120482 -0.143824 -0.165861 -0.200864 -0.213130 -0.213702 -0.199922 -0.173538 -0.141375 -0.111502 -0.087047 -0.064300 -0.037207 -0.002947 0.036220 0.074368 0.104159 0.119271 0.117297 0.101677 0.080240 0.060784 0.047194 0.038704 0.031870 0.023230 0.011049 -0.004253 -0.020619 -0.035153 -0.044755 -0.046666 -0.039390 -0.024287 -0.006791 0.004932 0.004525 -0.008055 -0.026233 -0.041184 -0.047241 -0.044334 -0.036315 -0.027386 -0.019803 -0.014163 -0.011070 -0.012320 -0.020588 -0.037971 -0.064387 -0.096862 -0.130007 -0.157251 -0.172358 -0.171285 -0.154313 -0.127156 -0.099244 -0.079502 -0.072642 -0.078423 -0.093425 -0.113549 -0.135867 -0.158908 -0.181418 -0.208025 -0.220295 -0.219905 -0.204381 -0.175606 -0.139844 -0.104426 -0.072810 -0.042966 -0.010734 0.025633 0.063603 0.097294 0.119865 0.126686 0.118246 0.100465 0.081315 0.066217 0.055807 0.047099 0.036298 0.021123 0.001664 -0.020045 -0.040987 -0.057943 -0.067853 -0.068146 -0.057759 -0.038938 -0.018322 -0.004977 -0.005361 -0.018926 -0.038316 -0.054092 -0.060226 -0.056546 -0.047144 -0.036835 -0.028758 -0.024407 -0.024973 -0.032127 -0.047495 -0.071367 -0.101761 -0.134526 -0.164277 -0.185517 -0.193783 -0.187040 -0.167121 -0.140006 -0.113892 -0.095824 -0.089213 -0.093576 -0.106017 -0.123291 -0.143367 -0.165385 -0.188037 -0.204118 -0.217417 -0.217893 -0.202982 -0.174333 -0.137382 -0.098580 -0.061648 -0.026231 0.009775 0.046773 0.081847 0.109632 0.124917 0.125807 0.115473 0.100589 0.087216 0.077442 0.069172 0.058531 0.042631 0.021047 -0.004303 -0.030204 -0.053223 -0.070267 -0.078625 -0.076197 -0.062690 -0.041528 -0.020499 -0.009012 -0.012747 -0.029797 -0.051719 -0.068678 -0.074791 -0.070251 -0.059602 -0.048257 -0.040072 -0.037147 -0.040800 -0.052116 -0.071478 -0.097701 -0.127697 -0.157080 -0.181175 -0.195841 -0.198233 -0.187815 -0.167227 -0.142023 -0.118854 -0.103029 -0.096930 -0.099953 -0.109668 -0.123634 -0.140781 -0.161056 -0.183406 -0.187903 -0.203232 -0.206747 -0.195429 -0.170244 -0.135534 -0.096774 -0.057830 -0.019843 0.017361 0.052941 0.083960 0.106326 0.117182 0.117136 0.110430 0.102374 0.095963 0.090378 0.082238 0.068247 0.047268 0.020796 -0.007923 -0.035180 -0.057693 -0.072811 -0.078358 -0.072903 -0.057135 -0.035672 -0.017068 -0.010343 -0.019654 -0.041335 -0.065922 -0.083600 -0.089141 -0.083464 -0.071663 -0.059570 -0.051363 -0.049237 -0.054249 -0.066905 -0.086805 -0.111935 -0.138703 -0.162926 -0.180833 -0.189558 -0.187537 -0.175191 -0.155382 -0.132907 -0.113008 -0.099639 -0.094395 -0.096465 -0.103665 -0.114172 -0.127794 -0.145402 -0.166612 -0.159469 -0.177048 -0.185310 -0.180521 -0.162507 -0.134187 -0.099881 -0.063314 -0.026652 0.008865 0.041642 0.069209 0.089082 0.100375 0.104742 0.105500 0.105354 0.104510 0.100650 0.090647 0.072738 0.047717 0.018564 -0.010877 -0.037084 -0.057299 -0.069413 -0.071801 -0.063770 -0.047018 -0.027117 -0.012819 -0.012110 -0.027274 -0.052972 -0.079129 -0.096439 -0.100686 -0.093645 -0.080813 -0.068038 -0.059292 -0.056529 -0.060737 -0.072452 -0.090981 -0.113581 -0.136130 -0.154730 -0.166613 -0.170114 -0.164679 -0.151309 -0.132803 -0.113221 -0.096683 -0.086081 -0.082260 -0.084054 -0.089311 -0.096563 -0.106219 -0.120003 -0.138600 -0.121009 -0.139318 -0.152166 -0.155274 -0.147125 -0.128909 -0.103419 -0.073672 -0.042071 -0.010466 0.019352 0.045527 0.066661 0.082520 0.094066 0.102539 0.108212 0.109791 0.104944 0.091729 0.070143 0.042605 0.012938 -0.015165 -0.038901 -0.056194 -0.065339 -0.065066 -0.055299 -0.038569 -0.021029 -0.011149 -0.015625 -0.035028 -0.062838 -0.088899 -0.104749 -0.107260 -0.098870 -0.085072 -0.071228 -0.060824 -0.055901 -0.058161 -0.068596 -0.085799 -0.105677 -0.123510 -0.136072 -0.141889 -0.140481 -0.132098 -0.118094 -0.101105 -0.084536 -0.071565 -0.064140 -0.062398 -0.064808 -0.069142 -0.073953 -0.079747 -0.088728 -0.102767