# vtk DataFile Version 3.0
PINNeAPPle dataset — demo_cavity
ASCII
DATASET RECTILINEAR_GRID
DIMENSIONS 64 64 1
X_COORDINATES 64 float
0.000000 0.015873 0.031746 0.047619 0.063492 0.079365 0.095238 0.111111 0.126984 0.142857 0.158730 0.174603 0.190476 0.206349 0.222222 0.238095 0.253968 0.269841 0.285714 0.301587 0.317460 0.333333 0.349206 0.365079 0.380952 0.396825 0.412698 0.428571 0.444444 0.460317 0.476190 0.492063 0.507937 0.523810 0.539683 0.555556 0.571429 0.587302 0.603175 0.619048 0.634921 0.650794 0.666667 0.682540 0.698413 0.714286 0.730159 0.746032 0.761905 0.777778 0.793651 0.809524 0.825397 0.841270 0.857143 0.873016 0.888889 0.904762 0.920635 0.936508 0.952381 0.968254 0.984127 1.000000
Y_COORDINATES 64 float
0.000000 0.015873 0.031746 0.047619 0.063492 0.079365 0.095238 0.111111 0.126984 0.142857 0.158730 0.174603 0.190476 0.206349 0.222222 0.238095 0.253968 0.269841 0.285714 0.301587 0.317460 0.333333 0.349206 0.365079 0.380952 0.396825 0.412698 0.428571 0.444444 0.460317 0.476190 0.492063 0.507937 0.523810 0.539683 0.555556 0.571429 0.587302 0.603175 0.619048 0.634921 0.650794 0.666667 0.682540 0.698413 0.714286 0.730159 0.746032 0.761905 0.777778 0.793651 0.809524 0.825397 0.841270 0.857143 0.873016 0.888889 0.904762 0.920635 0.936508 0.952381 0.968254 0.984127 1.000000
Z_COORDINATES 1 float
0.0
POINT_DATA 4096
SCALARS u float 1
LOOKUP_TABLE default
0.003119 0.003118 0.003013 0.002810 0.002521 0.002158 0.001733 0.001256 0.000741 0.000202 -0.000340 -0.000867 -0.001361 -0.001812 -0.002212 -0.002554 -0.002837 -0.003063 -0.003235 -0.003357 -0.003430 -0.003451 -0.003416 -0.003322 -0.003166 -0.002956 -0.002700 -0.002415 -0.002118 -0.001825 -0.001552 -0.001309 -0.001102 -0.000927 -0.000780 -0.000648 -0.000516 -0.000371 -0.000206 -0.000015 0.000194 0.000415 0.000632 0.000832 0.001004 0.001135 0.001221 0.001258 0.001247 0.001197 0.001119 0.001033 0.000958 0.000916 0.000924 0.000997 0.001140 0.001351 0.001620 0.001929 0.002252 0.002561 0.002825 0.003018 0.002766 0.002887 0.002901 0.002807 0.002611 0.002322 0.001951 0.001509 0.001009 0.000470 -0.000084 -0.000632 -0.001154 -0.001636 -0.002071 -0.002456 -0.002791 -0.003077 -0.003316 -0.003510 -0.003656 -0.003750 -0.003786 -0.003758 -0.003662 -0.003501 -0.003281 -0.003013 -0.002714 -0.002398 -0.002081 -0.001775 -0.001488 -0.001224 -0.000979 -0.000749 -0.000525 -0.000299 -0.000069 0.000164 0.000396 0.000615 0.000813 0.000979 0.001106 0.001187 0.001219 0.001201 0.001136 0.001029 0.000894 0.000746 0.000606 0.000494 0.000431 0.000434 0.000513 0.000674 0.000912 0.001214 0.001558 0.001916 0.002258 0.002550 0.002403 0.002630 0.002754 0.002768 0.002669 0.002465 0.002162 0.001771 0.001306 0.000787 0.000238 -0.000317 -0.000854 -0.001359 -0.001825 -0.002250 -0.002635 -0.002980 -0.003284 -0.003545 -0.003760 -0.003922 -0.004025 -0.004062 -0.004029 -0.003924 -0.003749 -0.003511 -0.003221 -0.002893 -0.002543 -0.002186 -0.001832 -0.001490 -0.001164 -0.000852 -0.000556 -0.000272 -0.000003 0.000247 0.000473 0.000667 0.000826 0.000943 0.001018 0.001049 0.001035 0.000976 0.000875 0.000737 0.000572 0.000393 0.000219 0.000069 -0.000037 -0.000080 -0.000045 0.000077 0.000288 0.000579 0.000932 0.001323 0.001721 0.002091 0.002049 0.002357 0.002572 0.002681 0.002677 0.002559 0.002334 0.002009 0.001597 0.001117 0.000592 0.000048 -0.000490 -0.001007 -0.001496 -0.001954 -0.002381 -0.002775 -0.003133 -0.003450 -0.003721 -0.003939 -0.004099 -0.004196 -0.004223 -0.004177 -0.004055 -0.003859 -0.003595 -0.003275 -0.002913 -0.002526 -0.002129 -0.001735 -0.001352 -0.000989 -0.000649 -0.000339 -0.000062 0.000177 0.000373 0.000525 0.000633 0.000699 0.000727 0.000719 0.000678 0.000603 0.000495 0.000357 0.000196 0.000022 -0.000151 -0.000305 -0.000423 -0.000486 -0.000475 -0.000378 -0.000192 0.000081 0.000429 0.000829 0.001254 0.001672 0.001699 0.002056 0.002336 0.002522 0.002601 0.002570 0.002428 0.002181 0.001838 0.001415 0.000934 0.000420 -0.000102 -0.000616 -0.001113 -0.001590 -0.002043 -0.002471 -0.002865 -0.003219 -0.003527 -0.003784 -0.003986 -0.004130 -0.004211 -0.004223 -0.004158 -0.004015 -0.003794 -0.003504 -0.003158 -0.002772 -0.002364 -0.001952 -0.001549 -0.001169 -0.000823 -0.000518 -0.000262 -0.000059 0.000091 0.000191 0.000249 0.000272 0.000269 0.000244 0.000200 0.000137 0.000052 -0.000054 -0.000179 -0.000317 -0.000459 -0.000590 -0.000694 -0.000754 -0.000752 -0.000674 -0.000512 -0.000265 0.000058 0.000441 0.000862 0.001291 0.001326 0.001699 0.002017 0.002258 0.002408 0.002456 0.002400 0.002239 0.001979 0.001632 0.001215 0.000753 0.000267 -0.000224 -0.000709 -0.001184 -0.001643 -0.002081 -0.002489 -0.002858 -0.003181 -0.003456 -0.003683 -0.003859 -0.003983 -0.004045 -0.004039 -0.003955 -0.003792 -0.003553 -0.003250 -0.002898 -0.002515 -0.002123 -0.001739 -0.001380 -0.001061 -0.000793 -0.000582 -0.000430 -0.000332 -0.000281 -0.000263 -0.000265 -0.000278 -0.000295 -0.000316 -0.000343 -0.000381 -0.000434 -0.000502 -0.000585 -0.000677 -0.000768 -0.000845 -0.000892 -0.000892 -0.000831 -0.000699 -0.000492 -0.000212 0.000129 0.000515 0.000922 0.000899 0.001260 0.001588 0.001862 0.002065 0.002185 0.002212 0.002142 0.001975 0.001720 0.001388 0.000999 0.000574 0.000130 -0.000320 -0.000768 -0.001207 -0.001629 -0.002024 -0.002383 -0.002700 -0.002974 -0.003207 -0.003401 -0.003553 -0.003658 -0.003704 -0.003682 -0.003585 -0.003414 -0.003175 -0.002884 -0.002559 -0.002221 -0.001890 -0.001586 -0.001323 -0.001114 -0.000962 -0.000866 -0.000818 -0.000803 -0.000806 -0.000813 -0.000812 -0.000801 -0.000781 -0.000757 -0.000738 -0.000729 -0.000736 -0.000760 -0.000801 -0.000852 -0.000901 -0.000935 -0.000940 -0.000901 -0.000808 -0.000653 -0.000435 -0.000157 0.000169 0.000528 0.000395 0.000720 0.001035 0.001320 0.001559 0.001736 0.001839 0.001859 0.001792 0.001640 0.001410 0.001115 0.000774 0.000403 0.000017 -0.000376 -0.000766 -0.001144 -0.001500 -0.001827 -0.002117 -0.002373 -0.002598 -0.002796 -0.002966 -0.003103 -0.003194 -0.003230 -0.003200 -0.003103 -0.002943 -0.002731 -0.002485 -0.002225 -0.001972 -0.001744 -0.001555 -0.001416 -0.001327 -0.001283 -0.001272 -0.001277 -0.001281 -0.001271 -0.001240 -0.001187 -0.001119 -0.001043 -0.000970 -0.000908 -0.000865 -0.000845 -0.000848 -0.000870 -0.000902 -0.000935 -0.000954 -0.000947 -0.000902 -0.000809 -0.000663 -0.000463 -0.000213 0.000078 -0.000188 0.000083 0.000365 0.000640 0.000894 0.001111 0.001277 0.001380 0.001411 0.001368 0.001251 0.001069 0.000834 0.000562 0.000266 -0.000043 -0.000355 -0.000662 -0.000956 -0.001229 -0.001477 -0.001704 -0.001912 -0.002106 -0.002285 -0.002445 -0.002574 -0.002660 -0.002693 -0.002668 -0.002588 -0.002461 -0.002303 -0.002132 -0.001966 -0.001822 -0.001712 -0.001642 -0.001609 -0.001605 -0.001614 -0.001620 -0.001607 -0.001566 -0.001495 -0.001399 -0.001287 -0.001170 -0.001061 -0.000968 -0.000900 -0.000860 -0.000848 -0.000863 -0.000897 -0.000942 -0.000987 -0.001020 -0.001029 -0.001003 -0.000934 -0.000816 -0.000648 -0.000436 -0.000833 -0.000628 -0.000398 -0.000153 0.000094 0.000329 0.000540 0.000712 0.000834 0.000898 0.000900 0.000842 0.000731 0.000580 0.000399 0.000199 -0.000010 -0.000223 -0.000434 -0.000638 -0.000835 -0.001025 -0.001213 -0.001400 -0.001586 -0.001763 -0.001921 -0.002048 -0.002134 -0.002173 -0.002166 -0.002120 -0.002046 -0.001960 -0.001877 -0.001811 -0.001771 -0.001758 -0.001766 -0.001784 -0.001795 -0.001785 -0.001743 -0.001665 -0.001554 -0.001421 -0.001279 -0.001143 -0.001023 -0.000929 -0.000866 -0.000836 -0.000838 -0.000869 -0.000925 -0.000997 -0.001077 -0.001154 -0.001217 -0.001256 -0.001259 -0.001220 -0.001135 -0.001005 -0.001508 -0.001377 -0.001212 -0.001017 -0.000799 -0.000568 -0.000335 -0.000113 0.000084 0.000246 0.000364 0.000434 0.000458 0.000442 0.000396 0.000325 0.000237 0.000135 0.000020 -0.000108 -0.000248 -0.000402 -0.000572 -0.000755 -0.000947 -0.001138 -0.001318 -0.001476 -0.001603 -0.001693 -0.001747 -0.001767 -0.001763 -0.001747 -0.001732 -0.001727 -0.001738 -0.001762 -0.001791 -0.001811 -0.001809 -0.001771 -0.001694 -0.001579 -0.001436 -0.001280 -0.001129 -0.000997 -0.000895 -0.000829 -0.000800 -0.000807 -0.000847 -0.000915 -0.001007 -0.001116 -0.001234 -0.001355 -0.001467 -0.001561 -0.001628 -0.001659 -0.001650 -0.001600 -0.002172 -0.002120 -0.002030 -0.001900 -0.001731 -0.001527 -0.001296 -0.001047 -0.000794 -0.000550 -0.000327 -0.000134 0.000027 0.000154 0.000250 0.000320 0.000363 0.000379 0.000362 0.000312 0.000224 0.000100 -0.000057 -0.000240 -0.000438 -0.000640 -0.000836 -0.001015 -0.001171 -0.001299 -0.001396 -0.001465 -0.001512 -0.001545 -0.001574 -0.001607 -0.001644 -0.001681 -0.001709 -0.001714 -0.001685 -0.001614 -0.001503 -0.001358 -0.001196 -0.001036 -0.000896 -0.000791 -0.000729 -0.000712 -0.000739 -0.000802 -0.000895 -0.001012 -0.001146 -0.001294 -0.001449 -0.001606 -0.001758 -0.001896 -0.002014 -0.002104 -0.002163 -0.002185 -0.002785 -0.002812 -0.002800 -0.002745 -0.002639 -0.002482 -0.002275 -0.002023 -0.001737 -0.001432 -0.001121 -0.000817 -0.000529 -0.000264 -0.000026 0.000182 0.000354 0.000482 0.000557 0.000573 0.000527 0.000425 0.000275 0.000090 -0.000114 -0.000323 -0.000527 -0.000719 -0.000893 -0.001044 -0.001170 -0.001270 -0.001347 -0.001406 -0.001455 -0.001499 -0.001536 -0.001564 -0.001570 -0.001546 -0.001483 -0.001379 -0.001238 -0.001076 -0.000910 -0.000762 -0.000649 -0.000587 -0.000578 -0.000622 -0.000712 -0.000836 -0.000985 -0.001151 -0.001327 -0.001508 -0.001693 -0.001876 -0.002055 -0.002226 -0.002382 -0.002520 -0.002635 -0.002725 -0.003310 -0.003410 -0.003475 -0.003496 -0.003462 -0.003364 -0.003197 -0.002963 -0.002669 -0.002326 -0.001950 -0.001556 -0.001160 -0.000773 -0.000408 -0.000077 0.000206 0.000428 0.000575 0.000641 0.000625 0.000535 0.000388 0.000203 -0.000001 -0.000211 -0.000417 -0.000614 -0.000798 -0.000964 -0.001105 -0.001220 -0.001308 -0.001373 -0.001419 -0.001450 -0.001467 -0.001464 -0.001435 -0.001372 -0.001271 -0.001136 -0.000977 -0.000809 -0.000653 -0.000530 -0.000456 -0.000441 -0.000487 -0.000589 -0.000736 -0.000913 -0.001109 -0.001313 -0.001520 -0.001725 -0.001927 -0.002126 -0.002322 -0.002513 -0.002698 -0.002873 -0.003037 -0.003184 -0.003721 -0.003884 -0.004017 -0.004109 -0.004144 -0.004109 -0.003994 -0.003793 -0.003510 -0.003154 -0.002739 -0.002283 -0.001805 -0.001326 -0.000864 -0.000441 -0.000076 0.000212 0.000406 0.000502 0.000501 0.000420 0.000278 0.000100 -0.000097 -0.000299 -0.000502 -0.000700 -0.000890 -0.001063 -0.001212 -0.001330 -0.001415 -0.001469 -0.001495 -0.001497 -0.001475 -0.001428 -0.001353 -0.001247 -0.001111 -0.000952 -0.000783 -0.000622 -0.000487 -0.000396 -0.000362 -0.000392 -0.000483 -0.000628 -0.000813 -0.001024 -0.001247 -0.001472 -0.001693 -0.001907 -0.002115 -0.002320 -0.002523 -0.002727 -0.002933 -0.003139 -0.003342 -0.003538 -0.004004 -0.004217 -0.004405 -0.004555 -0.004650 -0.004674 -0.004611 -0.004452 -0.004196 -0.003848 -0.003421 -0.002935 -0.002413 -0.001879 -0.001360 -0.000884 -0.000475 -0.000155 0.000061 0.000169 0.000178 0.000107 -0.000021 -0.000183 -0.000363 -0.000552 -0.000748 -0.000947 -0.001142 -0.001322 -0.001475 -0.001590 -0.001664 -0.001697 -0.001691 -0.001651 -0.001582 -0.001484 -0.001359 -0.001211 -0.001045 -0.000871 -0.000702 -0.000556 -0.000447 -0.000389 -0.000390 -0.000452 -0.000570 -0.000735 -0.000933 -0.001152 -0.001377 -0.001601 -0.001818 -0.002026 -0.002229 -0.002431 -0.002636 -0.002849 -0.003071 -0.003303 -0.003540 -0.003776 -0.004160 -0.004410 -0.004638 -0.004829 -0.004969 -0.005040 -0.005024 -0.004909 -0.004688 -0.004366 -0.003954 -0.003471 -0.002942 -0.002396 -0.001864 -0.001376 -0.000960 -0.000637 -0.000420 -0.000307 -0.000286 -0.000339 -0.000442 -0.000577 -0.000734 -0.000909 -0.001100 -0.001304 -0.001508 -0.001697 -0.001854 -0.001966 -0.002025 -0.002032 -0.001989 -0.001904 -0.001783 -0.001634 -0.001463 -0.001279 -0.001090 -0.000909 -0.000749 -0.000623 -0.000542 -0.000512 -0.000536 -0.000612 -0.000734 -0.000893 -0.001077 -0.001275 -0.001478 -0.001679 -0.001874 -0.002065 -0.002254 -0.002448 -0.002652 -0.002871 -0.003108 -0.003362 -0.003627 -0.003895 -0.004198 -0.004475 -0.004729 -0.004947 -0.005115 -0.005218 -0.005238 -0.005162 -0.004982 -0.004698 -0.004322 -0.003870 -0.003369 -0.002849 -0.002340 -0.001874 -0.001478 -0.001169 -0.000956 -0.000837 -0.000798 -0.000822 -0.000892 -0.000997 -0.001131 -0.001296 -0.001490 -0.001705 -0.001925 -0.002128 -0.002293 -0.002403 -0.002449 -0.002430 -0.002352 -0.002223 -0.002056 -0.001861 -0.001652 -0.001441 -0.001240 -0.001061 -0.000915 -0.000811 -0.000753 -0.000741 -0.000775 -0.000847 -0.000951 -0.001079 -0.001224 -0.001379 -0.001537 -0.001698 -0.001859 -0.002022 -0.002192 -0.002375 -0.002576 -0.002801 -0.003051 -0.003324 -0.003612 -0.003907 -0.004139 -0.004434 -0.004702 -0.004933 -0.005116 -0.005237 -0.005281 -0.005236 -0.005094 -0.004854 -0.004525 -0.004124 -0.003673 -0.003202 -0.002740 -0.002314 -0.001948 -0.001656 -0.001446 -0.001314 -0.001249 -0.001239 -0.001276 -0.001354 -0.001476 -0.001642 -0.001848 -0.002082 -0.002323 -0.002545 -0.002723 -0.002836 -0.002874 -0.002835 -0.002728 -0.002563 -0.002358 -0.002130 -0.001895 -0.001670 -0.001468 -0.001300 -0.001172 -0.001088 -0.001047 -0.001044 -0.001072 -0.001124 -0.001193 -0.001272 -0.001360 -0.001454 -0.001554 -0.001663 -0.001780 -0.001911 -0.002059 -0.002230 -0.002428 -0.002657 -0.002918 -0.003206 -0.003513 -0.003828 -0.004002 -0.004307 -0.004582 -0.004818 -0.005005 -0.005132 -0.005189 -0.005164 -0.005052 -0.004852 -0.004571 -0.004224 -0.003831 -0.003416 -0.003004 -0.002620 -0.002282 -0.002002 -0.001787 -0.001635 -0.001542 -0.001502 -0.001514 -0.001580 -0.001702 -0.001881 -0.002109 -0.002370 -0.002638 -0.002883 -0.003078 -0.003200 -0.003238 -0.003190 -0.003064 -0.002876 -0.002649 -0.002403 -0.002159 -0.001935 -0.001744 -0.001593 -0.001486 -0.001421 -0.001390 -0.001386 -0.001399 -0.001419 -0.001440 -0.001460 -0.001481 -0.001506 -0.001542 -0.001593 -0.001664 -0.001760 -0.001885 -0.002043 -0.002237 -0.002467 -0.002734 -0.003031 -0.003350 -0.003679 -0.003808 -0.004116 -0.004392 -0.004625 -0.004808 -0.004932 -0.004989 -0.004973 -0.004880 -0.004710 -0.004468 -0.004166 -0.003822 -0.003454 -0.003085 -0.002731 -0.002411 -0.002134 -0.001908 -0.001735 -0.001618 -0.001558 -0.001561 -0.001629 -0.001767 -0.001970 -0.002227 -0.002518 -0.002815 -0.003087 -0.003304 -0.003443 -0.003490 -0.003444 -0.003315 -0.003122 -0.002891 -0.002647 -0.002413 -0.002206 -0.002039 -0.001914 -0.001831 -0.001783 -0.001759 -0.001748 -0.001737 -0.001719 -0.001688 -0.001645 -0.001597 -0.001553 -0.001524 -0.001518 -0.001544 -0.001606 -0.001708 -0.001852 -0.002038 -0.002265 -0.002530 -0.002828 -0.003149 -0.003481 -0.003579 -0.003879 -0.004147 -0.004370 -0.004541 -0.004653 -0.004702 -0.004683 -0.004595 -0.004440 -0.004222 -0.003951 -0.003640 -0.003305 -0.002962 -0.002626 -0.002312 -0.002031 -0.001791 -0.001601 -0.001468 -0.001401 -0.001408 -0.001492 -0.001654 -0.001887 -0.002175 -0.002496 -0.002822 -0.003121 -0.003364 -0.003527 -0.003595 -0.003567 -0.003453 -0.003276 -0.003064 -0.002844 -0.002640 -0.002469 -0.002338 -0.002249 -0.002194 -0.002164 -0.002145 -0.002124 -0.002088 -0.002030 -0.001947 -0.001844 -0.001731 -0.001622 -0.001532 -0.001474 -0.001457 -0.001487 -0.001566 -0.001693 -0.001867 -0.002083 -0.002338 -0.002626 -0.002937 -0.003259 -0.003333 -0.003612 -0.003859 -0.004062 -0.004213 -0.004305 -0.004335 -0.004304 -0.004210 -0.004056 -0.003849 -0.003594 -0.003303 -0.002986 -0.002658 -0.002330 -0.002015 -0.001725 -0.001473 -0.001271 -0.001131 -0.001065 -0.001083 -0.001188 -0.001377 -0.001638 -0.001954 -0.002300 -0.002650 -0.002975 -0.003247 -0.003441 -0.003542 -0.003548 -0.003471 -0.003332 -0.003162 -0.002989 -0.002836 -0.002718 -0.002638 -0.002593 -0.002573 -0.002565 -0.002553 -0.002524 -0.002464 -0.002368 -0.002237 -0.002078 -0.001907 -0.001741 -0.001598 -0.001494 -0.001439 -0.001439 -0.001494 -0.001602 -0.001757 -0.001955 -0.002189 -0.002453 -0.002739 -0.003037 -0.003094 -0.003334 -0.003545 -0.003714 -0.003831 -0.003892 -0.003896 -0.003842 -0.003733 -0.003574 -0.003368 -0.003122 -0.002843 -0.002541 -0.002223 -0.001900 -0.001585 -0.001290 -0.001029 -0.000820 -0.000677 -0.000614 -0.000642 -0.000762 -0.000970 -0.001250 -0.001584 -0.001947 -0.002315 -0.002661 -0.002961 -0.003191 -0.003337 -0.003395 -0.003374 -0.003297 -0.003192 -0.003088 -0.003006 -0.002956 -0.002941 -0.002951 -0.002974 -0.002993 -0.002992 -0.002957 -0.002876 -0.002746 -0.002572 -0.002364 -0.002142 -0.001928 -0.001740 -0.001597 -0.001510 -0.001482 -0.001514 -0.001599 -0.001731 -0.001902 -0.002104 -0.002333 -0.002580 -0.002838 -0.002882 -0.003066 -0.003223 -0.003340 -0.003410 -0.003427 -0.003393 -0.003308 -0.003179 -0.003008 -0.002802 -0.002564 -0.002300 -0.002014 -0.001713 -0.001403 -0.001096 -0.000804 -0.000542 -0.000330 -0.000185 -0.000122 -0.000151 -0.000275 -0.000487 -0.000771 -0.001108 -0.001474 -0.001849 -0.002209 -0.002534 -0.002803 -0.003002 -0.003124 -0.003178 -0.003182 -0.003163 -0.003147 -0.003151 -0.003185 -0.003245 -0.003319 -0.003392 -0.003444 -0.003458 -0.003420 -0.003321 -0.003162 -0.002950 -0.002701 -0.002438 -0.002183 -0.001960 -0.001786 -0.001672 -0.001621 -0.001630 -0.001692 -0.001797 -0.001935 -0.002099 -0.002283 -0.002479 -0.002682 -0.002715 -0.002828 -0.002913 -0.002961 -0.002966 -0.002925 -0.002841 -0.002717 -0.002559 -0.002374 -0.002167 -0.001940 -0.001697 -0.001438 -0.001166 -0.000884 -0.000600 -0.000325 -0.000074 0.000133 0.000279 0.000346 0.000325 0.000213 0.000014 -0.000255 -0.000578 -0.000932 -0.001300 -0.001664 -0.002006 -0.002311 -0.002565 -0.002760 -0.002900 -0.002999 -0.003080 -0.003163 -0.003266 -0.003391 -0.003534 -0.003678 -0.003805 -0.003893 -0.003925 -0.003887 -0.003774 -0.003590 -0.003347 -0.003065 -0.002769 -0.002485 -0.002237 -0.002040 -0.001906 -0.001837 -0.001827 -0.001867 -0.001945 -0.002050 -0.002173 -0.002307 -0.002447 -0.002585 -0.002603 -0.002634 -0.002634 -0.002598 -0.002522 -0.002408 -0.002259 -0.002084 -0.001890 -0.001685 -0.001475 -0.001261 -0.001044 -0.000823 -0.000593 -0.000356 -0.000114 0.000125 0.000348 0.000539 0.000678 0.000749 0.000742 0.000652 0.000482 0.000244 -0.000047 -0.000373 -0.000720 -0.001075 -0.001425 -0.001757 -0.002061 -0.002327 -0.002555 -0.002754 -0.002939 -0.003127 -0.003331 -0.003550 -0.003776 -0.003991 -0.004172 -0.004297 -0.004347 -0.004311 -0.004188 -0.003983 -0.003716 -0.003410 -0.003093 -0.002791 -0.002527 -0.002319 -0.002174 -0.002093 -0.002069 -0.002092 -0.002148 -0.002225 -0.002310 -0.002396 -0.002478 -0.002548 -0.002535 -0.002481 -0.002390 -0.002260 -0.002093 -0.001892 -0.001667 -0.001429 -0.001188 -0.000954 -0.000734 -0.000531 -0.000342 -0.000163 0.000012 0.000190 0.000372 0.000556 0.000733 0.000889 0.001008 0.001075 0.001079 0.001013 0.000879 0.000683 0.000437 0.000152 -0.000161 -0.000493 -0.000836 -0.001182 -0.001523 -0.001849 -0.002157 -0.002449 -0.002733 -0.003020 -0.003318 -0.003624 -0.003927 -0.004206 -0.004436 -0.004595 -0.004664 -0.004632 -0.004502 -0.004285 -0.004004 -0.003684 -0.003356 -0.003047 -0.002780 -0.002570 -0.002423 -0.002339 -0.002310 -0.002324 -0.002365 -0.002420 -0.002476 -0.002521 -0.002550 -0.002557 -0.002483 -0.002348 -0.002166 -0.001941 -0.001677 -0.001384 -0.001075 -0.000764 -0.000466 -0.000193 0.000045 0.000245 0.000410 0.000546 0.000663 0.000772 0.000881 0.000993 0.001105 0.001208 0.001289 0.001336 0.001339 0.001291 0.001189 0.001037 0.000839 0.000603 0.000335 0.000039 -0.000283 -0.000627 -0.000986 -0.001353 -0.001721 -0.002087 -0.002452 -0.002821 -0.003197 -0.003574 -0.003938 -0.004269 -0.004540 -0.004728 -0.004813 -0.004789 -0.004659 -0.004440 -0.004155 -0.003834 -0.003509 -0.003205 -0.002944 -0.002741 -0.002601 -0.002522 -0.002495 -0.002507 -0.002543 -0.002586 -0.002621 -0.002637 -0.002623 -0.002574 -0.002398 -0.002192 -0.001929 -0.001616 -0.001260 -0.000877 -0.000483 -0.000097 0.000264 0.000582 0.000846 0.001052 0.001200 0.001298 0.001359 0.001397 0.001427 0.001457 0.001490 0.001524 0.001549 0.001558 0.001542 0.001495 0.001413 0.001296 0.001143 0.000957 0.000737 0.000484 0.000196 -0.000126 -0.000481 -0.000862 -0.001262 -0.001673 -0.002091 -0.002515 -0.002942 -0.003365 -0.003771 -0.004136 -0.004435 -0.004644 -0.004745 -0.004732 -0.004612 -0.004402 -0.004128 -0.003821 -0.003511 -0.003224 -0.002980 -0.002792 -0.002665 -0.002595 -0.002575 -0.002590 -0.002626 -0.002665 -0.002689 -0.002685 -0.002641 -0.002547 -0.002223 -0.001961 -0.001634 -0.001248 -0.000816 -0.000356 0.000113 0.000567 0.000985 0.001349 0.001644 0.001862 0.002002 0.002071 0.002084 0.002056 0.002008 0.001953 0.001901 0.001854 0.001810 0.001763 0.001710 0.001645 0.001565 0.001467 0.001348 0.001203 0.001029 0.000823 0.000579 0.000294 -0.000034 -0.000400 -0.000798 -0.001219 -0.001654 -0.002097 -0.002542 -0.002982 -0.003401 -0.003780 -0.004092 -0.004315 -0.004431 -0.004435 -0.004334 -0.004147 -0.003899 -0.003622 -0.003341 -0.003082 -0.002864 -0.002697 -0.002585 -0.002527 -0.002514 -0.002534 -0.002571 -0.002608 -0.002626 -0.002609 -0.002543 -0.002416 -0.001914 -0.001615 -0.001243 -0.000808 -0.000324 0.000190 0.000711 0.001215 0.001679 0.002080 0.002403 0.002635 0.002774 0.002824 0.002800 0.002718 0.002600 0.002467 0.002332 0.002203 0.002082 0.001969 0.001864 0.001763 0.001666 0.001568 0.001465 0.001348 0.001212 0.001050 0.000855 0.000619 0.000339 0.000015 -0.000347 -0.000739 -0.001151 -0.001575 -0.002002 -0.002425 -0.002831 -0.003200 -0.003510 -0.003738 -0.003868 -0.003893 -0.003821 -0.003670 -0.003463 -0.003230 -0.002993 -0.002775 -0.002590 -0.002449 -0.002355 -0.002307 -0.002298 -0.002319 -0.002353 -0.002385 -0.002396 -0.002368 -0.002286 -0.002137 -0.001457 -0.001140 -0.000748 -0.000292 0.000214 0.000751 0.001297 0.001825 0.002313 0.002737 0.003078 0.003323 0.003466 0.003507 0.003459 0.003338 0.003167 0.002968 0.002761 0.002557 0.002362 0.002181 0.002016 0.001868 0.001738 0.001623 0.001517 0.001414 0.001303 0.001178 0.001030 0.000850 0.000632 0.000374 0.000078 -0.000251 -0.000603 -0.000969 -0.001343 -0.001718 -0.002082 -0.002422 -0.002715 -0.002941 -0.003084 -0.003135 -0.003099 -0.002993 -0.002839 -0.002662 -0.002481 -0.002314 -0.002172 -0.002062 -0.001988 -0.001948 -0.001939 -0.001953 -0.001977 -0.001997 -0.001996 -0.001955 -0.001859 -0.001696 -0.000878 -0.000562 -0.000175 0.000273 0.000771 0.001299 0.001837 0.002362 0.002850 0.003279 0.003627 0.003880 0.004027 0.004068 0.004010 0.003868 0.003664 0.003420 0.003158 0.002894 0.002637 0.002395 0.002173 0.001975 0.001803 0.001659 0.001537 0.001431 0.001334 0.001236 0.001129 0.001006 0.000857 0.000679 0.000469 0.000231 -0.000030 -0.000308 -0.000599 -0.000898 -0.001199 -0.001491 -0.001756 -0.001975 -0.002129 -0.002209 -0.002217 -0.002164 -0.002070 -0.001956 -0.001840 -0.001732 -0.001640 -0.001567 -0.001514 -0.001482 -0.001469 -0.001470 -0.001476 -0.001477 -0.001456 -0.001400 -0.001292 -0.001120 -0.000239 0.000059 0.000420 0.000837 0.001298 0.001790 0.002294 0.002790 0.003257 0.003672 0.004015 0.004268 0.004421 0.004468 0.004413 0.004268 0.004051 0.003785 0.003492 0.003188 0.002889 0.002601 0.002333 0.002091 0.001880 0.001703 0.001558 0.001441 0.001346 0.001266 0.001193 0.001120 0.001039 0.000944 0.000831 0.000698 0.000546 0.000376 0.000190 -0.000015 -0.000236 -0.000467 -0.000696 -0.000903 -0.001070 -0.001183 -0.001239 -0.001245 -0.001216 -0.001169 -0.001120 -0.001075 -0.001036 -0.001004 -0.000976 -0.000954 -0.000936 -0.000922 -0.000906 -0.000882 -0.000839 -0.000764 -0.000646 -0.000473 0.000383 0.000652 0.000973 0.001341 0.001748 0.002185 0.002636 0.003085 0.003513 0.003900 0.004226 0.004473 0.004628 0.004684 0.004642 0.004509 0.004301 0.004036 0.003736 0.003419 0.003100 0.002789 0.002495 0.002225 0.001986 0.001782 0.001616 0.001487 0.001390 0.001320 0.001273 0.001242 0.001220 0.001201 0.001180 0.001151 0.001112 0.001057 0.000983 0.000881 0.000747 0.000583 0.000396 0.000203 0.000023 -0.000125 -0.000233 -0.000302 -0.000341 -0.000364 -0.000382 -0.000399 -0.000414 -0.000423 -0.000424 -0.000414 -0.000395 -0.000367 -0.000332 -0.000284 -0.000219 -0.000128 -0.000002 0.000166 0.000917 0.001151 0.001426 0.001740 0.002088 0.002462 0.002852 0.003244 0.003623 0.003970 0.004268 0.004500 0.004653 0.004718 0.004693 0.004584 0.004400 0.004158 0.003875 0.003571 0.003259 0.002951 0.002655 0.002379 0.002131 0.001918 0.001742 0.001606 0.001510 0.001449 0.001421 0.001421 0.001444 0.001486 0.001541 0.001603 0.001664 0.001715 0.001745 0.001742 0.001694 0.001597 0.001452 0.001275 0.001084 0.000899 0.000737 0.000603 0.000494 0.000402 0.000319 0.000242 0.000176 0.000125 0.000095 0.000089 0.000104 0.000137 0.000187 0.000252 0.000333 0.000435 0.000562 0.000721 0.001313 0.001516 0.001751 0.002015 0.002308 0.002623 0.002952 0.003285 0.003609 0.003908 0.004169 0.004376 0.004518 0.004588 0.004581 0.004500 0.004353 0.004150 0.003906 0.003638 0.003359 0.003080 0.002809 0.002555 0.002323 0.002121 0.001954 0.001826 0.001738 0.001689 0.001677 0.001699 0.001753 0.001836 0.001943 0.002068 0.002204 0.002338 0.002453 0.002533 0.002559 0.002520 0.002415 0.002253 0.002053 0.001835 0.001621 0.001422 0.001243 0.001082 0.000936 0.000805 0.000690 0.000600 0.000540 0.000512 0.000516 0.000547 0.000600 0.000672 0.000761 0.000866 0.000991 0.001139 0.001555 0.001737 0.001942 0.002171 0.002421 0.002687 0.002962 0.003237 0.003502 0.003747 0.003961 0.004133 0.004256 0.004323 0.004331 0.004280 0.004175 0.004022 0.003834 0.003621 0.003397 0.003172 0.002953 0.002746 0.002556 0.002390 0.002253 0.002151 0.002084 0.002054 0.002058 0.002096 0.002166 0.002268 0.002400 0.002558 0.002736 0.002919 0.003089 0.003224 0.003303 0.003310 0.003237 0.003089 0.002882 0.002637 0.002376 0.002118 0.001874 0.001649 0.001444 0.001262 0.001104 0.000977 0.000885 0.000832 0.000816 0.000834 0.000879 0.000947 0.001033 0.001136 0.001256 0.001395 0.001652 0.001827 0.002022 0.002232 0.002454 0.002681 0.002909 0.003128 0.003333 0.003517 0.003676 0.003804 0.003897 0.003953 0.003970 0.003947 0.003887 0.003792 0.003669 0.003527 0.003377 0.003226 0.003079 0.002942 0.002816 0.002708 0.002621 0.002561 0.002528 0.002523 0.002546 0.002594 0.002669 0.002772 0.002905 0.003066 0.003250 0.003446 0.003635 0.003795 0.003901 0.003933 0.003881 0.003744 0.003533 0.003269 0.002972 0.002666 0.002367 0.002087 0.001832 0.001606 0.001410 0.001248 0.001124 0.001041 0.000997 0.000991 0.001017 0.001070 0.001146 0.001243 0.001360 0.001496 0.001637 0.001822 0.002021 0.002227 0.002432 0.002630 0.002814 0.002978 0.003119 0.003237 0.003333 0.003408 0.003465 0.003503 0.003523 0.003525 0.003509 0.003474 0.003424 0.003363 0.003297 0.003234 0.003175 0.003123 0.003078 0.003043 0.003021 0.003013 0.003023 0.003049 0.003090 0.003146 0.003217 0.003308 0.003421 0.003559 0.003721 0.003897 0.004073 0.004226 0.004332 0.004370 0.004326 0.004195 0.003984 0.003709 0.003390 0.003052 0.002714 0.002394 0.002102 0.001841 0.001615 0.001422 0.001266 0.001149 0.001071 0.001032 0.001029 0.001060 0.001121 0.001212 0.001329 0.001472 0.001555 0.001759 0.001971 0.002181 0.002375 0.002546 0.002686 0.002792 0.002867 0.002914 0.002942 0.002959 0.002973 0.002988 0.003007 0.003031 0.003056 0.003082 0.003107 0.003131 0.003157 0.003188 0.003224 0.003264 0.003307 0.003352 0.003398 0.003449 0.003502 0.003559 0.003617 0.003676 0.003738 0.003806 0.003888 0.003987 0.004106 0.004239 0.004375 0.004496 0.004580 0.004606 0.004559 0.004431 0.004224 0.003949 0.003625 0.003273 0.002917 0.002577 0.002265 0.001985 0.001738 0.001522 0.001336 0.001183 0.001066 0.000988 0.000951 0.000955 0.001001 0.001087 0.001211 0.001369 0.001445 0.001671 0.001897 0.002108 0.002289 0.002428 0.002522 0.002568 0.002572 0.002547 0.002506 0.002463 0.002431 0.002420 0.002435 0.002477 0.002542 0.002625 0.002723 0.002831 0.002948 0.003073 0.003203 0.003334 0.003462 0.003583 0.003696 0.003799 0.003892 0.003975 0.004044 0.004101 0.004149 0.004191 0.004235 0.004289 0.004355 0.004433 0.004516 0.004590 0.004638 0.004641 0.004585 0.004460 0.004262 0.003999 0.003684 0.003340 0.002989 0.002651 0.002340 0.002058 0.001805 0.001574 0.001364 0.001178 0.001023 0.000905 0.000831 0.000808 0.000838 0.000923 0.001057 0.001235 0.001338 0.001578 0.001809 0.002011 0.002168 0.002270 0.002312 0.002296 0.002232 0.002136 0.002028 0.001927 0.001851 0.001814 0.001822 0.001878 0.001977 0.002113 0.002277 0.002462 0.002663 0.002874 0.003089 0.003301 0.003503 0.003689 0.003857 0.004003 0.004126 0.004225 0.004300 0.004351 0.004382 0.004398 0.004406 0.004415 0.004429 0.004451 0.004478 0.004501 0.004509 0.004488 0.004423 0.004303 0.004122 0.003882 0.003595 0.003278 0.002953 0.002639 0.002349 0.002083 0.001838 0.001605 0.001382 0.001171 0.000982 0.000828 0.000721 0.000673 0.000689 0.000772 0.000917 0.001111 0.001252 0.001489 0.001707 0.001886 0.002008 0.002064 0.002052 0.001976 0.001849 0.001689 0.001520 0.001368 0.001252 0.001189 0.001190 0.001255 0.001380 0.001558 0.001777 0.002027 0.002297 0.002578 0.002861 0.003136 0.003395 0.003630 0.003837 0.004013 0.004154 0.004262 0.004337 0.004380 0.004396 0.004391 0.004371 0.004343 0.004314 0.004288 0.004266 0.004245 0.004219 0.004177 0.004109 0.004001 0.003846 0.003641 0.003394 0.003121 0.002840 0.002569 0.002317 0.002083 0.001860 0.001638 0.001414 0.001191 0.000980 0.000798 0.000665 0.000594 0.000597 0.000676 0.000822 0.001022 0.001192 0.001404 0.001591 0.001730 0.001806 0.001812 0.001746 0.001615 0.001433 0.001221 0.001005 0.000810 0.000662 0.000578 0.000569 0.000637 0.000780 0.000985 0.001242 0.001536 0.001854 0.002182 0.002510 0.002827 0.003121 0.003387 0.003617 0.003808 0.003960 0.004071 0.004144 0.004182 0.004190 0.004172 0.004135 0.004084 0.004026 0.003967 0.003910 0.003858 0.003810 0.003760 0.003697 0.003609 0.003487 0.003327 0.003131 0.002912 0.002687 0.002469 0.002266 0.002075 0.001886 0.001690 0.001480 0.001259 0.001040 0.000843 0.000691 0.000603 0.000590 0.000656 0.000791 0.000978 0.001156 0.001325 0.001462 0.001548 0.001570 0.001523 0.001407 0.001230 0.001007 0.000758 0.000510 0.000288 0.000118 0.000018 -0.000001 0.000065 0.000212 0.000429 0.000701 0.001015 0.001353 0.001702 0.002048 0.002381 0.002690 0.002967 0.003206 0.003405 0.003560 0.003675 0.003750 0.003790 0.003800 0.003782 0.003742 0.003684 0.003614 0.003538 0.003465 0.003399 0.003344 0.003297 0.003250 0.003190 0.003107 0.002994 0.002853 0.002693 0.002528 0.002367 0.002217 0.002075 0.001929 0.001768 0.001585 0.001383 0.001172 0.000974 0.000812 0.000708 0.000676 0.000719 0.000827 0.000981 0.001147 0.001255 0.001330 0.001355 0.001319 0.001221 0.001061 0.000849 0.000600 0.000332 0.000069 -0.000163 -0.000343 -0.000452 -0.000478 -0.000420 -0.000280 -0.000071 0.000194 0.000499 0.000829 0.001170 0.001509 0.001835 0.002139 0.002414 0.002653 0.002853 0.003014 0.003136 0.003222 0.003274 0.003296 0.003291 0.003262 0.003211 0.003145 0.003070 0.002997 0.002934 0.002886 0.002854 0.002829 0.002802 0.002759 0.002694 0.002605 0.002501 0.002391 0.002285 0.002186 0.002091 0.001991 0.001873 0.001729 0.001558 0.001371 0.001184 0.001023 0.000907 0.000851 0.000860 0.000925 0.001029 0.001167 0.001204 0.001209 0.001169 0.001077 0.000930 0.000735 0.000500 0.000240 -0.000030 -0.000288 -0.000515 -0.000690 -0.000798 -0.000830 -0.000782 -0.000661 -0.000475 -0.000239 0.000034 0.000331 0.000639 0.000948 0.001250 0.001535 0.001799 0.002034 0.002237 0.002407 0.002543 0.002647 0.002721 0.002765 0.002783 0.002773 0.002740 0.002689 0.002629 0.002570 0.002522 0.002493 0.002482 0.002485 0.002489 0.002483 0.002459 0.002416 0.002359 0.002296 0.002234 0.002179 0.002127 0.002071 0.001999 0.001901 0.001773 0.001621 0.001459 0.001305 0.001181 0.001100 0.001067 0.001078 0.001118 0.001222 0.001183 0.001118 0.001014 0.000867 0.000679 0.000457 0.000210 -0.000048 -0.000304 -0.000542 -0.000748 -0.000905 -0.001003 -0.001035 -0.001000 -0.000903 -0.000753 -0.000561 -0.000337 -0.000092 0.000167 0.000433 0.000700 0.000961 0.001211 0.001443 0.001653 0.001837 0.001993 0.002121 0.002220 0.002290 0.002332 0.002346 0.002335 0.002305 0.002265 0.002228 0.002203 0.002197 0.002211 0.002239 0.002271 0.002295 0.002304 0.002296 0.002274 0.002245 0.002217 0.002194 0.002178 0.002161 0.002133 0.002085 0.002007 0.001900 0.001772 0.001636 0.001509 0.001403 0.001327 0.001278 0.001248 0.001314 0.001202 0.001068 0.000905 0.000710 0.000488 0.000247 -0.000003 -0.000248 -0.000479 -0.000686 -0.000858 -0.000988 -0.001068 -0.001095 -0.001071 -0.001001 -0.000891 -0.000749 -0.000583 -0.000395 -0.000191 0.000029 0.000260 0.000497 0.000736 0.000969 0.001189 0.001390 0.001568 0.001719 0.001841 0.001933 0.001993 0.002025 0.002032 0.002022 0.002003 0.001988 0.001986 0.002003 0.002038 0.002087 0.002140 0.002185 0.002217 0.002231 0.002232 0.002225 0.002219 0.002220 0.002230 0.002247 0.002260 0.002261 0.002237 0.002183 0.002097 0.001988 0.001865 0.001741 0.001623 0.001516 0.001415 0.001448 0.001267 0.001071 0.000856 0.000620 0.000371 0.000117 -0.000129 -0.000356 -0.000557 -0.000725 -0.000859 -0.000955 -0.001012 -0.001031 -0.001015 -0.000969 -0.000898 -0.000805 -0.000692 -0.000559 -0.000403 -0.000224 -0.000022 0.000199 0.000432 0.000670 0.000902 0.001120 0.001316 0.001483 0.001619 0.001720 0.001788 0.001827 0.001842 0.001841 0.001836 0.001837 0.001851 0.001884 0.001935 0.001998 0.002063 0.002121 0.002165 0.002192 0.002205 0.002211 0.002218 0.002234 0.002264 0.002308 0.002360 0.002408 0.002440 0.002443 0.002408 0.002335 0.002227 0.002093 0.001942 0.001783 0.001618 0.001621 0.001381 0.001132 0.000871 0.000602 0.000331 0.000070 -0.000170 -0.000378 -0.000548 -0.000680 -0.000775 -0.000837 -0.000871 -0.000881 -0.000871 -0.000846 -0.000807 -0.000754 -0.000684 -0.000591 -0.000470 -0.000318 -0.000133 0.000081 0.000315 0.000561 0.000805 0.001035 0.001241 0.001414 0.001549 0.001646 0.001706 0.001735 0.001742 0.001738 0.001733 0.001737 0.001758 0.001798 0.001855 0.001923 0.001993 0.002056 0.002105 0.002137 0.002157 0.002169 0.002184 0.002210 0.002256 0.002324 0.002412 0.002507 0.002596 0.002660 0.002683 0.002655 0.002574 0.002443 0.002272 0.002072 0.001852 0.001835 0.001544 0.001248 0.000950 0.000653 0.000365 0.000097 -0.000138 -0.000330 -0.000476 -0.000578 -0.000643 -0.000679 -0.000695 -0.000698 -0.000694 -0.000686 -0.000671 -0.000646 -0.000603 -0.000534 -0.000430 -0.000287 -0.000104 0.000114 0.000357 0.000612 0.000866 0.001102 0.001308 0.001475 0.001596 0.001672 0.001708 0.001712 0.001695 0.001671 0.001651 0.001644 0.001657 0.001692 0.001746 0.001812 0.001881 0.001944 0.001994 0.002029 0.002052 0.002069 0.002089 0.002125 0.002187 0.002280 0.002402 0.002546 0.002692 0.002819 0.002906 0.002933 0.002891 0.002778 0.002602 0.002376 0.002115 0.002085 0.001753 0.001418 0.001087 0.000765 0.000460 0.000184 -0.000051 -0.000237 -0.000370 -0.000455 -0.000503 -0.000525 -0.000534 -0.000539 -0.000544 -0.000551 -0.000554 -0.000545 -0.000513 -0.000449 -0.000344 -0.000193 0.000001 0.000233 0.000490 0.000757 0.001018 0.001255 0.001454 0.001604 0.001700 0.001744 0.001743 0.001709 0.001654 0.001595 0.001545 0.001513 0.001507 0.001527 0.001570 0.001629 0.001693 0.001755 0.001806 0.001844 0.001871 0.001894 0.001923 0.001972 0.002052 0.002172 0.002331 0.002523 0.002727 0.002921 0.003075 0.003165 0.003172 0.003091 0.002926 0.002690 0.002403 0.002367 0.002002 0.001633 0.001271 0.000925 0.000601 0.000311 0.000067 -0.000124 -0.000259 -0.000345 -0.000394 -0.000421 -0.000438 -0.000455 -0.000476 -0.000499 -0.000514 -0.000512 -0.000479 -0.000405 -0.000284 -0.000113 0.000104 0.000356 0.000630 0.000910 0.001177 0.001412 0.001600 0.001730 0.001796 0.001803 0.001759 0.001679 0.001578 0.001474 0.001384 0.001317 0.001282 0.001281 0.001309 0.001358 0.001418 0.001480 0.001535 0.001580 0.001617 0.001651 0.001695 0.001761 0.001865 0.002015 0.002214 0.002454 0.002716 0.002974 0.003197 0.003353 0.003419 0.003381 0.003241 0.003010 0.002711 0.002672 0.002282 0.001883 0.001491 0.001117 0.000770 0.000459 0.000194 -0.000016 -0.000171 -0.000277 -0.000348 -0.000398 -0.000441 -0.000484 -0.000529 -0.000570 -0.000596 -0.000594 -0.000551 -0.000458 -0.000312 -0.000114 0.000129 0.000404 0.000698 0.000991 0.001263 0.001497 0.001674 0.001785 0.001825 0.001797 0.001711 0.001585 0.001437 0.001286 0.001152 0.001048 0.000983 0.000958 0.000971 0.001013 0.001074 0.001141 0.001207 0.001265 0.001318 0.001371 0.001436 0.001527 0.001659 0.001843 0.002081 0.002366 0.002682 0.002999 0.003286 0.003506 0.003633 0.003646 0.003542 0.003330 0.003030 0.002983 0.002577 0.002152 0.001732 0.001328 0.000951 0.000611 0.000315 0.000071 -0.000121 -0.000267 -0.000380 -0.000472 -0.000556 -0.000638 -0.000714 -0.000776 -0.000812 -0.000807 -0.000750 -0.000637 -0.000465 -0.000241 0.000026 0.000323 0.000633 0.000938 0.001218 0.001452 0.001624 0.001722 0.001743 0.001688 0.001571 0.001407 0.001219 0.001029 0.000857 0.000721 0.000630 0.000589 0.000594 0.000636 0.000703 0.000784 0.000867 0.000948 0.001024 0.001103 0.001195 0.001314 0.001476 0.001692 0.001964 0.002288 0.002647 0.003013 0.003353 0.003631 0.003814 0.003879 0.003817 0.003633 0.003346 0.003277 0.002864 0.002423 0.001977 0.001544 0.001135 0.000758 0.000422 0.000131 -0.000113 -0.000315 -0.000485 -0.000635 -0.000773 -0.000901 -0.001014 -0.001100 -0.001145 -0.001138 -0.001069 -0.000938 -0.000748 -0.000506 -0.000223 0.000088 0.000410 0.000725 0.001011 0.001250 0.001423 0.001518 0.001531 0.001465 0.001330 0.001145 0.000933 0.000718 0.000523 0.000369 0.000266 0.000221 0.000229 0.000282 0.000367 0.000470 0.000579 0.000687 0.000792 0.000900 0.001019 0.001165 0.001351 0.001590 0.001885 0.002233 0.002619 0.003018 0.003396 0.003717 0.003948 0.004061 0.004044 0.003895 0.003631 0.003520 0.003116 0.002671 0.002211 0.001754 0.001314 0.000900 0.000517 0.000172 -0.000134 -0.000403 -0.000642 -0.000858 -0.001057 -0.001236 -0.001387 -0.001497 -0.001554 -0.001547 -0.001474 -0.001336 -0.001140 -0.000893 -0.000606 -0.000292 0.000034 0.000354 0.000646 0.000892 0.001073 0.001176 0.001196 0.001134 0.001001 0.000816 0.000602 0.000384 0.000189 0.000038 -0.000057 -0.000089 -0.000062 0.000015 0.000127 0.000259 0.000399 0.000537 0.000670 0.000802 0.000942 0.001102 0.001298 0.001542 0.001840 0.002190 0.002581 0.002990 0.003386 0.003734 0.004001 0.004157 0.004185 0.004079 0.003850 0.003677 0.003305 0.002876 0.002417 0.001950 0.001487 0.001039 0.000612 0.000210 -0.000160 -0.000500 -0.000811 -0.001097 -0.001357 -0.001587 -0.001776 -0.001911 -0.001983 -0.001985 -0.001920 -0.001790 -0.001604 -0.001369 -0.001094 -0.000789 -0.000467 -0.000148 0.000149 0.000404 0.000599 0.000719 0.000759 0.000720 0.000611 0.000450 0.000260 0.000067 -0.000101 -0.000225 -0.000288 -0.000288 -0.000226 -0.000115 0.000031 0.000196 0.000364 0.000527 0.000679 0.000822 0.000965 0.001120 0.001302 0.001525 0.001798 0.002123 0.002491 0.002885 0.003277 0.003635 0.003926 0.004120 0.004195 0.004142 0.003964 0.003719 0.003404 0.003017 0.002584 0.002125 0.001655 0.001185 0.000720 0.000269 -0.000163 -0.000571 -0.000951 -0.001302 -0.001620 -0.001898 -0.002123 -0.002286 -0.002380 -0.002404 -0.002362 -0.002259 -0.002102 -0.001896 -0.001647 -0.001363 -0.001056 -0.000742 -0.000443 -0.000178 0.000036 0.000183 0.000257 0.000259 0.000195 0.000083 -0.000056 -0.000196 -0.000311 -0.000381 -0.000393 -0.000342 -0.000235 -0.000084 0.000096 0.000288 0.000476 0.000649 0.000803 0.000937 0.001060 0.001184 0.001324 0.001497 0.001715 0.001985 0.002303 0.002656 0.003022 0.003373 0.003679 0.003908 0.004036 0.004048 0.003940 0.003632 0.003401 0.003085 0.002704 0.002278 0.001822 0.001346 0.000859 0.000368 -0.000115 -0.000581 -0.001023 -0.001432 -0.001801 -0.002122 -0.002384 -0.002580 -0.002707 -0.002767 -0.002764 -0.002706 -0.002596 -0.002435 -0.002227 -0.001976 -0.001692 -0.001391 -0.001092 -0.000815 -0.000578 -0.000395 -0.000274 -0.000216 -0.000214 -0.000255 -0.000318 -0.000381 -0.000419 -0.000416 -0.000360 -0.000251 -0.000096 0.000093 0.000299 0.000504 0.000694 0.000858 0.000991 0.001093 0.001171 0.001239 0.001312 0.001411 0.001549 0.001740 0.001984 0.002275 0.002598 0.002929 0.003241 0.003503 0.003690 0.003780 0.003761 0.003422 0.003299 0.003080 0.002778 0.002409 0.001989 0.001529 0.001037 0.000524 0.000004 -0.000508 -0.000998 -0.001456 -0.001869 -0.002230 -0.002531 -0.002767 -0.002938 -0.003049 -0.003103 -0.003105 -0.003056 -0.002954 -0.002798 -0.002590 -0.002338 -0.002056 -0.001761 -0.001473 -0.001209 -0.000983 -0.000804 -0.000675 -0.000592 -0.000543 -0.000513 -0.000481 -0.000429 -0.000343 -0.000216 -0.000050 0.000147 0.000360 0.000574 0.000773 0.000944 0.001077 0.001168 0.001218 0.001235 0.001230 0.001223 0.001233 0.001280 0.001378 0.001535 0.001753 0.002021 0.002323 0.002636 0.002930 0.003179 0.003356 0.003440
SCALARS v float 1
LOOKUP_TABLE default
0.001966 0.002025 0.002036 0.002030 0.002023 0.002015 0.001992 0.001938 0.001848 0.001732 0.001606 0.001475 0.001323 0.001115 0.000813 0.000394 -0.000137 -0.000748 -0.001394 -0.002028 -0.002612 -0.003117 -0.003518 -0.003787 -0.003896 -0.003819 -0.003546 -0.003087 -0.002470 -0.001745 -0.000970 -0.000206 0.000493 0.001083 0.001536 0.001837 0.001986 0.001993 0.001878 0.001669 0.001397 0.001096 0.000794 0.000511 0.000256 0.000029 -0.000178 -0.000376 -0.000576 -0.000786 -0.001002 -0.001208 -0.001375 -0.001469 -0.001456 -0.001314 -0.001041 -0.000652 -0.000182 0.000323 0.000815 0.001248 0.001591 0.001828 0.001854 0.002016 0.002134 0.002227 0.002310 0.002381 0.002425 0.002426 0.002376 0.002280 0.002153 0.002001 0.001813 0.001558 0.001204 0.000730 0.000145 -0.000518 -0.001213 -0.001894 -0.002528 -0.003088 -0.003549 -0.003882 -0.004053 -0.004033 -0.003806 -0.003376 -0.002774 -0.002047 -0.001256 -0.000468 0.000258 0.000874 0.001345 0.001654 0.001801 0.001797 0.001668 0.001446 0.001171 0.000877 0.000594 0.000341 0.000126 -0.000054 -0.000211 -0.000359 -0.000514 -0.000689 -0.000884 -0.001089 -0.001276 -0.001411 -0.001456 -0.001384 -0.001186 -0.000870 -0.000461 0.000002 0.000478 0.000926 0.001314 0.001624 0.001629 0.001890 0.002116 0.002320 0.002508 0.002675 0.002806 0.002880 0.002886 0.002825 0.002709 0.002545 0.002327 0.002032 0.001633 0.001113 0.000484 -0.000223 -0.000961 -0.001688 -0.002372 -0.002987 -0.003511 -0.003911 -0.004153 -0.004200 -0.004034 -0.003654 -0.003086 -0.002378 -0.001593 -0.000798 -0.000058 0.000574 0.001061 0.001382 0.001536 0.001538 0.001415 0.001204 0.000947 0.000679 0.000430 0.000218 0.000048 -0.000084 -0.000192 -0.000292 -0.000404 -0.000544 -0.000719 -0.000920 -0.001123 -0.001295 -0.001396 -0.001396 -0.001281 -0.001050 -0.000722 -0.000323 0.000112 0.000548 0.000957 0.001320 0.001315 0.001665 0.001996 0.002312 0.002613 0.002889 0.003119 0.003282 0.003360 0.003349 0.003257 0.003092 0.002855 0.002530 0.002095 0.001540 0.000874 0.000131 -0.000647 -0.001418 -0.002152 -0.002823 -0.003409 -0.003878 -0.004191 -0.004314 -0.004219 -0.003904 -0.003391 -0.002724 -0.001964 -0.001179 -0.000437 0.000205 0.000707 0.001046 0.001220 0.001245 0.001149 0.000970 0.000750 0.000524 0.000318 0.000148 0.000020 -0.000071 -0.000138 -0.000199 -0.000275 -0.000385 -0.000540 -0.000736 -0.000952 -0.001155 -0.001306 -0.001376 -0.001343 -0.001202 -0.000963 -0.000642 -0.000267 0.000138 0.000546 0.000942 0.000944 0.001367 0.001792 0.002216 0.002630 0.003018 0.003356 0.003617 0.003779 0.003831 0.003777 0.003627 0.003383 0.003039 0.002579 0.001998 0.001305 0.000530 -0.000286 -0.001101 -0.001884 -0.002609 -0.003254 -0.003787 -0.004171 -0.004369 -0.004352 -0.004114 -0.003670 -0.003060 -0.002341 -0.001582 -0.000850 -0.000203 0.000315 0.000680 0.000886 0.000950 0.000899 0.000769 0.000599 0.000420 0.000257 0.000124 0.000028 -0.000035 -0.000075 -0.000109 -0.000159 -0.000246 -0.000384 -0.000573 -0.000796 -0.001022 -0.001216 -0.001345 -0.001388 -0.001333 -0.001182 -0.000944 -0.000636 -0.000277 0.000115 0.000525 0.000551 0.001028 0.001530 0.002047 0.002565 0.003062 0.003508 0.003872 0.004126 0.004253 0.004251 0.004128 0.003892 0.003541 0.003069 0.002470 0.001755 0.000953 0.000101 -0.000757 -0.001587 -0.002364 -0.003062 -0.003652 -0.004099 -0.004367 -0.004427 -0.004269 -0.003902 -0.003360 -0.002696 -0.001973 -0.001258 -0.000610 -0.000076 0.000320 0.000569 0.000684 0.000689 0.000617 0.000500 0.000366 0.000237 0.000128 0.000048 -0.000003 -0.000031 -0.000050 -0.000084 -0.000154 -0.000277 -0.000457 -0.000679 -0.000919 -0.001142 -0.001318 -0.001423 -0.001443 -0.001371 -0.001212 -0.000973 -0.000666 -0.000304 0.000105 0.000167 0.000677 0.001234 0.001825 0.002431 0.003025 0.003573 0.004038 0.004386 0.004595 0.004656 0.004575 0.004360 0.004015 0.003540 0.002932 0.002202 0.001375 0.000491 -0.000409 -0.001285 -0.002108 -0.002851 -0.003487 -0.003985 -0.004313 -0.004443 -0.004361 -0.004071 -0.003602 -0.002997 -0.002317 -0.001625 -0.000979 -0.000427 0.000002 0.000299 0.000471 0.000536 0.000520 0.000450 0.000350 0.000241 0.000139 0.000057 0.000003 -0.000027 -0.000043 -0.000068 -0.000125 -0.000233 -0.000398 -0.000612 -0.000853 -0.001092 -0.001299 -0.001449 -0.001526 -0.001521 -0.001430 -0.001256 -0.001004 -0.000679 -0.000287 -0.000181 0.000339 0.000927 0.001569 0.002242 0.002916 0.003552 0.004109 0.004548 0.004840 0.004972 0.004943 0.004761 0.004435 0.003966 0.003357 0.002616 0.001770 0.000856 -0.000080 -0.000996 -0.001857 -0.002636 -0.003306 -0.003842 -0.004216 -0.004403 -0.004388 -0.004170 -0.003770 -0.003225 -0.002589 -0.001921 -0.001279 -0.000711 -0.000247 0.000097 0.000323 0.000442 0.000473 0.000437 0.000355 0.000247 0.000134 0.000036 -0.000034 -0.000074 -0.000094 -0.000113 -0.000156 -0.000246 -0.000391 -0.000588 -0.000819 -0.001059 -0.001279 -0.001457 -0.001574 -0.001619 -0.001585 -0.001469 -0.001270 -0.000989 -0.000625 -0.000475 0.000037 0.000633 0.001300 0.002015 0.002745 0.003450 0.004085 0.004605 0.004977 0.005180 0.005210 0.005071 0.004773 0.004319 0.003714 0.002970 0.002110 0.001173 0.000208 -0.000738 -0.001627 -0.002428 -0.003119 -0.003679 -0.004085 -0.004315 -0.004354 -0.004198 -0.003859 -0.003369 -0.002775 -0.002131 -0.001493 -0.000909 -0.000414 -0.000029 0.000242 0.000403 0.000465 0.000444 0.000359 0.000235 0.000098 -0.000026 -0.000118 -0.000171 -0.000192 -0.000203 -0.000230 -0.000296 -0.000416 -0.000588 -0.000799 -0.001027 -0.001247 -0.001437 -0.001578 -0.001658 -0.001669 -0.001602 -0.001455 -0.001220 -0.000894 -0.000701 -0.000214 0.000371 0.001040 0.001771 0.002533 0.003282 0.003974 0.004560 0.005001 0.005271 0.005359 0.005268 0.005003 0.004571 0.003978 0.003236 0.002371 0.001422 0.000441 -0.000522 -0.001423 -0.002234 -0.002932 -0.003502 -0.003927 -0.004188 -0.004269 -0.004162 -0.003875 -0.003432 -0.002874 -0.002251 -0.001617 -0.001020 -0.000501 -0.000083 0.000220 0.000405 0.000478 0.000452 0.000348 0.000193 0.000022 -0.000131 -0.000243 -0.000303 -0.000320 -0.000314 -0.000317 -0.000354 -0.000443 -0.000585 -0.000770 -0.000979 -0.001189 -0.001379 -0.001532 -0.001636 -0.001680 -0.001657 -0.001556 -0.001368 -0.001085 -0.000852 -0.000399 0.000158 0.000809 0.001533 0.002299 0.003067 0.003790 0.004419 0.004912 0.005237 0.005379 0.005333 0.005105 0.004699 0.004124 0.003393 0.002534 0.001588 0.000609 -0.000352 -0.001249 -0.002053 -0.002746 -0.003316 -0.003749 -0.004031 -0.004142 -0.004073 -0.003827 -0.003423 -0.002895 -0.002291 -0.001662 -0.001057 -0.000520 -0.000082 0.000237 0.000429 0.000494 0.000445 0.000307 0.000114 -0.000091 -0.000270 -0.000393 -0.000449 -0.000449 -0.000417 -0.000387 -0.000389 -0.000444 -0.000554 -0.000712 -0.000900 -0.001095 -0.001280 -0.001438 -0.001557 -0.001627 -0.001638 -0.001579 -0.001435 -0.001196 -0.000923 -0.000509 0.000011 0.000628 0.001323 0.002069 0.002827 0.003554 0.004200 0.004721 0.005083 0.005265 0.005259 0.005065 0.004688 0.004136 0.003427 0.002588 0.001665 0.000709 -0.000227 -0.001099 -0.001881 -0.002557 -0.003119 -0.003556 -0.003850 -0.003984 -0.003944 -0.003731 -0.003358 -0.002857 -0.002271 -0.001648 -0.001040 -0.000495 -0.000048 0.000272 0.000454 0.000496 0.000412 0.000233 0.000000 -0.000236 -0.000429 -0.000549 -0.000586 -0.000554 -0.000483 -0.000412 -0.000376 -0.000396 -0.000477 -0.000610 -0.000779 -0.000962 -0.001140 -0.001300 -0.001429 -0.001519 -0.001558 -0.001533 -0.001428 -0.001228 -0.000917 -0.000541 -0.000062 0.000511 0.001161 0.001864 0.002587 0.003288 0.003922 0.004445 0.004820 0.005025 0.005046 0.004881 0.004533 0.004011 0.003334 0.002535 0.001655 0.000747 -0.000140 -0.000968 -0.001713 -0.002365 -0.002915 -0.003352 -0.003656 -0.003807 -0.003789 -0.003602 -0.003256 -0.002779 -0.002211 -0.001599 -0.000996 -0.000451 -0.000007 0.000302 0.000462 0.000470 0.000346 0.000125 -0.000142 -0.000398 -0.000592 -0.000693 -0.000695 -0.000616 -0.000495 -0.000377 -0.000300 -0.000288 -0.000345 -0.000461 -0.000617 -0.000792 -0.000968 -0.001129 -0.001266 -0.001370 -0.001430 -0.001430 -0.001354 -0.001187 -0.000836 -0.000494 -0.000056 0.000467 0.001060 0.001704 0.002368 0.003017 0.003609 0.004105 0.004468 0.004673 0.004707 0.004562 0.004241 0.003756 0.003127 0.002386 0.001574 0.000738 -0.000079 -0.000846 -0.001546 -0.002169 -0.002707 -0.003143 -0.003454 -0.003618 -0.003619 -0.003453 -0.003132 -0.002681 -0.002134 -0.001539 -0.000948 -0.000413 0.000017 0.000306 0.000437 0.000408 0.000244 -0.000012 -0.000303 -0.000564 -0.000743 -0.000810 -0.000761 -0.000625 -0.000447 -0.000279 -0.000162 -0.000122 -0.000162 -0.000269 -0.000421 -0.000596 -0.000772 -0.000937 -0.001080 -0.001192 -0.001264 -0.001280 -0.001224 -0.001079 -0.000691 -0.000376 0.000024 0.000497 0.001028 0.001599 0.002187 0.002760 0.003285 0.003726 0.004050 0.004235 0.004263 0.004130 0.003837 0.003397 0.002829 0.002165 0.001442 0.000698 -0.000034 -0.000731 -0.001381 -0.001976 -0.002501 -0.002936 -0.003252 -0.003426 -0.003440 -0.003295 -0.003000 -0.002577 -0.002058 -0.001488 -0.000918 -0.000403 0.000006 0.000270 0.000369 0.000307 0.000110 -0.000170 -0.000470 -0.000721 -0.000871 -0.000890 -0.000783 -0.000584 -0.000347 -0.000129 0.000024 0.000086 0.000056 -0.000050 -0.000206 -0.000385 -0.000566 -0.000734 -0.000880 -0.000994 -0.001069 -0.001091 -0.001044 -0.000913 -0.000491 -0.000198 0.000169 0.000594 0.001061 0.001554 0.002052 0.002534 0.002970 0.003333 0.003597 0.003740 0.003750 0.003621 0.003356 0.002968 0.002475 0.001904 0.001284 0.000643 0.000003 -0.000623 -0.001226 -0.001794 -0.002307 -0.002738 -0.003054 -0.003231 -0.003256 -0.003131 -0.002865 -0.002477 -0.001995 -0.001459 -0.000920 -0.000433 -0.000052 0.000184 0.000255 0.000166 -0.000050 -0.000340 -0.000633 -0.000861 -0.000969 -0.000934 -0.000766 -0.000504 -0.000211 0.000052 0.000234 0.000312 0.000286 0.000177 0.000014 -0.000174 -0.000360 -0.000530 -0.000672 -0.000782 -0.000852 -0.000871 -0.000825 -0.000700 -0.000249 0.000026 0.000362 0.000742 0.001147 0.001560 0.001965 0.002345 0.002681 0.002951 0.003138 0.003226 0.003207 0.003077 0.002842 0.002511 0.002101 0.001630 0.001118 0.000581 0.000028 -0.000532 -0.001092 -0.001634 -0.002132 -0.002551 -0.002857 -0.003032 -0.003065 -0.002962 -0.002731 -0.002387 -0.001952 -0.001461 -0.000963 -0.000512 -0.000162 0.000048 0.000097 -0.000008 -0.000230 -0.000513 -0.000784 -0.000976 -0.001038 -0.000947 -0.000721 -0.000404 -0.000064 0.000235 0.000441 0.000530 0.000505 0.000391 0.000220 0.000027 -0.000162 -0.000328 -0.000462 -0.000559 -0.000615 -0.000623 -0.000572 -0.000449 0.000024 0.000281 0.000588 0.000925 0.001271 0.001608 0.001921 0.002198 0.002428 0.002599 0.002702 0.002728 0.002675 0.002542 0.002336 0.002064 0.001736 0.001363 0.000953 0.000510 0.000035 -0.000468 -0.000988 -0.001502 -0.001976 -0.002371 -0.002659 -0.002823 -0.002863 -0.002785 -0.002597 -0.002306 -0.001929 -0.001496 -0.001048 -0.000639 -0.000322 -0.000136 -0.000100 -0.000207 -0.000420 -0.000680 -0.000919 -0.001068 -0.001081 -0.000940 -0.000665 -0.000306 0.000070 0.000394 0.000616 0.000713 0.000690 0.000573 0.000400 0.000206 0.000023 -0.000132 -0.000249 -0.000326 -0.000361 -0.000352 -0.000291 -0.000167 0.000319 0.000556 0.000833 0.001128 0.001419 0.001683 0.001909 0.002089 0.002217 0.002291 0.002310 0.002274 0.002185 0.002048 0.001867 0.001648 0.001395 0.001109 0.000786 0.000423 0.000014 -0.000438 -0.000917 -0.001395 -0.001832 -0.002192 -0.002449 -0.002597 -0.002643 -0.002594 -0.002457 -0.002231 -0.001924 -0.001558 -0.001170 -0.000808 -0.000524 -0.000356 -0.000324 -0.000420 -0.000610 -0.000837 -0.001034 -0.001139 -0.001107 -0.000926 -0.000615 -0.000228 0.000169 0.000508 0.000740 0.000843 0.000824 0.000712 0.000544 0.000360 0.000191 0.000056 -0.000036 -0.000084 -0.000093 -0.000062 0.000012 0.000137 0.000630 0.000843 0.001088 0.001340 0.001575 0.001773 0.001920 0.002010 0.002045 0.002030 0.001971 0.001877 0.001753 0.001609 0.001447 0.001272 0.001079 0.000862 0.000610 0.000312 -0.000040 -0.000441 -0.000873 -0.001302 -0.001688 -0.001999 -0.002218 -0.002347 -0.002400 -0.002386 -0.002306 -0.002155 -0.001930 -0.001641 -0.001320 -0.001009 -0.000755 -0.000599 -0.000560 -0.000634 -0.000790 -0.000976 -0.001130 -0.001193 -0.001125 -0.000915 -0.000585 -0.000185 0.000218 0.000561 0.000798 0.000908 0.000898 0.000799 0.000648 0.000485 0.000342 0.000237 0.000178 0.000164 0.000187 0.000243 0.000332 0.000459 0.000948 0.001136 0.001344 0.001551 0.001733 0.001867 0.001941 0.001952 0.001905 0.001810 0.001682 0.001534 0.001377 0.001221 0.001071 0.000926 0.000778 0.000614 0.000419 0.000177 -0.000120 -0.000466 -0.000839 -0.001207 -0.001531 -0.001784 -0.001960 -0.002069 -0.002129 -0.002154 -0.002139 -0.002071 -0.001935 -0.001733 -0.001483 -0.001223 -0.000998 -0.000846 -0.000792 -0.000835 -0.000951 -0.001094 -0.001207 -0.001235 -0.001142 -0.000917 -0.000583 -0.000187 0.000210 0.000549 0.000786 0.000904 0.000910 0.000834 0.000711 0.000582 0.000474 0.000408 0.000389 0.000413 0.000471 0.000554 0.000659 0.000789 0.001265 0.001427 0.001597 0.001756 0.001882 0.001954 0.001961 0.001901 0.001781 0.001618 0.001428 0.001231 0.001042 0.000871 0.000724 0.000598 0.000482 0.000359 0.000211 0.000022 -0.000217 -0.000498 -0.000802 -0.001095 -0.001348 -0.001539 -0.001670 -0.001760 -0.001831 -0.001896 -0.001950 -0.001969 -0.001929 -0.001817 -0.001641 -0.001432 -0.001230 -0.001077 -0.001000 -0.001008 -0.001082 -0.001184 -0.001262 -0.001266 -0.001160 -0.000937 -0.000614 -0.000235 0.000145 0.000471 0.000706 0.000834 0.000863 0.000819 0.000736 0.000650 0.000588 0.000567 0.000591 0.000656 0.000750 0.000862 0.000985 0.001118 0.001568 0.001704 0.001835 0.001945 0.002016 0.002028 0.001971 0.001845 0.001662 0.001437 0.001193 0.000952 0.000731 0.000543 0.000393 0.000276 0.000182 0.000093 -0.000011 -0.000146 -0.000319 -0.000526 -0.000749 -0.000960 -0.001136 -0.001263 -0.001351 -0.001422 -0.001505 -0.001612 -0.001733 -0.001840 -0.001895 -0.001875 -0.001774 -0.001613 -0.001430 -0.001270 -0.001167 -0.001137 -0.001171 -0.001238 -0.001292 -0.001284 -0.001181 -0.000974 -0.000677 -0.000328 0.000024 0.000333 0.000564 0.000705 0.000762 0.000759 0.000724 0.000690 0.000680 0.000709 0.000779 0.000884 0.001013 0.001153 0.001293 0.001431 0.001840 0.001953 0.002047 0.002109 0.002124 0.002077 0.001960 0.001775 0.001534 0.001257 0.000966 0.000685 0.000434 0.000226 0.000068 -0.000045 -0.000123 -0.000183 -0.000243 -0.000320 -0.000422 -0.000546 -0.000679 -0.000802 -0.000898 -0.000962 -0.001008 -0.001063 -0.001156 -0.001300 -0.001485 -0.001674 -0.001821 -0.001888 -0.001857 -0.001741 -0.001574 -0.001403 -0.001272 -0.001206 -0.001207 -0.001248 -0.001290 -0.001286 -0.001202 -0.001026 -0.000769 -0.000462 -0.000146 0.000141 0.000368 0.000525 0.000616 0.000660 0.000681 0.000705 0.000751 0.000830 0.000944 0.001087 0.001248 0.001413 0.001569 0.001712 0.002065 0.002156 0.002215 0.002231 0.002194 0.002092 0.001921 0.001683 0.001393 0.001071 0.000741 0.000427 0.000149 -0.000078 -0.000248 -0.000362 -0.000429 -0.000463 -0.000481 -0.000498 -0.000525 -0.000561 -0.000600 -0.000632 -0.000648 -0.000649 -0.000654 -0.000692 -0.000791 -0.000966 -0.001203 -0.001463 -0.001692 -0.001838 -0.001871 -0.001794 -0.001639 -0.001457 -0.001299 -0.001202 -0.001177 -0.001205 -0.001249 -0.001265 -0.001218 -0.001090 -0.000887 -0.000632 -0.000358 -0.000097 0.000127 0.000303 0.000432 0.000528 0.000610 0.000694 0.000797 0.000926 0.001081 0.001257 0.001444 0.001629 0.001798 0.001945 0.002224 0.002294 0.002320 0.002295 0.002211 0.002060 0.001842 0.001561 0.001234 0.000879 0.000521 0.000183 -0.000116 -0.000361 -0.000543 -0.000662 -0.000723 -0.000736 -0.000717 -0.000678 -0.000630 -0.000579 -0.000526 -0.000466 -0.000402 -0.000341 -0.000305 -0.000322 -0.000421 -0.000615 -0.000891 -0.001206 -0.001500 -0.001711 -0.001799 -0.001756 -0.001610 -0.001415 -0.001234 -0.001113 -0.001072 -0.001101 -0.001165 -0.001219 -0.001226 -0.001162 -0.001027 -0.000833 -0.000606 -0.000371 -0.000149 0.000048 0.000219 0.000372 0.000516 0.000663 0.000821 0.000996 0.001187 0.001390 0.001596 0.001793 0.001969 0.002115 0.002308 0.002354 0.002348 0.002284 0.002158 0.001967 0.001712 0.001402 0.001051 0.000679 0.000307 -0.000043 -0.000353 -0.000609 -0.000802 -0.000928 -0.000988 -0.000988 -0.000939 -0.000851 -0.000738 -0.000607 -0.000467 -0.000321 -0.000180 -0.000057 0.000022 0.000031 -0.000059 -0.000259 -0.000555 -0.000905 -0.001243 -0.001503 -0.001632 -0.001615 -0.001475 -0.001271 -0.001071 -0.000934 -0.000890 -0.000934 -0.001034 -0.001145 -0.001224 -0.001241 -0.001184 -0.001060 -0.000883 -0.000674 -0.000452 -0.000229 -0.000013 0.000198 0.000406 0.000615 0.000827 0.001044 0.001265 0.001486 0.001702 0.001902 0.002076 0.002213 0.002310 0.002326 0.002285 0.002184 0.002021 0.001797 0.001518 0.001192 0.000835 0.000464 0.000097 -0.000247 -0.000554 -0.000812 -0.001009 -0.001141 -0.001204 -0.001199 -0.001130 -0.001007 -0.000841 -0.000644 -0.000428 -0.000206 0.000006 0.000187 0.000312 0.000351 0.000280 0.000089 -0.000209 -0.000570 -0.000930 -0.001217 -0.001372 -0.001372 -0.001236 -0.001023 -0.000811 -0.000667 -0.000632 -0.000706 -0.000859 -0.001044 -0.001211 -0.001322 -0.001355 -0.001305 -0.001180 -0.000995 -0.000769 -0.000518 -0.000253 0.000018 0.000290 0.000558 0.000821 0.001075 0.001320 0.001552 0.001767 0.001960 0.002121 0.002239 0.002232 0.002209 0.002127 0.001987 0.001790 0.001541 0.001249 0.000922 0.000576 0.000225 -0.000116 -0.000435 -0.000720 -0.000963 -0.001155 -0.001288 -0.001354 -0.001349 -0.001271 -0.001126 -0.000924 -0.000678 -0.000405 -0.000122 0.000150 0.000385 0.000554 0.000628 0.000585 0.000416 0.000134 -0.000218 -0.000576 -0.000869 -0.001033 -0.001039 -0.000903 -0.000685 -0.000467 -0.000325 -0.000308 -0.000425 -0.000645 -0.000918 -0.001187 -0.001402 -0.001531 -0.001559 -0.001485 -0.001322 -0.001089 -0.000805 -0.000490 -0.000159 0.000175 0.000502 0.000812 0.001099 0.001361 0.001596 0.001803 0.001977 0.002111 0.002198 0.002083 0.002009 0.001878 0.001695 0.001464 0.001195 0.000897 0.000583 0.000265 -0.000047 -0.000341 -0.000612 -0.000855 -0.001064 -0.001235 -0.001359 -0.001426 -0.001423 -0.001345 -0.001191 -0.000969 -0.000694 -0.000383 -0.000056 0.000260 0.000538 0.000746 0.000856 0.000845 0.000708 0.000457 0.000133 -0.000204 -0.000482 -0.000639 -0.000641 -0.000501 -0.000279 -0.000059 0.000074 0.000064 -0.000104 -0.000400 -0.000771 -0.001150 -0.001476 -0.001704 -0.001809 -0.001785 -0.001641 -0.001399 -0.001082 -0.000716 -0.000325 0.000070 0.000452 0.000806 0.001123 0.001398 0.001630 0.001819 0.001963 0.002058 0.002099 0.001877 0.001740 0.001551 0.001318 0.001052 0.000764 0.000468 0.000176 -0.000102 -0.000357 -0.000587 -0.000789 -0.000967 -0.001122 -0.001254 -0.001356 -0.001414 -0.001412 -0.001338 -0.001185 -0.000958 -0.000671 -0.000342 0.000007 0.000349 0.000655 0.000894 0.001035 0.001058 0.000956 0.000745 0.000460 0.000160 -0.000088 -0.000222 -0.000210 -0.000062 0.000165 0.000384 0.000504 0.000462 0.000240 -0.000137 -0.000608 -0.001098 -0.001535 -0.001862 -0.002042 -0.002065 -0.001939 -0.001686 -0.001337 -0.000922 -0.000475 -0.000022 0.000412 0.000807 0.001151 0.001435 0.001659 0.001824 0.001928 0.001972 0.001955 0.001629 0.001420 0.001165 0.000877 0.000572 0.000266 -0.000025 -0.000290 -0.000518 -0.000705 -0.000854 -0.000970 -0.001064 -0.001146 -0.001220 -0.001284 -0.001322 -0.001317 -0.001246 -0.001100 -0.000878 -0.000594 -0.000264 0.000088 0.000437 0.000755 0.001011 0.001174 0.001225 0.001158 0.000986 0.000746 0.000490 0.000282 0.000180 0.000215 0.000377 0.000610 0.000826 0.000933 0.000862 0.000587 0.000134 -0.000433 -0.001030 -0.001573 -0.001992 -0.002243 -0.002310 -0.002200 -0.001938 -0.001559 -0.001102 -0.000604 -0.000100 0.000381 0.000813 0.001180 0.001472 0.001685 0.001820 0.001879 0.001864 0.001779 0.001355 0.001070 0.000744 0.000399 0.000054 -0.000271 -0.000557 -0.000792 -0.000967 -0.001081 -0.001141 -0.001160 -0.001156 -0.001148 -0.001147 -0.001156 -0.001163 -0.001144 -0.001074 -0.000935 -0.000725 -0.000452 -0.000136 0.000204 0.000544 0.000857 0.001114 0.001287 0.001355 0.001314 0.001176 0.000976 0.000763 0.000598 0.000532 0.000595 0.000774 0.001016 0.001234 0.001332 0.001237 0.000919 0.000401 -0.000250 -0.000943 -0.001582 -0.002085 -0.002400 -0.002505 -0.002409 -0.002141 -0.001739 -0.001248 -0.000710 -0.000164 0.000355 0.000819 0.001205 0.001502 0.001702 0.001807 0.001818 0.001741 0.001583 0.001072 0.000711 0.000317 -0.000086 -0.000471 -0.000816 -0.001099 -0.001306 -0.001430 -0.001471 -0.001440 -0.001358 -0.001248 -0.001139 -0.001051 -0.000992 -0.000953 -0.000911 -0.000834 -0.000701 -0.000503 -0.000247 0.000049 0.000366 0.000683 0.000976 0.001220 0.001388 0.001460 0.001431 0.001315 0.001143 0.000966 0.000837 0.000805 0.000895 0.001095 0.001350 0.001575 0.001673 0.001566 0.001220 0.000654 -0.000064 -0.000837 -0.001557 -0.002133 -0.002503 -0.002642 -0.002558 -0.002285 -0.001868 -0.001354 -0.000788 -0.000214 0.000332 0.000818 0.001218 0.001516 0.001704 0.001778 0.001743 0.001605 0.001377 0.000796 0.000367 -0.000091 -0.000547 -0.000972 -0.001337 -0.001621 -0.001805 -0.001884 -0.001858 -0.001742 -0.001560 -0.001345 -0.001131 -0.000947 -0.000810 -0.000715 -0.000638 -0.000548 -0.000414 -0.000226 0.000012 0.000285 0.000573 0.000860 0.001123 0.001341 0.001490 0.001551 0.001518 0.001407 0.001248 0.001090 0.000986 0.000980 0.001094 0.001313 0.001585 0.001824 0.001932 0.001830 0.001476 0.000885 0.000123 -0.000708 -0.001494 -0.002131 -0.002547 -0.002713 -0.002640 -0.002365 -0.001939 -0.001414 -0.000836 -0.000248 0.000311 0.000807 0.001213 0.001508 0.001682 0.001730 0.001653 0.001462 0.001169 0.000540 0.000052 -0.000460 -0.000964 -0.001424 -0.001812 -0.002099 -0.002269 -0.002311 -0.002229 -0.002037 -0.001764 -0.001448 -0.001131 -0.000850 -0.000630 -0.000470 -0.000351 -0.000238 -0.000098 0.000084 0.000308 0.000559 0.000819 0.001071 0.001298 0.001482 0.001600 0.001635 0.001584 0.001460 0.001297 0.001142 0.001046 0.001052 0.001180 0.001416 0.001706 0.001966 0.002098 0.002018 0.001680 0.001090 0.000310 -0.000557 -0.001388 -0.002072 -0.002526 -0.002717 -0.002654 -0.002380 -0.001952 -0.001425 -0.000849 -0.000264 0.000292 0.000786 0.001188 0.001477 0.001636 0.001660 0.001550 0.001314 0.000970 0.000310 -0.000223 -0.000780 -0.001323 -0.001816 -0.002225 -0.002521 -0.002682 -0.002698 -0.002570 -0.002315 -0.001963 -0.001557 -0.001145 -0.000772 -0.000468 -0.000241 -0.000073 0.000069 0.000221 0.000404 0.000617 0.000849 0.001083 0.001302 0.001492 0.001637 0.001717 0.001717 0.001635 0.001485 0.001301 0.001131 0.001026 0.001030 0.001162 0.001407 0.001714 0.002001 0.002168 0.002128 0.001828 0.001265 0.000496 -0.000380 -0.001237 -0.001954 -0.002439 -0.002651 -0.002599 -0.002331 -0.001907 -0.001389 -0.000826 -0.000258 0.000282 0.000760 0.001149 0.001425 0.001569 0.001574 0.001437 0.001168 0.000784 0.000110 -0.000458 -0.001049 -0.001625 -0.002146 -0.002576 -0.002882 -0.003040 -0.003037 -0.002874 -0.002566 -0.002149 -0.001666 -0.001172 -0.000716 -0.000336 -0.000044 0.000173 0.000349 0.000518 0.000705 0.000912 0.001130 0.001342 0.001532 0.001688 0.001793 0.001832 0.001793 0.001673 0.001488 0.001273 0.001076 0.000949 0.000936 0.001058 0.001304 0.001625 0.001939 0.002149 0.002164 0.001922 0.001412 0.000679 -0.000181 -0.001042 -0.001775 -0.002283 -0.002515 -0.002478 -0.002220 -0.001809 -0.001308 -0.000768 -0.000227 0.000284 0.000737 0.001105 0.001362 0.001490 0.001477 0.001320 0.001028 0.000616 -0.000067 -0.000660 -0.001278 -0.001880 -0.002424 -0.002870 -0.003184 -0.003339 -0.003321 -0.003130 -0.002782 -0.002312 -0.001768 -0.001208 -0.000685 -0.000240 0.000109 0.000373 0.000581 0.000769 0.000962 0.001167 0.001374 0.001569 0.001736 0.001861 0.001931 0.001932 0.001854 0.001696 0.001475 0.001225 0.000995 0.000837 0.000797 0.000900 0.001137 0.001465 0.001806 0.002063 0.002141 0.001971 0.001532 0.000858 0.000038 -0.000805 -0.001540 -0.002061 -0.002311 -0.002293 -0.002053 -0.001661 -0.001185 -0.000676 -0.000170 0.000306 0.000726 0.001065 0.001300 0.001409 0.001379 0.001206 0.000895 0.000462 -0.000232 -0.000846 -0.001484 -0.002104 -0.002662 -0.003116 -0.003432 -0.003581 -0.003547 -0.003332 -0.002953 -0.002443 -0.001855 -0.001246 -0.000674 -0.000180 0.000213 0.000515 0.000750 0.000954 0.001154 0.001356 0.001557 0.001739 0.001889 0.001990 0.002032 0.002001 0.001890 0.001699 0.001446 0.001165 0.000904 0.000715 0.000645 0.000722 0.000944 0.001272 0.001634 0.001935 0.002078 0.001988 0.001632 0.001034 0.000271 -0.000536 -0.001257 -0.001781 -0.002046 -0.002049 -0.001833 -0.001469 -0.001023 -0.000549 -0.000082 0.000353 0.000735 0.001042 0.001249 0.001336 0.001288 0.001097 0.000769 0.000317 -0.000399 -0.001030 -0.001683 -0.002312 -0.002873 -0.003325 -0.003630 -0.003764 -0.003711 -0.003473 -0.003069 -0.002533 -0.001918 -0.001281 -0.000679 -0.000157 0.000265 0.000591 0.000845 0.001061 0.001264 0.001464 0.001658 0.001832 0.001970 0.002056 0.002079 0.002026 0.001891 0.001678 0.001404 0.001101 0.000817 0.000602 0.000504 0.000555 0.000757 0.001080 0.001457 0.001797 0.002002 0.001991 0.001721 0.001206 0.000513 -0.000244 -0.000938 -0.001456 -0.001732 -0.001758 -0.001571 -0.001239 -0.000827 -0.000390 0.000038 0.000432 0.000775 0.001046 0.001221 0.001280 0.001206 0.000993 0.000643 0.000170 -0.000582 -0.001229 -0.001888 -0.002515 -0.003066 -0.003498 -0.003779 -0.003886 -0.003807 -0.003546 -0.003124 -0.002575 -0.001949 -0.001305 -0.000696 -0.000166 0.000265 0.000600 0.000862 0.001081 0.001282 0.001479 0.001667 0.001836 0.001968 0.002048 0.002062 0.001999 0.001854 0.001632 0.001349 0.001038 0.000742 0.000511 0.000394 0.000422 0.000605 0.000920 0.001305 0.001676 0.001934 0.001994 0.001807 0.001375 0.000757 0.000057 -0.000600 -0.001105 -0.001388 -0.001436 -0.001281 -0.000982 -0.000604 -0.000201 0.000191 0.000549 0.000853 0.001084 0.001221 0.001244 0.001136 0.000889 0.000509 0.000009 -0.000789 -0.001447 -0.002104 -0.002716 -0.003239 -0.003635 -0.003876 -0.003944 -0.003832 -0.003548 -0.003114 -0.002564 -0.001946 -0.001315 -0.000722 -0.000206 0.000214 0.000541 0.000797 0.001011 0.001206 0.001397 0.001582 0.001749 0.001882 0.001965 0.001982 0.001922 0.001781 0.001564 0.001287 0.000981 0.000686 0.000452 0.000323 0.000337 0.000505 0.000810 0.001200 0.001592 0.001892 0.002011 0.001896 0.001541 0.000995 0.000355 -0.000261 -0.000748 -0.001036 -0.001106 -0.000980 -0.000712 -0.000364 0.000012 0.000376 0.000702 0.000970 0.001161 0.001254 0.001230 0.001075 0.000783 0.000360 -0.000174 -0.001018 -0.001681 -0.002326 -0.002907 -0.003386 -0.003731 -0.003918 -0.003937 -0.003786 -0.003479 -0.003039 -0.002500 -0.001907 -0.001309 -0.000753 -0.000273 0.000116 0.000419 0.000656 0.000855 0.001040 0.001224 0.001406 0.001577 0.001719 0.001814 0.001846 0.001802 0.001679 0.001480 0.001223 0.000934 0.000653 0.000425 0.000296 0.000302 0.000461 0.000759 0.001149 0.001554 0.001883 0.002047 0.001989 0.001698 0.001218 0.000635 0.000059 -0.000409 -0.000699 -0.000787 -0.000688 -0.000447 -0.000119 0.000240 0.000587 0.000890 0.001126 0.001275 0.001318 0.001237 0.001021 0.000670 0.000196 -0.000378 -0.001256 -0.001918 -0.002537 -0.003075 -0.003498 -0.003779 -0.003902 -0.003864 -0.003672 -0.003344 -0.002904 -0.002387 -0.001833 -0.001286 -0.000786 -0.000361 -0.000021 0.000241 0.000447 0.000624 0.000795 0.000971 0.001155 0.001335 0.001494 0.001611 0.001668 0.001653 0.001559 0.001390 0.001161 0.000899 0.000640 0.000427 0.000306 0.000314 0.000469 0.000762 0.001150 0.001561 0.001905 0.002098 0.002082 0.001842 0.001415 0.000882 0.000344 -0.000106 -0.000398 -0.000502 -0.000424 -0.000201 0.000115 0.000469 0.000811 0.001102 0.001313 0.001422 0.001409 0.001262 0.000975 0.000555 0.000021 -0.000595 -0.001485 -0.002136 -0.002722 -0.003208 -0.003565 -0.003775 -0.003830 -0.003733 -0.003499 -0.003151 -0.002718 -0.002231 -0.001729 -0.001247 -0.000818 -0.000463 -0.000187 0.000022 0.000187 0.000335 0.000489 0.000660 0.000848 0.001043 0.001225 0.001372 0.001464 0.001485 0.001429 0.001298 0.001105 0.000874 0.000642 0.000450 0.000343 0.000359 0.000516 0.000807 0.001192 0.001601 0.001950 0.002157 0.002166 0.001962 0.001578 0.001086 0.000579 0.000145 -0.000147 -0.000264 -0.000202 0.000010 0.000325 0.000685 0.001034 0.001324 0.001519 0.001591 0.001522 0.001304 0.000940 0.000446 -0.000150 -0.000808 -0.001683 -0.002317 -0.002863 -0.003291 -0.003580 -0.003719 -0.003705 -0.003551 -0.003279 -0.002916 -0.002494 -0.002044 -0.001601 -0.001193 -0.000846 -0.000572 -0.000369 -0.000221 -0.000103 0.000013 0.000148 0.000315 0.000511 0.000724 0.000934 0.001115 0.001247 0.001310 0.001296 0.001205 0.001050 0.000853 0.000650 0.000482 0.000394 0.000422 0.000586 0.000878 0.001258 0.001660 0.002004 0.002212 0.002232 0.002051 0.001698 0.001239 0.000758 0.000338 0.000045 -0.000081 -0.000030 0.000178 0.000500 0.000875 0.001242 0.001542 0.001729 0.001771 0.001650 0.001363 0.000922 0.000354 -0.000301 -0.000996 -0.001829 -0.002442 -0.002945 -0.003316 -0.003540 -0.003612 -0.003537 -0.003333 -0.003027 -0.002654 -0.002248 -0.001839 -0.001458 -0.001128 -0.000866 -0.000676 -0.000551 -0.000467 -0.000399 -0.000316 -0.000198 -0.000036 0.000169 0.000401 0.000639 0.000856 0.001026 0.001131 0.001159 0.001108 0.000989 0.000825 0.000651 0.000508 0.000441 0.000487 0.000662 0.000957 0.001331 0.001722 0.002052 0.002252 0.002273 0.002104 0.001773 0.001340 0.000880 0.000471 0.000179 0.000046 0.000091 0.000299 0.000631 0.001028 0.001419 0.001738 0.001928 0.001950 0.001787 0.001440 0.000930 0.000295 -0.000413 -0.001138 -0.001909 -0.002499 -0.002962 -0.003280 -0.003446 -0.003460 -0.003334 -0.003090 -0.002762 -0.002386 -0.001998 -0.001632 -0.001312 -0.001058 -0.000878 -0.000770 -0.000718 -0.000696 -0.000674 -0.000623 -0.000523 -0.000365 -0.000154 0.000094 0.000355 0.000602 0.000807 0.000949 0.001013 0.000998 0.000912 0.000779 0.000632 0.000516 0.000474 0.000539 0.000728 0.001026 0.001395 0.001771 0.002084 0.002269 0.002284 0.002121 0.001806 0.001393 0.000950 0.000552 0.000261 0.000124 0.000164 0.000373 0.000718 0.001137 0.001556 0.001900 0.002103 0.002119 0.001928 0.001534 0.000969 0.000280 -0.000470 -0.001218 -0.001915 -0.002484 -0.002911 -0.003183 -0.003301 -0.003270 -0.003107 -0.002837 -0.002497 -0.002126 -0.001763 -0.001438 -0.001175 -0.000989 -0.000882 -0.000845 -0.000858 -0.000889 -0.000908 -0.000886 -0.000803 -0.000653 -0.000442 -0.000186 0.000090 0.000357 0.000588 0.000758 0.000853 0.000868 0.000812 0.000707 0.000589 0.000500 0.000483 0.000571 0.000773 0.001076 0.001438 0.001798 0.002092 0.002260 0.002266 0.002106 0.001803 0.001406 0.000980 0.000592 0.000304 0.000163 0.000198 0.000407 0.000760 0.001198 0.001645 0.002018 0.002242 0.002266 0.002065 0.001645 0.001043 0.000317 -0.000463 -0.001227 -0.001844 -0.002395 -0.002792 -0.003030 -0.003112 -0.003050 -0.002865 -0.002585 -0.002247 -0.001891 -0.001555 -0.001269 -0.001057 -0.000928 -0.000881 -0.000902 -0.000965 -0.001038 -0.001090 -0.001092 -0.001027 -0.000890 -0.000687 -0.000434 -0.000156 0.000120 0.000365 0.000555 0.000673 0.000714 0.000685 0.000609 0.000521 0.000461 0.000471 0.000580 0.000797 0.001103 0.001457 0.001802 0.002076 0.002227 0.002224 0.002065 0.001773 0.001392 0.000981 0.000603 0.000318 0.000175 0.000203 0.000407 0.000762 0.001213 0.001683 0.002084 0.002338 0.002383 0.002191 0.001767 0.001151 0.000406 -0.000391 -0.001162 -0.001702 -0.002238 -0.002613 -0.002825 -0.002884 -0.002807 -0.002616 -0.002343 -0.002020 -0.001689 -0.001384 -0.001136 -0.000965 -0.000881 -0.000878 -0.000940 -0.001038 -0.001141 -0.001217 -0.001240 -0.001195 -0.001077 -0.000892 -0.000654 -0.000386 -0.000114 0.000135 0.000337 0.000474 0.000539 0.000539 0.000494 0.000436 0.000407 0.000445 0.000574 0.000803 0.001110 0.001455 0.001784 0.002039 0.002175 0.002165 0.002008 0.001726 0.001360 0.000965 0.000598 0.000316 0.000168 0.000187 0.000381 0.000730 0.001184 0.001668 0.002096 0.002382 0.002461 0.002297 0.001892 0.001285 0.000542 -0.000255 -0.001026 -0.001494 -0.002019 -0.002381 -0.002578 -0.002626 -0.002547 -0.002366 -0.002113 -0.001820 -0.001522 -0.001252 -0.001040 -0.000904 -0.000852 -0.000877 -0.000963 -0.001082 -0.001202 -0.001296 -0.001338 -0.001317 -0.001225 -0.001068 -0.000856 -0.000610 -0.000351 -0.000105 0.000105 0.000259 0.000351 0.000382 0.000373 0.000351 0.000354 0.000418 0.000566 0.000802 0.001108 0.001442 0.001754 0.001991 0.002113 0.002097 0.001942 0.001671 0.001321 0.000940 0.000584 0.000305 0.000152 0.000157 0.000333 0.000667 0.001113 0.001602 0.002050 0.002370 0.002491 0.002372 0.002009 0.001435 0.000716 -0.000066 -0.000827 -0.001230 -0.001748 -0.002103 -0.002296 -0.002344 -0.002274 -0.002115 -0.001895 -0.001643 -0.001387 -0.001157 -0.000978 -0.000869 -0.000838 -0.000878 -0.000975 -0.001102 -0.001232 -0.001340 -0.001403 -0.001409 -0.001351 -0.001229 -0.001053 -0.000835 -0.000594 -0.000355 -0.000138 0.000038 0.000160 0.000230 0.000262 0.000280 0.000318 0.000408 0.000571 0.000812 0.001111 0.001431 0.001724 0.001942 0.002050 0.002027 0.001875 0.001614 0.001279 0.000913 0.000566 0.000289 0.000127 0.000115 0.000267 0.000574 0.001001 0.001484 0.001944 0.002296 0.002466 0.002406 0.002104 0.001587 0.000913 0.000164 -0.000576 -0.000923 -0.001433 -0.001787 -0.001983 -0.002041 -0.001991 -0.001863 -0.001685 -0.001481 -0.001274 -0.001086 -0.000939 -0.000852 -0.000832 -0.000878 -0.000975 -0.001105 -0.001242 -0.001363 -0.001451 -0.001490 -0.001472 -0.001394 -0.001256 -0.001070 -0.000849 -0.000614 -0.000385 -0.000183 -0.000022 0.000095 0.000175 0.000239 0.000315 0.000430 0.000607 0.000847 0.001135 0.001435 0.001706 0.001902 0.001993 0.001962 0.001811 0.001558 0.001236 0.000883 0.000545 0.000268 0.000095 0.000059 0.000179 0.000451 0.000847 0.001313 0.001776 0.002156 0.002377 0.002387 0.002164 0.001725 0.001118 0.000420 -0.000286 -0.000581 -0.001081 -0.001437 -0.001643 -0.001717 -0.001693 -0.001604 -0.001474 -0.001324 -0.001168 -0.001024 -0.000908 -0.000838 -0.000824 -0.000868 -0.000963 -0.001093 -0.001238 -0.001380 -0.001499 -0.001579 -0.001607 -0.001574 -0.001478 -0.001323 -0.001119 -0.000883 -0.000636 -0.000399 -0.000189 -0.000016 0.000121 0.000237 0.000354 0.000497 0.000684 0.000921 0.001193 0.001469 0.001710 0.001879 0.001948 0.001904 0.001749 0.001502 0.001189 0.000847 0.000516 0.000237 0.000049 -0.000014 0.000067 0.000295 0.000650 0.001088 0.001546 0.001948 0.002222 0.002308 0.002177 0.001833 0.001315 0.000687 0.000029 -0.000214 -0.000699 -0.001056 -0.001274 -0.001370 -0.001377 -0.001329 -0.001250 -0.001155 -0.001052 -0.000951 -0.000864 -0.000809 -0.000798 -0.000839 -0.000932 -0.001067 -0.001228 -0.001398 -0.001558 -0.001686 -0.001765 -0.001781 -0.001725 -0.001597 -0.001404 -0.001160 -0.000887 -0.000606 -0.000340 -0.000102 0.000101 0.000276 0.000439 0.000612 0.000811 0.001041 0.001292 0.001537 0.001742 0.001876 0.001916 0.001852 0.001689 0.001441 0.001135 0.000801 0.000474 0.000190 -0.000016 -0.000111 -0.000075 0.000102 0.000408 0.000811 0.001256 0.001675 0.001999 0.002165 0.002136 0.001902 0.001489 0.000950 0.000357 0.000168 -0.000292 -0.000646 -0.000877 -0.000996 -0.001035 -0.001028 -0.001000 -0.000959 -0.000907 -0.000847 -0.000787 -0.000745 -0.000738 -0.000780 -0.000877 -0.001026 -0.001214 -0.001425 -0.001634 -0.001817 -0.001951 -0.002015 -0.001997 -0.001892 -0.001705 -0.001448 -0.001141 -0.000810 -0.000477 -0.000167 0.000110 0.000351 0.000566 0.000771 0.000983 0.001205 0.001431 0.001638 0.001800 0.001890 0.001893 0.001801 0.001622 0.001369 0.001065 0.000736 0.000410 0.000119 -0.000107 -0.000238 -0.000249 -0.000127 0.000126 0.000487 0.000913 0.001344 0.001715 0.001961 0.002038 0.001924 0.001631 0.001198 0.000687 0.000555 0.000132 -0.000211 -0.000450 -0.000590 -0.000660 -0.000693 -0.000710 -0.000719 -0.000714 -0.000692 -0.000660 -0.000632 -0.000632 -0.000682 -0.000793 -0.000969 -0.001198 -0.001460 -0.001728 -0.001971 -0.002160 -0.002272 -0.002289 -0.002204 -0.002019 -0.001745 -0.001401 -0.001013 -0.000610 -0.000221 0.000135 0.000448 0.000721 0.000963 0.001189 0.001403 0.001600 0.001764 0.001874 0.001913 0.001869 0.001742 0.001540 0.001277 0.000972 0.000645 0.000319 0.000019 -0.000227 -0.000393 -0.000452 -0.000386 -0.000188 0.000128 0.000531 0.000969 0.001381 0.001705 0.001888 0.001899 0.001735 0.001422 0.001007 0.000935 0.000562 0.000241 0.000002 -0.000154 -0.000249 -0.000315 -0.000372 -0.000424 -0.000461 -0.000474 -0.000467 -0.000457 -0.000472 -0.000539 -0.000678 -0.000895 -0.001177 -0.001501 -0.001833 -0.002138 -0.002383 -0.002540 -0.002591 -0.002525 -0.002342 -0.002049 -0.001666 -0.001221 -0.000746 -0.000275 0.000163 0.000552 0.000886 0.001169 0.001410 0.001615 0.001780 0.001895 0.001948 0.001928 0.001831 0.001663 0.001434 0.001157 0.000848 0.000523 0.000198 -0.000108 -0.000372 -0.000570 -0.000673 -0.000660 -0.000517 -0.000247 0.000129 0.000568 0.001015 0.001409 0.001694 0.001829 0.001798 0.001611 0.001305 0.001289 0.000980 0.000695 0.000467 0.000306 0.000194 0.000105 0.000018 -0.000068 -0.000139 -0.000185 -0.000204 -0.000217 -0.000254 -0.000351 -0.000532 -0.000802 -0.001148 -0.001540 -0.001939 -0.002305 -0.002604 -0.002805 -0.002890 -0.002845 -0.002665 -0.002357 -0.001939 -0.001439 -0.000894 -0.000343 0.000178 0.000643 0.001038 0.001363 0.001621 0.001815 0.001946 0.002010 0.002001 0.001918 0.001765 0.001554 0.001296 0.001005 0.000694 0.000373 0.000054 -0.000252 -0.000528 -0.000750 -0.000892 -0.000927 -0.000837 -0.000613 -0.000269 0.000164 0.000636 0.001089 0.001465 0.001715 0.001813 0.001756 0.001566 0.001594 0.001363 0.001128 0.000928 0.000776 0.000661 0.000560 0.000456 0.000348 0.000250 0.000176 0.000129 0.000089 0.000018 -0.000120 -0.000354 -0.000687 -0.001103 -0.001564 -0.002028 -0.002454 -0.002804 -0.003051 -0.003172 -0.003152 -0.002982 -0.002666 -0.002219 -0.001670 -0.001061 -0.000436 0.000162 0.000700 0.001156 0.001520 0.001793 0.001976 0.002072 0.002082 0.002011 0.001865 0.001659 0.001406 0.001124 0.000824 0.000517 0.000208 -0.000098 -0.000395 -0.000670 -0.000907 -0.001078 -0.001156 -0.001115 -0.000940 -0.000633 -0.000218 0.000265 0.000760 0.001209 0.001559 0.001775 0.001842 0.001771 0.001825 0.001682 0.001515 0.001360 0.001235 0.001134 0.001040 0.000934 0.000816 0.000700 0.000603 0.000527 0.000453 0.000341 0.000151 -0.000143 -0.000545 -0.001030 -0.001558 -0.002084 -0.002565 -0.002966 -0.003260 -0.003423 -0.003436 -0.003285 -0.002970 -0.002504 -0.001918 -0.001255 -0.000565 0.000102 0.000705 0.001215 0.001615 0.001899 0.002070 0.002131 0.002091 0.001962 0.001760 0.001507 0.001222 0.000924 0.000626 0.000333 0.000046 -0.000234 -0.000510 -0.000774 -0.001013 -0.001205 -0.001319 -0.001325 -0.001201 -0.000940 -0.000555 -0.000081 0.000433 0.000931 0.001358 0.001673 0.001852 0.001895 0.001954 0.001910 0.001825 0.001735 0.001658 0.001593 0.001524 0.001434 0.001322 0.001200 0.001084 0.000980 0.000867 0.000708 0.000462 0.000104 -0.000364 -0.000916 -0.001507 -0.002089 -0.002622 -0.003075 -0.003420 -0.003632 -0.003687 -0.003567 -0.003265 -0.002794 -0.002184 -0.001481 -0.000740 -0.000017 0.000640 0.001195 0.001624 0.001918 0.002077 0.002107 0.002024 0.001846 0.001601 0.001314 0.001012 0.000713 0.000429 0.000163 -0.000089 -0.000333 -0.000575 -0.000816 -0.001048 -0.001250 -0.001393 -0.001444 -0.001375 -0.001169 -0.000832 -0.000389 0.000117 0.000634 0.001110 0.001499 0.001771 0.001919
SCALARS p float 1
LOOKUP_TABLE default
-0.029711 -0.009875 0.005808 0.017344 0.026038 0.033608 0.040998 0.047666 0.052016 0.052840 0.050720 0.048185 0.048320 0.052793 0.060742 0.069217 0.074713 0.074768 0.068762 0.057654 0.042967 0.025768 0.006282 -0.015666 -0.039822 -0.064927 -0.088749 -0.108623 -0.122134 -0.127649 -0.124575 -0.113359 -0.095296 -0.072223 -0.046191 -0.019208 0.006868 0.030338 0.049697 0.063798 0.072080 0.074729 0.072646 0.067214 0.059962 0.052241 0.044990 0.038620 0.032954 0.027219 0.020124 0.010162 -0.003856 -0.022188 -0.043811 -0.066546 -0.087583 -0.104115 -0.113883 -0.115529 -0.108799 -0.094586 -0.074828 -0.052217 -0.042970 -0.024626 -0.008846 0.004070 0.014932 0.025054 0.035285 0.045252 0.053475 0.058537 0.060500 0.061364 0.063941 0.069909 0.078542 0.087044 0.092103 0.091544 0.085098 0.073998 0.059817 0.043374 0.024453 0.002444 -0.022643 -0.049538 -0.075796 -0.098425 -0.114661 -0.122575 -0.121369 -0.111391 -0.093942 -0.070973 -0.044771 -0.017699 0.007979 0.030216 0.047338 0.058270 0.062744 0.061381 0.055538 0.046979 0.037479 0.028518 0.021106 0.015710 0.012194 0.009755 0.006932 0.001889 -0.006994 -0.020422 -0.037783 -0.057265 -0.076373 -0.092537 -0.103583 -0.108040 -0.105326 -0.095826 -0.080854 -0.062443 -0.051688 -0.037167 -0.023507 -0.011083 0.000563 0.012352 0.024943 0.038013 0.050155 0.059729 0.066213 0.070922 0.076245 0.083859 0.093332 0.102241 0.107595 0.107470 0.101789 0.091877 0.079240 0.064452 0.046931 0.025706 0.000533 -0.027419 -0.055650 -0.080983 -0.100378 -0.111589 -0.113536 -0.106372 -0.091324 -0.070399 -0.046063 -0.020941 0.002427 0.021810 0.035529 0.042714 0.043461 0.038807 0.030456 0.020369 0.010367 0.001891 -0.004086 -0.007087 -0.007214 -0.005298 -0.002942 -0.002250 -0.005179 -0.012797 -0.024866 -0.039973 -0.056038 -0.070853 -0.082476 -0.089459 -0.091002 -0.087040 -0.078249 -0.065918 -0.058190 -0.049080 -0.039214 -0.028846 -0.017696 -0.005157 0.009204 0.025031 0.040942 0.055095 0.066391 0.075375 0.083887 0.093555 0.104330 0.114309 0.120898 0.122350 0.118590 0.110857 0.100530 0.088017 0.072534 0.052877 0.028558 0.000519 -0.028892 -0.056514 -0.079157 -0.094296 -0.100515 -0.097666 -0.086777 -0.069790 -0.049220 -0.027816 -0.008230 0.007288 0.017201 0.020921 0.018899 0.012467 0.003461 -0.006218 -0.014932 -0.021432 -0.024846 -0.024688 -0.021013 -0.014643 -0.007263 -0.001137 0.001570 -0.000459 -0.007306 -0.017962 -0.030794 -0.044015 -0.055976 -0.065336 -0.071167 -0.073047 -0.071079 -0.065834 -0.065019 -0.061980 -0.056840 -0.049595 -0.039975 -0.027552 -0.012086 0.005997 0.025319 0.043886 0.060089 0.073703 0.085934 0.098263 0.111018 0.122881 0.131678 0.135750 0.134853 0.129986 0.122368 0.112367 0.099211 0.081647 0.058998 0.031885 0.002317 -0.026775 -0.052226 -0.071329 -0.082341 -0.084750 -0.079263 -0.067603 -0.052170 -0.035656 -0.020648 -0.009254 -0.002771 -0.001489 -0.004707 -0.011011 -0.018712 -0.026241 -0.032344 -0.036050 -0.036590 -0.033437 -0.026549 -0.016683 -0.005510 0.004686 0.011676 0.014007 0.011338 0.004303 -0.005899 -0.017880 -0.030288 -0.041914 -0.051783 -0.059218 -0.063882 -0.065748 -0.073479 -0.076364 -0.076220 -0.072710 -0.065423 -0.053962 -0.038179 -0.018544 0.003579 0.026108 0.047040 0.065458 0.081886 0.097548 0.113048 0.127613 0.139468 0.146971 0.149573 0.147912 0.143027 0.135370 0.124401 0.109035 0.088521 0.063145 0.034449 0.004957 -0.022374 -0.044793 -0.060310 -0.068041 -0.068305 -0.062482 -0.052693 -0.041398 -0.030950 -0.023188 -0.019118 -0.018788 -0.021421 -0.025784 -0.030617 -0.034905 -0.037879 -0.038853 -0.037108 -0.032016 -0.023382 -0.011814 0.001147 0.013335 0.022599 0.027443 0.027334 0.022584 0.014022 0.002694 -0.010307 -0.023921 -0.037189 -0.049309 -0.059669 -0.067829 -0.083036 -0.091176 -0.095851 -0.096374 -0.092087 -0.082467 -0.067324 -0.047092 -0.023074 0.002635 0.027774 0.050857 0.071754 0.091310 0.110242 0.128194 0.143722 0.155145 0.161535 0.163092 0.160652 0.154837 0.145527 0.132017 0.113646 0.090432 0.063408 0.034576 0.006537 -0.018062 -0.037088 -0.049344 -0.054748 -0.054268 -0.049645 -0.042975 -0.036262 -0.031001 -0.027914 -0.026921 -0.027380 -0.028491 -0.029634 -0.030454 -0.030660 -0.029773 -0.027042 -0.021668 -0.013238 -0.002135 0.010344 0.022271 0.031668 0.037077 0.037842 0.034032 0.026187 0.015084 0.001598 -0.013378 -0.028984 -0.044435 -0.059025 -0.072103 -0.091877 -0.104344 -0.113407 -0.118050 -0.117310 -0.110414 -0.096992 -0.077330 -0.052598 -0.024814 0.003638 0.030863 0.056144 0.079873 0.102685 0.124449 0.143938 0.159393 0.169496 0.173983 0.173481 0.168820 0.160413 0.148107 0.131500 0.110455 0.085538 0.058189 0.030560 0.005077 -0.016095 -0.031519 -0.040744 -0.044319 -0.043559 -0.040152 -0.035711 -0.031395 -0.027714 -0.024617 -0.021796 -0.019067 -0.016542 -0.014491 -0.012993 -0.011645 -0.009561 -0.005708 0.000598 0.009266 0.019306 0.029091 0.036871 0.041280 0.041607 0.037764 0.030094 0.019173 0.005677 -0.009697 -0.026285 -0.043458 -0.060590 -0.076993 -0.097988 -0.113778 -0.126632 -0.135266 -0.138412 -0.134987 -0.124329 -0.106471 -0.082354 -0.053832 -0.023277 0.007168 0.036318 0.064082 0.090839 0.116464 0.139799 0.158978 0.172335 0.179190 0.179979 0.175752 0.167492 0.155678 0.140284 0.121136 0.098413 0.073025 0.046653 0.021440 -0.000507 -0.017588 -0.029033 -0.034987 -0.036353 -0.034429 -0.030486 -0.025434 -0.019715 -0.013471 -0.006889 -0.000473 0.004976 0.008705 0.010450 0.010703 0.010589 0.011438 0.014235 0.019188 0.025616 0.032183 0.037363 0.039911 0.039121 0.034831 0.027268 0.016860 0.004093 -0.010580 -0.026776 -0.044137 -0.062233 -0.080460 -0.099950 -0.118063 -0.133955 -0.146175 -0.153215 -0.153688 -0.146590 -0.131621 -0.109415 -0.081569 -0.050323 -0.017905 0.014168 0.045350 0.075634 0.104697 0.131297 0.153439 0.169195 0.177589 0.178938 0.174521 0.165857 0.154033 0.139411 0.121833 0.101176 0.077905 0.053283 0.029170 0.007569 -0.009832 -0.022000 -0.028712 -0.030483 -0.028280 -0.023140 -0.015876 -0.007038 0.002871 0.013083 0.022435 0.029586 0.033513 0.033995 0.031782 0.028351 0.025378 0.024138 0.025088 0.027769 0.031051 0.033577 0.034215 0.032309 0.027694 0.020547 0.011185 -0.000095 -0.013118 -0.027834 -0.044212 -0.062068 -0.080920 -0.097188 -0.116630 -0.134624 -0.149690 -0.160205 -0.164544 -0.161385 -0.150061 -0.130843 -0.104997 -0.074522 -0.041587 -0.007897 0.025611 0.058475 0.090019 0.118794 0.142671 0.159592 0.168463 0.169615 0.164579 0.155326 0.143409 0.129454 0.113276 0.094502 0.073270 0.050553 0.027993 0.007482 -0.009263 -0.021012 -0.027219 -0.028047 -0.024195 -0.016582 -0.006097 0.006421 0.019979 0.033207 0.044383 0.051827 0.054496 0.052428 0.046805 0.039562 0.032749 0.027886 0.025561 0.025384 0.026278 0.026953 0.026348 0.023880 0.019432 0.013179 0.005363 -0.003897 -0.014703 -0.027339 -0.042085 -0.058968 -0.077602 -0.089852 -0.109613 -0.128590 -0.145420 -0.158522 -0.166174 -0.166812 -0.159431 -0.143920 -0.121162 -0.092828 -0.060906 -0.027160 0.007157 0.041127 0.073642 0.102984 0.126942 0.143495 0.151659 0.151954 0.146184 0.136625 0.125037 0.112062 0.097355 0.080321 0.060915 0.039989 0.019088 0.000020 -0.015511 -0.026150 -0.031086 -0.030175 -0.023898 -0.013153 0.000955 0.017160 0.033898 0.049223 0.060997 0.067417 0.067636 0.062151 0.052718 0.041814 0.031872 0.024579 0.020503 0.019123 0.019224 0.019443 0.018729 0.016565 0.012911 0.007984 0.001984 -0.005106 -0.013615 -0.024092 -0.037045 -0.052634 -0.070505 -0.078639 -0.097723 -0.116435 -0.133666 -0.148047 -0.157937 -0.161676 -0.158007 -0.146465 -0.127528 -0.102488 -0.073065 -0.040983 -0.007719 0.025401 0.056862 0.084728 0.106829 0.121398 0.127800 0.126896 0.120733 0.111650 0.101258 0.089886 0.076873 0.061445 0.043558 0.024137 0.004753 -0.012839 -0.026983 -0.036259 -0.039656 -0.036771 -0.027913 -0.014019 0.003513 0.022912 0.042028 0.058411 0.069656 0.074016 0.071024 0.061772 0.048685 0.034819 0.022968 0.014896 0.010991 0.010403 0.011591 0.012971 0.013419 0.012461 0.010145 0.006757 0.002514 -0.002662 -0.009221 -0.017860 -0.029204 -0.043450 -0.060210 -0.064652 -0.082174 -0.099403 -0.115557 -0.129638 -0.140280 -0.145918 -0.145195 -0.137376 -0.122571 -0.101676 -0.076104 -0.047463 -0.017351 0.012620 0.040678 0.064843 0.083203 0.094476 0.098563 0.096712 0.091049 0.083627 0.075490 0.066356 0.055167 0.041109 0.024357 0.006083 -0.012044 -0.028325 -0.041190 -0.049203 -0.051202 -0.046572 -0.035490 -0.018963 0.001298 0.023020 0.043518 0.059936 0.069746 0.071405 0.064939 0.052102 0.036001 0.020247 0.007932 0.000805 -0.001059 0.001016 0.005006 0.008987 0.011685 0.012626 0.011942 0.010021 0.007165 0.003347 -0.001872 -0.009198 -0.019266 -0.032247 -0.047679 -0.049243 -0.064578 -0.079353 -0.093112 -0.105318 -0.115061 -0.121088 -0.122136 -0.117354 -0.106574 -0.090341 -0.069756 -0.046245 -0.021388 0.003134 0.025555 0.044133 0.057465 0.064932 0.067014 0.065203 0.061374 0.056871 0.051813 0.045161 0.035574 0.022450 0.006410 -0.011027 -0.028122 -0.043307 -0.055151 -0.062232 -0.063256 -0.057434 -0.044841 -0.026563 -0.004599 0.018347 0.039152 0.054692 0.062445 0.061181 0.051461 0.035684 0.017563 0.001159 -0.010236 -0.014978 -0.013376 -0.007305 0.000662 0.008191 0.013795 0.016961 0.017895 0.017114 0.015081 0.011938 0.007397 0.000857 -0.008257 -0.020073 -0.034067 -0.033780 -0.046673 -0.058480 -0.068978 -0.078095 -0.085493 -0.090425 -0.091940 -0.089261 -0.082084 -0.070689 -0.055875 -0.038808 -0.020859 -0.003497 0.011845 0.023955 0.032127 0.036419 0.037722 0.037430 0.036748 0.035945 0.034070 0.029456 0.020794 0.008015 -0.007651 -0.024379 -0.040507 -0.054736 -0.065841 -0.072420 -0.073048 -0.066773 -0.053589 -0.034647 -0.012175 0.010802 0.030871 0.044788 0.050165 0.046141 0.033792 0.016048 -0.002931 -0.018801 -0.028203 -0.029665 -0.023887 -0.013269 -0.000915 0.010433 0.019051 0.024357 0.026614 0.026496 0.024690 0.021603 0.017202 0.011071 0.002714 -0.007991 -0.020513 -0.019381 -0.029934 -0.038788 -0.045795 -0.051252 -0.055407 -0.058142 -0.059001 -0.057465 -0.053251 -0.046465 -0.037615 -0.027502 -0.017094 -0.007366 0.000847 0.007040 0.011206 0.013899 0.016069 0.018595 0.021664 0.024349 0.024793 0.021098 0.012415 -0.000537 -0.015919 -0.031789 -0.046791 -0.060060 -0.070640 -0.077141 -0.077999 -0.072096 -0.059339 -0.040909 -0.019171 0.002668 0.021076 0.032847 0.035823 0.029519 0.015425 -0.003175 -0.021894 -0.036307 -0.043120 -0.041072 -0.031201 -0.016326 0.000031 0.014785 0.025997 0.033002 0.036113 0.036166 0.034108 0.030661 0.026103 0.020232 0.012617 0.003069 -0.007960 -0.006720 -0.015237 -0.021556 -0.025433 -0.027355 -0.028058 -0.028061 -0.027493 -0.026228 -0.024123 -0.021190 -0.017645 -0.013859 -0.010245 -0.007136 -0.004662 -0.002646 -0.000580 0.002260 0.006502 0.012207 0.018455 0.023318 0.024482 0.020323 0.010801 -0.002510 -0.017345 -0.031922 -0.045438 -0.057594 -0.067749 -0.074534 -0.076233 -0.071551 -0.060276 -0.043547 -0.023746 -0.004095 0.011924 0.021276 0.022082 0.014176 -0.000696 -0.019117 -0.036702 -0.049131 -0.053287 -0.048127 -0.034935 -0.016787 0.002545 0.019754 0.032745 0.040787 0.044231 0.044066 0.041492 0.037543 0.032804 0.027284 0.020587 0.012388 0.002947 0.003969 -0.002768 -0.007086 -0.008510 -0.007510 -0.005119 -0.002371 0.000043 0.001813 0.002873 0.003247 0.002975 0.002124 0.000839 -0.000584 -0.001659 -0.001721 -0.000026 0.004006 0.010446 0.018486 0.026312 0.031450 0.031657 0.025978 0.015301 0.001905 -0.011802 -0.024466 -0.036014 -0.046799 -0.056530 -0.063884 -0.067002 -0.064393 -0.055654 -0.041771 -0.024990 -0.008382 0.004766 0.011671 0.010715 0.001927 -0.012875 -0.030347 -0.046289 -0.056629 -0.058502 -0.051074 -0.035769 -0.015746 0.005161 0.023581 0.037349 0.045699 0.049020 0.048425 0.045316 0.040989 0.036288 0.031406 0.025961 0.019448 0.011844 0.012709 0.007757 0.005104 0.005508 0.008685 0.013539 0.018723 0.023112 0.026009 0.027119 0.026450 0.024229 0.020867 0.016959 0.013273 0.010699 0.010148 0.012346 0.017562 0.025292 0.034070 0.041598 0.045349 0.043548 0.036049 0.024537 0.011719 -0.000118 -0.010218 -0.019302 -0.028412 -0.037657 -0.045812 -0.050905 -0.051202 -0.046010 -0.036007 -0.023134 -0.010170 -0.000110 0.004512 0.002255 -0.006809 -0.020959 -0.037071 -0.051240 -0.059725 -0.059956 -0.051294 -0.035211 -0.014797 0.006233 0.024595 0.038162 0.046178 0.049067 0.048022 0.044579 0.040201 0.035919 0.032069 0.028287 0.023886 0.018522 0.019530 0.016693 0.015755 0.017703 0.022516 0.029222 0.036382 0.042620 0.046954 0.048888 0.048370 0.045725 0.041581 0.036816 0.032471 0.029630 0.029245 0.031898 0.037535 0.045247 0.053240 0.059153 0.060760 0.056893 0.048106 0.036601 0.025227 0.015983 0.009005 0.002810 -0.004334 -0.013001 -0.022154 -0.029737 -0.033718 -0.032972 -0.027692 -0.019360 -0.010353 -0.003365 -0.000742 -0.003888 -0.012829 -0.026055 -0.040727 -0.053280 -0.060333 -0.059634 -0.050726 -0.035067 -0.015557 0.004347 0.021585 0.034163 0.041391 0.043719 0.042375 0.038939 0.034941 0.031512 0.029090 0.027345 0.025468 0.022813 0.024300 0.024127 0.025321 0.028955 0.035235 0.043400 0.052078 0.059818 0.065477 0.068411 0.068499 0.066093 0.061934 0.057043 0.052586 0.049698 0.049278 0.051751 0.056848 0.063487 0.069858 0.073816 0.073578 0.068505 0.059586 0.049223 0.040182 0.034128 0.030667 0.027668 0.022740 0.014766 0.004490 -0.005990 -0.014282 -0.018672 -0.018696 -0.015236 -0.010224 -0.006093 -0.005125 -0.008824 -0.017425 -0.029678 -0.043037 -0.054269 -0.060357 -0.059374 -0.051029 -0.036720 -0.019083 -0.001217 0.014142 0.025217 0.031419 0.033223 0.031836 0.028796 0.025602 0.023396 0.022682 0.023199 0.024104 0.024538 0.026744 0.029770 0.033674 0.039435 0.047359 0.056864 0.066719 0.075511 0.082051 0.085616 0.086037 0.083671 0.079308 0.074039 0.069078 0.065566 0.064350 0.065773 0.069509 0.074507 0.079145 0.081619 0.080556 0.075650 0.068030 0.060009 0.054110 0.051685 0.051964 0.052344 0.049842 0.042742 0.031385 0.017840 0.004904 -0.004992 -0.010566 -0.011993 -0.010747 -0.009086 -0.009361 -0.013296 -0.021403 -0.032701 -0.044911 -0.055117 -0.060659 -0.059917 -0.052745 -0.040443 -0.025332 -0.010092 0.002931 0.012230 0.017343 0.018755 0.017597 0.015285 0.013199 0.012421 0.013491 0.016253 0.019932 0.023588 0.026648 0.033141 0.040206 0.048569 0.058473 0.069411 0.080280 0.089755 0.096681 0.100329 0.100515 0.097599 0.092392 0.086012 0.079699 0.074607 0.071596 0.071046 0.072725 0.075777 0.078879 0.080583 0.079829 0.076443 0.071439 0.066811 0.064709 0.066194 0.070288 0.074116 0.074231 0.068310 0.056187 0.039803 0.022335 0.007008 -0.003960 -0.009952 -0.011984 -0.012222 -0.013204 -0.016970 -0.024344 -0.034612 -0.045749 -0.055145 -0.060478 -0.060409 -0.054891 -0.045079 -0.032939 -0.020697 -0.010277 -0.002888 0.001147 0.002297 0.001563 0.000166 -0.000703 -0.000079 0.002598 0.007305 0.013434 0.020092 0.024170 0.033961 0.044262 0.055454 0.067579 0.080097 0.091973 0.101979 0.109033 0.112449 0.112058 0.108213 0.101711 0.093655 0.085279 0.077762 0.072041 0.068643 0.067570 0.068283 0.069828 0.071116 0.071318 0.070268 0.068702 0.068136 0.070229 0.075736 0.083584 0.090826 0.093728 0.089425 0.077176 0.058663 0.037337 0.017195 0.001452 -0.008421 -0.012968 -0.014322 -0.015292 -0.018300 -0.024519 -0.033510 -0.043519 -0.052241 -0.057669 -0.058684 -0.055266 -0.048363 -0.039550 -0.030584 -0.022953 -0.017563 -0.014610 -0.013669 -0.013920 -0.014399 -0.014162 -0.012390 -0.008518 -0.002412 0.005546 0.014627 0.020158 0.032617 0.045733 0.059535 0.073807 0.087900 0.100800 0.111364 0.118604 0.121893 0.121079 0.116483 0.108834 0.099145 0.088580 0.078311 0.069364 0.062479 0.057983 0.055749 0.055257 0.055802 0.056786 0.058022 0.059934 0.063491 0.069777 0.079178 0.090564 0.101064 0.106860 0.104683 0.093214 0.073733 0.049786 0.026015 0.006602 -0.006091 -0.012111 -0.013573 -0.013603 -0.015059 -0.019507 -0.026833 -0.035590 -0.043784 -0.049669 -0.052250 -0.051422 -0.047853 -0.042692 -0.037222 -0.032517 -0.029197 -0.027354 -0.026643 -0.026472 -0.026178 -0.025096 -0.022577 -0.018056 -0.011237 -0.002247 0.008415 0.016339 0.030480 0.045534 0.061235 0.077127 0.092453 0.106208 0.117334 0.124939 0.128465 0.127759 0.123077 0.115009 0.104395 0.092230 0.079587 0.067526 0.056986 0.048651 0.042853 0.039557 0.038486 0.039323 0.041938 0.046514 0.053528 0.063471 0.076304 0.090799 0.104236 0.112895 0.113288 0.103593 0.084589 0.059689 0.033961 0.012422 -0.001692 -0.007899 -0.008274 -0.006276 -0.005243 -0.007200 -0.012441 -0.019877 -0.027812 -0.034668 -0.039427 -0.041764 -0.041968 -0.040733 -0.038891 -0.037142 -0.035876 -0.035123 -0.034655 -0.034139 -0.033237 -0.031579 -0.028692 -0.024028 -0.017143 -0.007917 0.003398 0.015220 0.029906 0.045719 0.062194 0.078721 0.094486 0.108532 0.119911 0.127848 0.131855 0.131779 0.127781 0.120267 0.109822 0.097165 0.083144 0.068737 0.054996 0.042921 0.033292 0.026569 0.022921 0.022368 0.024939 0.030738 0.039898 0.052414 0.067813 0.084718 0.100560 0.111835 0.115038 0.107980 0.090914 0.066917 0.041191 0.019365 0.005451 0.000478 0.002459 0.007616 0.012094 0.013316 0.010491 0.004299 -0.003815 -0.012313 -0.019980 -0.026109 -0.030511 -0.033395 -0.035175 -0.036252 -0.036860 -0.037034 -0.036697 -0.035790 -0.034299 -0.032147 -0.029051 -0.024502 -0.017953 -0.009080 0.002083 0.019539 0.033690 0.048984 0.064868 0.080679 0.095639 0.108914 0.119722 0.127448 0.131713 0.132384 0.129536 0.123379 0.114195 0.102332 0.088282 0.072785 0.056875 0.041768 0.028637 0.018390 0.011611 0.008657 0.009786 0.015176 0.024836 0.038448 0.055194 0.073533 0.091016 0.104409 0.110349 0.106465 0.092541 0.071179 0.047425 0.027213 0.015158 0.012807 0.018322 0.027651 0.036393 0.041342 0.041120 0.035977 0.027164 0.016324 0.005032 -0.005479 -0.014446 -0.021563 -0.026855 -0.030494 -0.032645 -0.033415 -0.032915 -0.031354 -0.029026 -0.026139 -0.022615 -0.018031 -0.011810 -0.003504 0.007010 0.031235 0.043984 0.057572 0.071449 0.085006 0.097604 0.108623 0.117530 0.123943 0.127655 0.128615 0.126862 0.122435 0.115308 0.105401 0.092729 0.077634 0.060967 0.044038 0.028325 0.015117 0.005333 -0.000408 -0.001632 0.002015 0.010610 0.023755 0.040460 0.059076 0.077252 0.092029 0.100296 0.099675 0.089614 0.072200 0.052085 0.035180 0.026449 0.027883 0.037841 0.052070 0.065639 0.074658 0.077109 0.072805 0.062877 0.049180 0.033766 0.018482 0.004719 -0.006681 -0.015359 -0.021295 -0.024636 -0.025609 -0.024533 -0.021876 -0.018211 -0.014020 -0.009455 -0.004254 0.002093 0.010049 0.019805 0.050265 0.061017 0.071929 0.082523 0.092343 0.100982 0.108122 0.113563 0.117238 0.119195 0.119542 0.118356 0.115574 0.110897 0.103807 0.093762 0.080562 0.064700 0.047435 0.030463 0.015387 0.003374 -0.004810 -0.008564 -0.007364 -0.000939 0.010445 0.025828 0.043569 0.061425 0.076701 0.086588 0.088847 0.082762 0.069961 0.054568 0.042182 0.037827 0.043800 0.058691 0.078145 0.096758 0.109961 0.115077 0.111492 0.100268 0.083545 0.063904 0.043824 0.025305 0.009704 -0.002246 -0.010320 -0.014637 -0.015539 -0.013543 -0.009349 -0.003774 0.002437 0.008867 0.015535 0.022764 0.030908 0.040117 0.073968 0.082384 0.089947 0.096315 0.101251 0.104652 0.106565 0.107180 0.106804 0.105802 0.104517 0.103147 0.101608 0.099410 0.095640 0.089179 0.079180 0.065622 0.049559 0.032807 0.017236 0.004203 -0.005488 -0.011246 -0.012454 -0.008620 0.000257 0.013421 0.029367 0.046003 0.060875 0.071483 0.075829 0.073200 0.064909 0.054536 0.047175 0.047644 0.058373 0.078182 0.102721 0.126223 0.143488 0.151192 0.148302 0.135834 0.116248 0.092678 0.068212 0.045381 0.025955 0.010971 0.000861 -0.004408 -0.005218 -0.002220 0.003710 0.011554 0.020331 0.029335 0.038263 0.047138 0.056079 0.065087 0.097615 0.103586 0.107510 0.109216 0.108728 0.106272 0.102275 0.097320 0.092095 0.087308 0.083579 0.081301 0.080466 0.080498 0.080186 0.077884 0.072066 0.062076 0.048613 0.033505 0.018844 0.006157 -0.003775 -0.010491 -0.013410 -0.011871 -0.005570 0.005050 0.018714 0.033516 0.047215 0.057598 0.062956 0.062723 0.058075 0.052153 0.049486 0.054502 0.069595 0.093780 0.122811 0.150696 0.171696 0.181855 0.179701 0.166181 0.144074 0.117096 0.088951 0.062630 0.040158 0.022704 0.010814 0.004569 0.003652 0.007397 0.014853 0.024875 0.036295 0.048125 0.059704 0.070673 0.080819 0.089906 0.116090 0.119768 0.120231 0.117488 0.111812 0.103734 0.094004 0.083539 0.073360 0.064498 0.057870 0.054123 0.053417 0.055213 0.058135 0.060124 0.059018 0.053477 0.043721 0.031461 0.018958 0.007913 -0.000926 -0.007297 -0.010773 -0.010636 -0.006320 0.002056 0.013485 0.026247 0.038278 0.047598 0.052793 0.053539 0.051054 0.048212 0.049060 0.057582 0.076024 0.103549 0.136094 0.167587 0.191856 0.204341 0.203059 0.188785 0.164559 0.134698 0.103593 0.074720 0.050246 0.031247 0.018165 0.011101 0.009856 0.013878 0.022273 0.033882 0.047433 0.061720 0.075744 0.088749 0.100147 0.109419 0.125817 0.127667 0.125358 0.119047 0.109193 0.096532 0.082026 0.066818 0.052177 0.039411 0.029743 0.024116 0.022950 0.025859 0.031449 0.037393 0.041010 0.040305 0.034946 0.026406 0.017027 0.008680 0.002122 -0.002592 -0.005272 -0.005265 -0.001850 0.005119 0.014870 0.025833 0.036060 0.043738 0.047707 0.047924 0.045776 0.044075 0.046561 0.056862 0.077061 0.106456 0.141230 0.175363 0.202378 0.217129 0.217025 0.202489 0.176656 0.144393 0.110865 0.080170 0.054651 0.035145 0.021723 0.014282 0.012666 0.016506 0.025091 0.037376 0.052100 0.067944 0.083666 0.098175 0.110539 0.119965 0.125876 0.126668 0.122714 0.114231 0.101746 0.086059 0.068203 0.049421 0.031139 0.014903 0.002236 -0.005576 -0.007788 -0.004537 0.002888 0.012047 0.019895 0.023887 0.023132 0.018771 0.013118 0.008186 0.004788 0.002828 0.002232 0.003480 0.007314 0.014031 0.023016 0.032789 0.041448 0.047269 0.049271 0.047661 0.044057 0.041361 0.043226 0.053111 0.073041 0.102493 0.137966 0.173621 0.202804 0.219828 0.221393 0.207347 0.180667 0.146601 0.111091 0.079006 0.053043 0.033822 0.020876 0.013643 0.011826 0.015199 0.023304 0.035321 0.050122 0.066403 0.082811 0.098051 0.110941 0.120475 0.117899 0.118605 0.114344 0.105271 0.091843 0.074774 0.055037 0.033877 0.012819 -0.006383 -0.021901 -0.032092 -0.035853 -0.033018 -0.024692 -0.013298 -0.002081 0.006013 0.009607 0.009454 0.007731 0.006528 0.006757 0.008257 0.010720 0.014383 0.019871 0.027505 0.036735 0.046108 0.053717 0.057847 0.057604 0.053359 0.046924 0.041362 0.040415 0.047595 0.065055 0.092572 0.127056 0.162976 0.193639 0.212890 0.216667 0.204051 0.177578 0.142611 0.105727 0.072611 0.046489 0.027939 0.015974 0.009419 0.007638 0.010430 0.017586 0.028581 0.042521 0.058235 0.074400 0.089657 0.102708 0.112416 0.105126 0.106720 0.103381 0.095086 0.082093 0.064930 0.044439 0.021828 -0.001296 -0.022981 -0.041109 -0.053694 -0.059290 -0.057437 -0.049029 -0.036395 -0.022832 -0.011515 -0.004188 -0.000482 0.001549 0.003986 0.007853 0.013014 0.019004 0.025791 0.033782 0.043199 0.053479 0.063167 0.070327 0.073210 0.070916 0.063858 0.053930 0.044315 0.038922 0.041486 0.054489 0.078168 0.109981 0.144833 0.176137 0.197383 0.203765 0.193488 0.168429 0.133783 0.096497 0.062935 0.036913 0.019157 0.008325 0.002650 0.001046 0.003213 0.009140 0.018627 0.031081 0.045559 0.060875 0.075728 0.088812 0.098934 0.091261 0.094459 0.092830 0.086094 0.074253 0.057632 0.036957 0.013426 -0.011262 -0.034970 -0.055328 -0.070067 -0.077467 -0.076834 -0.068881 -0.055812 -0.040868 -0.027290 -0.017046 -0.010103 -0.004809 0.000822 0.007901 0.016397 0.025779 0.035778 0.046520 0.058047 0.069732 0.080123 0.087280 0.089424 0.085592 0.076118 0.062825 0.048889 0.038336 0.035185 0.042380 0.060774 0.088503 0.121050 0.152078 0.174866 0.183957 0.176690 0.154174 0.121212 0.084813 0.051744 0.026299 0.009454 -0.000272 -0.005080 -0.006487 -0.004966 -0.000388 0.007365 0.018051 0.031015 0.045277 0.059661 0.072909 0.083799 0.079534 0.084521 0.084680 0.079472 0.068691 0.052541 0.031718 0.007470 -0.018397 -0.043608 -0.065626 -0.082002 -0.090846 -0.091322 -0.084026 -0.071041 -0.055486 -0.040534 -0.028243 -0.018841 -0.010993 -0.002889 0.006628 0.017672 0.029747 0.042411 0.055511 0.068864 0.081763 0.092786 0.100057 0.101817 0.097036 0.085887 0.069982 0.052321 0.036908 0.027980 0.028965 0.041406 0.064218 0.093569 0.123514 0.147275 0.158907 0.154989 0.135886 0.105875 0.071748 0.040333 0.016171 0.000488 -0.008149 -0.012153 -0.013357 -0.012412 -0.009106 -0.003028 0.005944 0.017476 0.030822 0.044939 0.058605 0.070543 0.072035 0.078267 0.079475 0.074965 0.064465 0.048205 0.026964 0.002095 -0.024517 -0.050552 -0.073442 -0.090696 -0.100371 -0.101589 -0.094892 -0.082262 -0.066655 -0.051090 -0.037596 -0.026586 -0.017033 -0.007356 0.003597 0.016094 0.029752 0.044048 0.058601 0.073007 0.086483 0.097675 0.104844 0.106326 0.101065 0.089055 0.071601 0.051384 0.032213 0.018401 0.013768 0.020517 0.038357 0.064192 0.092567 0.116804 0.130654 0.130136 0.114987 0.088916 0.058268 0.029613 0.007478 -0.006716 -0.014209 -0.017395 -0.018265 -0.017619 -0.015213 -0.010407 -0.002749 0.007739 0.020522 0.034650 0.048880 0.061812 0.069337 0.075547 0.076397 0.071233 0.059902 0.042804 0.020891 -0.004376 -0.031108 -0.057078 -0.079853 -0.097054 -0.106813 -0.108288 -0.102013 -0.089881 -0.074661 -0.059154 -0.045286 -0.033576 -0.023269 -0.013029 -0.001753 0.010969 0.024913 0.039572 0.054422 0.068883 0.082110 0.092843 0.099534 0.100683 0.095264 0.083109 0.065190 0.043780 0.022368 0.005184 -0.003712 -0.001579 0.011997 0.034631 0.061387 0.085804 0.101534 0.104271 0.093295 0.071765 0.045413 0.020291 0.000711 -0.011763 -0.018046 -0.020307 -0.020531 -0.019629 -0.017404 -0.013095 -0.006019 0.004033 0.016668 0.030949 0.045535 0.058860 0.070546 0.075019 0.073846 0.066615 0.053449 0.035005 0.012426 -0.012761 -0.038764 -0.063602 -0.085144 -0.101285 -0.110345 -0.111585 -0.105557 -0.094058 -0.079650 -0.064879 -0.051509 -0.040096 -0.030093 -0.020380 -0.009921 0.001816 0.014786 0.028576 0.042608 0.056196 0.068457 0.078234 0.084178 0.084983 0.079688 0.067994 0.050554 0.029225 0.007121 -0.011715 -0.023139 -0.024051 -0.013490 0.006746 0.032210 0.056729 0.074040 0.079753 0.072876 0.056049 0.034284 0.012955 -0.003954 -0.014729 -0.019837 -0.021038 -0.020168 -0.018229 -0.015170 -0.010285 -0.002830 0.007483 0.020281 0.034550 0.048807 0.061355 0.073871 0.074926 0.070309 0.059994 0.044439 0.024557 0.001646 -0.022761 -0.047060 -0.069635 -0.088809 -0.102889 -0.110491 -0.111043 -0.105128 -0.094441 -0.081314 -0.068015 -0.056104 -0.046098 -0.037567 -0.029536 -0.021009 -0.011346 -0.000405 0.011533 0.023916 0.036016 0.046935 0.055609 0.060858 0.061539 0.056750 0.046071 0.029877 0.009661 -0.011804 -0.030696 -0.042905 -0.045161 -0.036167 -0.017310 0.007360 0.032001 0.050596 0.058879 0.055739 0.043326 0.025881 0.008039 -0.006550 -0.015969 -0.020118 -0.020193 -0.017769 -0.013935 -0.008913 -0.002264 0.006575 0.017771 0.030821 0.044567 0.057419 0.067683 0.077522 0.073991 0.065137 0.051356 0.033402 0.012382 -0.010304 -0.033160 -0.054819 -0.074104 -0.089884 -0.100988 -0.106429 -0.105863 -0.099937 -0.090245 -0.078882 -0.067824 -0.058383 -0.050958 -0.045117 -0.039922 -0.034351 -0.027643 -0.019480 -0.009995 0.000326 0.010757 0.020403 0.028253 0.033232 0.034288 0.030513 0.021361 0.006985 -0.011385 -0.031216 -0.048880 -0.060384 -0.062465 -0.053715 -0.035307 -0.010998 0.013724 0.033225 0.043522 0.043477 0.034778 0.020892 0.005755 -0.007255 -0.015940 -0.019542 -0.018584 -0.014289 -0.007832 0.000165 0.009646 0.020733 0.033242 0.046408 0.058917 0.069188 0.075746 0.080465 0.071937 0.058782 0.041758 0.021820 0.000191 -0.021673 -0.042320 -0.060617 -0.075834 -0.087425 -0.094807 -0.097471 -0.095375 -0.089277 -0.080694 -0.071498 -0.063364 -0.057320 -0.053553 -0.051497 -0.050123 -0.048301 -0.045124 -0.040108 -0.033248 -0.024956 -0.015944 -0.007115 0.000524 0.005908 0.007966 0.005707 -0.001547 -0.013792 -0.029915 -0.047496 -0.063049 -0.072757 -0.073531 -0.064060 -0.045481 -0.021342 0.003251 0.023146 0.034743 0.036923 0.030931 0.019527 0.006039 -0.006338 -0.015067 -0.018690 -0.016996 -0.010784 -0.001297 0.010357 0.023431 0.037364 0.051421 0.064481 0.075113 0.081907 0.083835 0.082605 0.069377 0.052433 0.032788 0.011498 -0.010166 -0.030712 -0.048722 -0.063259 -0.073992 -0.080934 -0.084110 -0.083540 -0.079553 -0.073077 -0.065598 -0.058790 -0.054028 -0.052010 -0.052623 -0.055054 -0.058070 -0.060361 -0.060854 -0.058920 -0.054442 -0.047777 -0.039638 -0.030966 -0.022833 -0.016394 -0.012850 -0.013332 -0.018630 -0.028771 -0.042612 -0.057721 -0.070710 -0.078002 -0.076826 -0.066139 -0.047171 -0.023311 0.000756 0.020424 0.032510 0.035926 0.031519 0.021438 0.008524 -0.004143 -0.013685 -0.017966 -0.016027 -0.008187 0.004305 0.019839 0.036863 0.053959 0.069697 0.082542 0.091009 0.093997 0.091090 0.084418 0.067266 0.047358 0.025883 0.003927 -0.017248 -0.036141 -0.051357 -0.062099 -0.068348 -0.070597 -0.069436 -0.065431 -0.059327 -0.052274 -0.045770 -0.041316 -0.039984 -0.042109 -0.047218 -0.054178 -0.061496 -0.067659 -0.071442 -0.072098 -0.069441 -0.063802 -0.055921 -0.046817 -0.037697 -0.029891 -0.024793 -0.023684 -0.027388 -0.035834 -0.047713 -0.060501 -0.070904 -0.075650 -0.072389 -0.060460 -0.041256 -0.018015 0.005023 0.023821 0.035603 0.039317 0.035475 0.025730 0.012536 -0.001118 -0.012075 -0.017602 -0.016033 -0.007154 0.007882 0.027039 0.047959 0.068300 0.085854 0.098639 0.105143 0.104638 0.097371 0.086426 0.066342 0.044388 0.021891 -0.000078 -0.020314 -0.037364 -0.049873 -0.057128 -0.059314 -0.057272 -0.052069 -0.044774 -0.036554 -0.028804 -0.023051 -0.020635 -0.022322 -0.028075 -0.037051 -0.047801 -0.058596 -0.067766 -0.073981 -0.076433 -0.074899 -0.069712 -0.061661 -0.051877 -0.041738 -0.032787 -0.026606 -0.024564 -0.027414 -0.034872 -0.045392 -0.056332 -0.064519 -0.067031 -0.061999 -0.049175 -0.030136 -0.007957 0.013572 0.030959 0.041803 0.045095 0.041086 0.031041 0.017088 0.002103 -0.010581 -0.017772 -0.017178 -0.008026 0.008755 0.030874 0.055283 0.078762 0.098312 0.111473 0.116669 0.113507 0.102838 0.088892 0.066897 0.043772 0.020985 -0.000414 -0.019339 -0.034468 -0.044538 -0.048892 -0.047798 -0.042292 -0.033772 -0.023719 -0.013671 -0.005240 0.000026 0.000957 -0.002916 -0.011212 -0.022769 -0.035911 -0.048776 -0.059642 -0.067163 -0.070525 -0.069500 -0.064432 -0.056160 -0.045921 -0.035255 -0.025879 -0.019497 -0.017466 -0.020375 -0.027674 -0.037577 -0.047361 -0.053997 -0.054930 -0.048753 -0.035613 -0.017236 0.003471 0.023149 0.038793 0.048332 0.050810 0.046286 0.035715 0.020938 0.004670 -0.009710 -0.018713 -0.019547 -0.010892 0.006679 0.030831 0.058055 0.084400 0.106131 0.120284 0.125125 0.120462 0.107607 0.091802 0.068852 0.045304 0.022824 0.002460 -0.014872 -0.028088 -0.036103 -0.038319 -0.034987 -0.027172 -0.016429 -0.004506 0.006794 0.015708 0.020709 0.020809 0.015813 0.006382 -0.006122 -0.019936 -0.033225 -0.044351 -0.052056 -0.055577 -0.054697 -0.049757 -0.041608 -0.031542 -0.021187 -0.012347 -0.006741 -0.005631 -0.009406 -0.017275 -0.027275 -0.036655 -0.042551 -0.042735 -0.036192 -0.023387 -0.006143 0.012811 0.030494 0.044319 0.052490 0.054104 0.049079 0.038121 0.022803 0.005633 -0.010088 -0.020746 -0.023202 -0.015651 0.001775 0.026930 0.056122 0.084902 0.108928 0.124717 0.130262 0.125384 0.111652 0.095000 0.071935 0.048548 0.026782 0.007742 -0.007848 -0.019242 -0.025642 -0.026548 -0.022136 -0.013351 -0.001720 0.010924 0.022654 0.031655 0.036479 0.036326 0.031233 0.022045 0.010183 -0.002676 -0.014889 -0.025042 -0.032058 -0.035268 -0.034468 -0.029951 -0.022513 -0.013404 -0.004232 0.003230 0.007335 0.006947 0.001844 -0.007033 -0.017640 -0.027256 -0.033174 -0.033420 -0.027267 -0.015385 0.000371 0.017449 0.033193 0.045351 0.052345 0.053314 0.048067 0.037105 0.021755 0.004281 -0.012192 -0.024085 -0.028085 -0.022004 -0.005501 0.019657 0.049882 0.080519 0.106798 0.124759 0.132014 0.128188 0.114869 0.098282 0.075819 0.053000 0.032135 0.014486 0.000612 -0.009144 -0.014383 -0.014781 -0.010421 -0.002022 0.009090 0.021182 0.032370 0.040897 0.045448 0.045411 0.040996 0.033116 0.023105 0.012398 0.002307 -0.006082 -0.011933 -0.014690 -0.014139 -0.010472 -0.004342 0.003150 0.010537 0.016174 0.018529 0.016571 0.010152 0.000240 -0.011143 -0.021354 -0.027816 -0.028727 -0.023528 -0.012983 0.001091 0.016324 0.030335 0.041128 0.047287 0.047978 0.042923 0.032458 0.017683 0.000602 -0.015921 -0.028480 -0.033751 -0.029294 -0.014311 0.009938 0.040228 0.071995 0.100273 0.120719 0.130502 0.128861 0.117148 0.101393 0.080139 0.058153 0.038185 0.021779 0.009406 0.000996 -0.003536 -0.004132 -0.000820 0.005970 0.015253 0.025572 0.035239 0.042668 0.046720 0.046953 0.043665 0.037720 0.030226 0.022256 0.014708 0.008307 0.003645 0.001180 0.001173 0.003587 0.007989 0.013522 0.018947 0.022805 0.023684 0.020595 0.013349 0.002817 -0.009095 -0.019859 -0.027003 -0.028821 -0.024819 -0.015763 -0.003369 0.010184 0.022748 0.032533 0.038239 0.039054 0.034637 0.025189 0.011607 -0.004391 -0.020269 -0.032911 -0.039125 -0.036343 -0.023361 -0.000863 0.028492 0.060501 0.090261 0.113191 0.126014 0.127442 0.118354 0.103935 0.084430 0.063487 0.044320 0.028866 0.017633 0.010188 0.005924 0.004546 0.006024 0.010233 0.016629 0.024174 0.031515 0.037327 0.040671 0.041220 0.039263 0.035477 0.030625 0.025348 0.020126 0.015362 0.011467 0.008866 0.007914 0.008769 0.011267 0.014841 0.018526 0.021069 0.021154 0.017760 0.010552 0.000200 -0.011586 -0.022423 -0.029932 -0.032455 -0.029501 -0.021772 -0.010846 0.001303 0.012741 0.021856 0.027454 0.028755 0.025384 0.017437 0.005605 -0.008710 -0.023364 -0.035624 -0.042534 -0.041503 -0.030988 -0.011073 0.016285 0.047473 0.077893 0.102918 0.118893 0.123924 0.118230 0.105263 0.088043 0.068417 0.050007 0.035216 0.024723 0.017837 0.013453 0.010866 0.009982 0.010970 0.013789 0.017931 0.022485 0.026446 0.029057 0.030024 0.029486 0.027796 0.025278 0.022131 0.018483 0.014532 0.010628 0.007251 0.004905 0.003968 0.004552 0.006390 0.008794 0.010705 0.010873 0.008185 0.002088 -0.007028 -0.017707 -0.027748 -0.034873 -0.037467 -0.035021 -0.028155 -0.018285 -0.007175 0.003460 0.012191 0.017950 0.020021 0.018024 0.011958 0.002288 -0.009940 -0.023027 -0.034674 -0.042230 -0.043152 -0.035621 -0.019140 0.005102 0.034242 0.064213 0.090545 0.109334 0.118096 0.116272 0.104435 0.090094 0.072239 0.054753 0.040505 0.030461 0.023820 0.019051 0.015036 0.011565 0.009081 0.008083 0.008667 0.010435 0.012709 0.014858 0.016489 0.017433 0.017588 0.016795 0.014862 0.011703 0.007471 0.002592 -0.002308 -0.006538 -0.009491 -0.010796 -0.010440 -0.008853 -0.006916 -0.005834 -0.006839 -0.010744 -0.017476 -0.025883 -0.033987 -0.039656 -0.041351 -0.038576 -0.031875 -0.022510 -0.012024 -0.001896 0.006662 0.012749 0.015750 0.015297 0.011278 0.003904 -0.006171 -0.017712 -0.028866 -0.037296 -0.040547 -0.036582 -0.024372 -0.004343 0.021478 0.049715 0.076265 0.097154 0.109400 0.111648 0.100279 0.089518 0.074133 0.058056 0.044539 0.034911 0.028411 0.023212 0.017818 0.011885 0.006106 0.001532 -0.001091 -0.001632 -0.000473 0.001761 0.004416 0.006856 0.008441 0.008556 0.006751 0.002903 -0.002717 -0.009499 -0.016621 -0.023197 -0.028413 -0.031659 -0.032662 -0.031611 -0.029213 -0.026628 -0.025199 -0.025993 -0.029273 -0.034220 -0.039141 -0.042124 -0.041784 -0.037696 -0.030371 -0.020925 -0.010676 -0.000834 0.007641 0.014057 0.017928 0.018901 0.016735 0.011362 0.003045 -0.007429 -0.018615 -0.028462 -0.034600 -0.034816 -0.027621 -0.012734 0.008652 0.033941 0.059558 0.081654 0.096913 0.103248 0.091641 0.085249 0.073261 0.059408 0.047172 0.038258 0.032090 0.026696 0.020288 0.012386 0.003907 -0.003546 -0.008582 -0.010564 -0.009674 -0.006685 -0.002687 0.001105 0.003510 0.003581 0.000811 -0.004771 -0.012659 -0.022019 -0.031854 -0.041124 -0.048840 -0.054172 -0.056596 -0.056053 -0.053061 -0.048707 -0.044408 -0.041449 -0.040412 -0.040846 -0.041414 -0.040529 -0.037061 -0.030736 -0.022080 -0.012084 -0.001827 0.007767 0.016028 0.022500 0.026839 0.028708 0.027737 0.023595 0.016183 0.005898 -0.006170 -0.018208 -0.027905 -0.032888 -0.031270 -0.022151 -0.005955 0.015502 0.039266 0.061776 0.079559 0.089938 0.077767 0.076524 0.068959 0.058363 0.048251 0.040659 0.035303 0.030233 0.023473 0.014424 0.004197 -0.005097 -0.011457 -0.013821 -0.012307 -0.008007 -0.002583 0.002137 0.004547 0.003585 -0.001088 -0.009142 -0.019793 -0.032038 -0.044789 -0.056923 -0.067308 -0.074900 -0.078913 -0.079022 -0.075533 -0.069418 -0.062110 -0.055054 -0.049126 -0.044262 -0.039570 -0.033897 -0.026480 -0.017277 -0.006872 0.003856 0.014067 0.023144 0.030726 0.036612 0.040617 0.042443 0.041626 0.037625 0.030044 0.018944 0.005108 -0.009859 -0.023692 -0.033865 -0.038129 -0.035037 -0.024338 -0.007125 0.014276 0.036687 0.056635 0.071015 0.058763 0.063228 0.060972 0.054658 0.047626 0.042144 0.038278 0.034251 0.028014 0.018871 0.008068 -0.001856 -0.008380 -0.010130 -0.007309 -0.001467 0.005101 0.010041 0.011534 0.008665 0.001459 -0.009386 -0.022870 -0.037946 -0.053555 -0.068552 -0.081674 -0.091644 -0.097392 -0.098319 -0.094505 -0.086774 -0.076524 -0.065300 -0.054236 -0.043678 -0.033251 -0.022342 -0.010647 0.001582 0.013676 0.024864 0.034553 0.042451 0.048526 0.052858 0.055456 0.056108 0.054326 0.049433 0.040807 0.028212 0.012128 -0.006069 -0.024186 -0.039566 -0.049632 -0.052447 -0.047154 -0.034201 -0.015324 0.006709 0.028537 0.046786 0.035907 0.046137 0.049630 0.048319 0.045181 0.042574 0.040918 0.038719 0.033964 0.025864 0.015713 0.006345 0.000670 0.000248 0.004676 0.011884 0.018998 0.023319 0.023079 0.017743 0.007810 -0.005697 -0.021710 -0.039301 -0.057544 -0.075302 -0.091147 -0.103528 -0.111068 -0.112899 -0.108889 -0.099718 -0.086723 -0.071506 -0.055432 -0.039267 -0.023207 -0.007248 0.008397 0.023161 0.036290 0.047142 0.055400 0.061130 0.064660 0.066388 0.066562 0.065116 0.061609 0.055304 0.045399 0.031370 0.013355 -0.007566 -0.029349 -0.049283 -0.064522 -0.072698 -0.072413 -0.063532 -0.047242 -0.025892 -0.002650 0.018994 0.011614 0.026888 0.035846 0.039674 0.040844 0.041642 0.042783 0.043117 0.040743 0.034770 0.026406 0.018604 0.014502 0.015743 0.021684 0.029783 0.036740 0.039748 0.037322 0.029444 0.017082 0.001447 -0.016515 -0.036151 -0.056737 -0.077123 -0.095656 -0.110448 -0.119797 -0.122579 -0.118491 -0.108101 -0.092697 -0.073931 -0.053386 -0.032254 -0.011317 0.008798 0.027366 0.043527 0.056491 0.065797 0.071467 0.073969 0.074039 0.072419 0.069625 0.065772 0.060512 0.053094 0.042557 0.028073 0.009376 -0.012842 -0.036795 -0.059828 -0.078946 -0.091456 -0.095509 -0.090449 -0.076939 -0.056883 -0.033165 -0.009218 -0.011125 0.007592 0.020866 0.029218 0.034531 0.038870 0.043133 0.046507 0.047246 0.044318 0.038698 0.033239 0.031136 0.034055 0.041173 0.049630 0.055914 0.057320 0.052789 0.042837 0.028790 0.011867 -0.007287 -0.028406 -0.050998 -0.073863 -0.095063 -0.112324 -0.123595 -0.127504 -0.123610 -0.112413 -0.095186 -0.073659 -0.049641 -0.024741 -0.000311 0.022439 0.042331 0.058298 0.069603 0.076059 0.078098 0.076646 0.072856 0.067811 0.062274 0.056535 0.050344 0.042944 0.033215 0.019996 0.002568 -0.018840 -0.042798 -0.066835 -0.087964 -0.103333 -0.110792 -0.109260 -0.098910 -0.081155 -0.058472 -0.034031