# vtk DataFile Version 3.0
PINNeAPPle dataset — demo_cavity
ASCII
DATASET RECTILINEAR_GRID
DIMENSIONS 64 64 1
X_COORDINATES 64 float
0.000000 0.015873 0.031746 0.047619 0.063492 0.079365 0.095238 0.111111 0.126984 0.142857 0.158730 0.174603 0.190476 0.206349 0.222222 0.238095 0.253968 0.269841 0.285714 0.301587 0.317460 0.333333 0.349206 0.365079 0.380952 0.396825 0.412698 0.428571 0.444444 0.460317 0.476190 0.492063 0.507937 0.523810 0.539683 0.555556 0.571429 0.587302 0.603175 0.619048 0.634921 0.650794 0.666667 0.682540 0.698413 0.714286 0.730159 0.746032 0.761905 0.777778 0.793651 0.809524 0.825397 0.841270 0.857143 0.873016 0.888889 0.904762 0.920635 0.936508 0.952381 0.968254 0.984127 1.000000
Y_COORDINATES 64 float
0.000000 0.015873 0.031746 0.047619 0.063492 0.079365 0.095238 0.111111 0.126984 0.142857 0.158730 0.174603 0.190476 0.206349 0.222222 0.238095 0.253968 0.269841 0.285714 0.301587 0.317460 0.333333 0.349206 0.365079 0.380952 0.396825 0.412698 0.428571 0.444444 0.460317 0.476190 0.492063 0.507937 0.523810 0.539683 0.555556 0.571429 0.587302 0.603175 0.619048 0.634921 0.650794 0.666667 0.682540 0.698413 0.714286 0.730159 0.746032 0.761905 0.777778 0.793651 0.809524 0.825397 0.841270 0.857143 0.873016 0.888889 0.904762 0.920635 0.936508 0.952381 0.968254 0.984127 1.000000
Z_COORDINATES 1 float
0.0
POINT_DATA 4096
SCALARS u float 1
LOOKUP_TABLE default
0.001231 0.001488 0.001722 0.001919 0.002059 0.002121 0.002089 0.001971 0.001806 0.001658 0.001599 0.001680 0.001906 0.002236 0.002595 0.002894 0.003058 0.003037 0.002807 0.002379 0.001800 0.001151 0.000506 -0.000110 -0.000717 -0.001345 -0.002010 -0.002702 -0.003389 -0.004017 -0.004531 -0.004896 -0.005096 -0.005131 -0.005019 -0.004803 -0.004537 -0.004278 -0.004066 -0.003924 -0.003850 -0.003810 -0.003739 -0.003558 -0.003210 -0.002695 -0.002078 -0.001463 -0.000950 -0.000607 -0.000447 -0.000438 -0.000515 -0.000607 -0.000660 -0.000651 -0.000575 -0.000444 -0.000268 -0.000058 0.000176 0.000429 0.000693 0.000962 0.001495 0.001618 0.001688 0.001698 0.001644 0.001523 0.001338 0.001115 0.000908 0.000791 0.000827 0.001043 0.001415 0.001866 0.002295 0.002603 0.002713 0.002592 0.002247 0.001721 0.001093 0.000448 -0.000164 -0.000753 -0.001354 -0.001992 -0.002667 -0.003358 -0.004033 -0.004653 -0.005170 -0.005538 -0.005729 -0.005733 -0.005559 -0.005246 -0.004848 -0.004427 -0.004033 -0.003703 -0.003448 -0.003253 -0.003064 -0.002809 -0.002426 -0.001905 -0.001300 -0.000703 -0.000207 0.000125 0.000281 0.000294 0.000226 0.000147 0.000110 0.000135 0.000217 0.000338 0.000478 0.000630 0.000792 0.000967 0.001152 0.001334 0.001567 0.001587 0.001523 0.001375 0.001152 0.000869 0.000551 0.000242 0.000009 -0.000074 0.000043 0.000365 0.000836 0.001360 0.001821 0.002116 0.002177 0.001986 0.001575 0.001016 0.000405 -0.000182 -0.000727 -0.001264 -0.001834 -0.002449 -0.003094 -0.003739 -0.004357 -0.004923 -0.005400 -0.005737 -0.005894 -0.005855 -0.005622 -0.005222 -0.004705 -0.004132 -0.003564 -0.003052 -0.002627 -0.002291 -0.002008 -0.001713 -0.001342 -0.000870 -0.000325 0.000214 0.000661 0.000957 0.001087 0.001084 0.001007 0.000922 0.000876 0.000886 0.000937 0.001003 0.001062 0.001114 0.001175 0.001261 0.001371 0.001484 0.001388 0.001336 0.001179 0.000921 0.000582 0.000192 -0.000210 -0.000567 -0.000808 -0.000864 -0.000699 -0.000327 0.000180 0.000715 0.001160 0.001420 0.001442 0.001224 0.000813 0.000296 -0.000231 -0.000715 -0.001165 -0.001630 -0.002144 -0.002709 -0.003296 -0.003868 -0.004401 -0.004880 -0.005281 -0.005554 -0.005650 -0.005547 -0.005247 -0.004771 -0.004161 -0.003475 -0.002779 -0.002136 -0.001590 -0.001158 -0.000817 -0.000516 -0.000191 0.000194 0.000636 0.001082 0.001460 0.001711 0.001817 0.001801 0.001718 0.001621 0.001551 0.001516 0.001494 0.001454 0.001383 0.001301 0.001245 0.001245 0.001295 0.001359 0.000975 0.000873 0.000662 0.000349 -0.000040 -0.000467 -0.000890 -0.001250 -0.001478 -0.001516 -0.001338 -0.000968 -0.000484 0.000002 0.000384 0.000585 0.000573 0.000363 0.000010 -0.000403 -0.000797 -0.001147 -0.001483 -0.001856 -0.002294 -0.002784 -0.003293 -0.003780 -0.004219 -0.004601 -0.004911 -0.005108 -0.005137 -0.004971 -0.004610 -0.004076 -0.003406 -0.002658 -0.001898 -0.001190 -0.000586 -0.000109 0.000250 0.000533 0.000793 0.001072 0.001387 0.001714 0.002006 0.002212 0.002310 0.002309 0.002243 0.002150 0.002054 0.001952 0.001818 0.001629 0.001396 0.001169 0.001009 0.000943 0.000953 0.000985 0.000375 0.000245 0.000017 -0.000295 -0.000667 -0.001063 -0.001445 -0.001761 -0.001955 -0.001979 -0.001812 -0.001485 -0.001079 -0.000694 -0.000418 -0.000301 -0.000347 -0.000528 -0.000788 -0.001060 -0.001295 -0.001495 -0.001706 -0.001974 -0.002313 -0.002708 -0.003122 -0.003515 -0.003860 -0.004148 -0.004372 -0.004499 -0.004479 -0.004275 -0.003883 -0.003324 -0.002635 -0.001874 -0.001104 -0.000391 0.000213 0.000682 0.001021 0.001261 0.001445 0.001616 0.001802 0.002006 0.002209 0.002380 0.002492 0.002537 0.002521 0.002452 0.002333 0.002148 0.001874 0.001514 0.001117 0.000769 0.000538 0.000436 0.000419 0.000419 -0.000362 -0.000496 -0.000694 -0.000950 -0.001245 -0.001552 -0.001841 -0.002076 -0.002218 -0.002230 -0.002103 -0.001867 -0.001591 -0.001354 -0.001215 -0.001194 -0.001275 -0.001416 -0.001567 -0.001686 -0.001757 -0.001807 -0.001888 -0.002038 -0.002261 -0.002540 -0.002842 -0.003132 -0.003380 -0.003575 -0.003714 -0.003774 -0.003715 -0.003497 -0.003107 -0.002561 -0.001897 -0.001172 -0.000450 0.000205 0.000746 0.001151 0.001423 0.001591 0.001691 0.001762 0.001839 0.001945 0.002084 0.002243 0.002396 0.002511 0.002562 0.002524 0.002375 0.002092 0.001669 0.001145 0.000620 0.000200 -0.000065 -0.000194 -0.000247 -0.000288 -0.001179 -0.001277 -0.001398 -0.001548 -0.001721 -0.001900 -0.002065 -0.002199 -0.002283 -0.002302 -0.002254 -0.002161 -0.002066 -0.002012 -0.002025 -0.002103 -0.002213 -0.002310 -0.002353 -0.002327 -0.002246 -0.002156 -0.002107 -0.002128 -0.002220 -0.002367 -0.002546 -0.002724 -0.002871 -0.002970 -0.003015 -0.002996 -0.002885 -0.002650 -0.002275 -0.001773 -0.001179 -0.000548 0.000058 0.000586 0.000998 0.001281 0.001445 0.001517 0.001531 0.001523 0.001532 0.001591 0.001716 0.001903 0.002118 0.002309 0.002419 0.002397 0.002201 0.001812 0.001252 0.000611 0.000019 -0.000427 -0.000712 -0.000884 -0.001000 -0.001092 -0.001989 -0.002009 -0.002011 -0.002022 -0.002051 -0.002089 -0.002127 -0.002164 -0.002207 -0.002262 -0.002333 -0.002425 -0.002543 -0.002691 -0.002866 -0.003044 -0.003185 -0.003243 -0.003195 -0.003047 -0.002837 -0.002622 -0.002448 -0.002338 -0.002294 -0.002308 -0.002364 -0.002431 -0.002478 -0.002478 -0.002424 -0.002312 -0.002130 -0.001863 -0.001503 -0.001064 -0.000578 -0.000092 0.000345 0.000696 0.000940 0.001075 0.001117 0.001095 0.001039 0.000990 0.000985 0.001059 0.001227 0.001475 0.001759 0.002009 0.002148 0.002110 0.001851 0.001367 0.000718 0.000029 -0.000568 -0.001015 -0.001336 -0.001585 -0.001782 -0.001918 -0.002675 -0.002592 -0.002457 -0.002319 -0.002207 -0.002119 -0.002054 -0.002024 -0.002057 -0.002178 -0.002394 -0.002686 -0.003024 -0.003379 -0.003719 -0.004005 -0.004189 -0.004232 -0.004124 -0.003890 -0.003585 -0.003267 -0.002983 -0.002755 -0.002593 -0.002495 -0.002446 -0.002419 -0.002377 -0.002290 -0.002143 -0.001940 -0.001684 -0.001380 -0.001034 -0.000663 -0.000296 0.000036 0.000304 0.000488 0.000583 0.000594 0.000542 0.000455 0.000368 0.000321 0.000354 0.000491 0.000734 0.001052 0.001386 0.001658 0.001788 0.001711 0.001393 0.000856 0.000188 -0.000478 -0.001042 -0.001491 -0.001874 -0.002216 -0.002491 -0.002650 -0.003132 -0.002951 -0.002690 -0.002422 -0.002192 -0.002013 -0.001887 -0.001835 -0.001895 -0.002103 -0.002465 -0.002946 -0.003488 -0.004035 -0.004536 -0.004938 -0.005187 -0.005250 -0.005126 -0.004856 -0.004499 -0.004116 -0.003755 -0.003447 -0.003207 -0.003036 -0.002920 -0.002825 -0.002715 -0.002557 -0.002338 -0.002062 -0.001745 -0.001407 -0.001067 -0.000744 -0.000458 -0.000225 -0.000060 0.000031 0.000049 0.000004 -0.000086 -0.000189 -0.000267 -0.000277 -0.000184 0.000026 0.000336 0.000697 0.001043 0.001297 0.001388 0.001269 0.000924 0.000395 -0.000220 -0.000812 -0.001328 -0.001792 -0.002241 -0.002665 -0.002997 -0.003161 -0.003306 -0.003065 -0.002722 -0.002363 -0.002053 -0.001821 -0.001680 -0.001649 -0.001767 -0.002070 -0.002562 -0.003199 -0.003908 -0.004616 -0.005258 -0.005772 -0.006104 -0.006225 -0.006141 -0.005893 -0.005542 -0.005150 -0.004768 -0.004432 -0.004163 -0.003960 -0.003806 -0.003666 -0.003505 -0.003294 -0.003019 -0.002687 -0.002319 -0.001940 -0.001574 -0.001242 -0.000958 -0.000730 -0.000565 -0.000466 -0.000431 -0.000454 -0.000517 -0.000590 -0.000632 -0.000599 -0.000460 -0.000210 0.000122 0.000476 0.000786 0.000985 0.001025 0.000879 0.000550 0.000089 -0.000421 -0.000914 -0.001382 -0.001857 -0.002353 -0.002828 -0.003194 -0.003363 -0.003213 -0.002977 -0.002617 -0.002224 -0.001876 -0.001627 -0.001502 -0.001520 -0.001712 -0.002105 -0.002698 -0.003444 -0.004265 -0.005082 -0.005826 -0.006434 -0.006856 -0.007068 -0.007075 -0.006914 -0.006637 -0.006298 -0.005949 -0.005630 -0.005361 -0.005143 -0.004958 -0.004775 -0.004566 -0.004303 -0.003976 -0.003588 -0.003157 -0.002710 -0.002272 -0.001863 -0.001498 -0.001187 -0.000934 -0.000744 -0.000617 -0.000551 -0.000537 -0.000548 -0.000546 -0.000490 -0.000348 -0.000117 0.000172 0.000461 0.000687 0.000803 0.000784 0.000627 0.000351 -0.000002 -0.000381 -0.000769 -0.001185 -0.001653 -0.002163 -0.002659 -0.003049 -0.003246 -0.002921 -0.002767 -0.002468 -0.002107 -0.001771 -0.001532 -0.001437 -0.001511 -0.001772 -0.002234 -0.002887 -0.003684 -0.004551 -0.005410 -0.006199 -0.006862 -0.007360 -0.007676 -0.007812 -0.007789 -0.007640 -0.007405 -0.007125 -0.006837 -0.006566 -0.006318 -0.006083 -0.005841 -0.005569 -0.005244 -0.004852 -0.004394 -0.003881 -0.003338 -0.002790 -0.002260 -0.001768 -0.001326 -0.000942 -0.000620 -0.000365 -0.000180 -0.000062 0.000002 0.000041 0.000092 0.000185 0.000335 0.000520 0.000689 0.000792 0.000801 0.000716 0.000557 0.000349 0.000119 -0.000125 -0.000407 -0.000761 -0.001199 -0.001696 -0.002193 -0.002612 -0.002872 -0.002521 -0.002514 -0.002348 -0.002089 -0.001817 -0.001619 -0.001561 -0.001679 -0.001987 -0.002483 -0.003147 -0.003932 -0.004771 -0.005598 -0.006361 -0.007020 -0.007550 -0.007946 -0.008209 -0.008340 -0.008344 -0.008236 -0.008040 -0.007784 -0.007496 -0.007196 -0.006890 -0.006572 -0.006224 -0.005827 -0.005365 -0.004832 -0.004236 -0.003597 -0.002938 -0.002284 -0.001657 -0.001076 -0.000554 -0.000098 0.000286 0.000590 0.000810 0.000947 0.001013 0.001036 0.001047 0.001071 0.001107 0.001122 0.001078 0.000965 0.000808 0.000645 0.000504 0.000390 0.000274 0.000101 -0.000178 -0.000568 -0.001033 -0.001525 -0.001984 -0.002338 -0.002085 -0.002268 -0.002289 -0.002189 -0.002035 -0.001913 -0.001903 -0.002053 -0.002379 -0.002870 -0.003494 -0.004205 -0.004948 -0.005671 -0.006333 -0.006910 -0.007396 -0.007802 -0.008135 -0.008384 -0.008528 -0.008552 -0.008453 -0.008244 -0.007953 -0.007612 -0.007246 -0.006862 -0.006452 -0.006001 -0.005491 -0.004913 -0.004268 -0.003568 -0.002830 -0.002079 -0.001339 -0.000632 0.000021 0.000605 0.001108 0.001520 0.001830 0.002029 0.002118 0.002110 0.002035 0.001925 0.001802 0.001654 0.001463 0.001231 0.001002 0.000826 0.000737 0.000721 0.000722 0.000656 0.000465 0.000139 -0.000287 -0.000772 -0.001277 -0.001739 -0.001659 -0.002044 -0.002278 -0.002376 -0.002384 -0.002376 -0.002433 -0.002614 -0.002937 -0.003388 -0.003931 -0.004523 -0.005120 -0.005683 -0.006179 -0.006595 -0.006945 -0.007258 -0.007555 -0.007833 -0.008060 -0.008198 -0.008216 -0.008102 -0.007869 -0.007552 -0.007186 -0.006793 -0.006375 -0.005922 -0.005419 -0.004851 -0.004212 -0.003504 -0.002736 -0.001931 -0.001113 -0.000312 0.000448 0.001144 0.001758 0.002273 0.002670 0.002936 0.003060 0.003046 0.002915 0.002705 0.002452 0.002168 0.001852 0.001522 0.001229 0.001036 0.000979 0.001036 0.001133 0.001171 0.001073 0.000820 0.000438 -0.000040 -0.000586 -0.001151 -0.001264 -0.001836 -0.002285 -0.002595 -0.002790 -0.002927 -0.003076 -0.003297 -0.003609 -0.004002 -0.004442 -0.004896 -0.005331 -0.005711 -0.006003 -0.006202 -0.006335 -0.006449 -0.006588 -0.006771 -0.006981 -0.007175 -0.007306 -0.007333 -0.007241 -0.007046 -0.006779 -0.006467 -0.006121 -0.005737 -0.005302 -0.004799 -0.004216 -0.003547 -0.002798 -0.001989 -0.001151 -0.000315 0.000495 0.001256 0.001950 0.002555 0.003045 0.003395 0.003589 0.003618 0.003495 0.003254 0.002935 0.002570 0.002177 0.001787 0.001456 0.001250 0.001208 0.001310 0.001477 0.001599 0.001587 0.001405 0.001068 0.000603 0.000029 -0.000617 -0.000904 -0.001633 -0.002275 -0.002792 -0.003182 -0.003478 -0.003736 -0.004008 -0.004315 -0.004650 -0.004993 -0.005322 -0.005612 -0.005826 -0.005921 -0.005889 -0.005767 -0.005617 -0.005503 -0.005472 -0.005541 -0.005686 -0.005863 -0.006016 -0.006103 -0.006103 -0.006024 -0.005881 -0.005684 -0.005432 -0.005116 -0.004723 -0.004239 -0.003656 -0.002977 -0.002226 -0.001437 -0.000644 0.000132 0.000881 0.001593 0.002248 0.002818 0.003270 0.003574 0.003709 0.003674 0.003489 0.003189 0.002818 0.002414 0.002019 0.001689 0.001488 0.001457 0.001580 0.001780 0.001951 0.001997 0.001871 0.001573 0.001125 0.000541 -0.000154 -0.000572 -0.001417 -0.002221 -0.002923 -0.003496 -0.003948 -0.004320 -0.004650 -0.004960 -0.005253 -0.005525 -0.005766 -0.005957 -0.006050 -0.005993 -0.005770 -0.005415 -0.004999 -0.004601 -0.004291 -0.004115 -0.004088 -0.004189 -0.004372 -0.004582 -0.004771 -0.004909 -0.004984 -0.004989 -0.004919 -0.004769 -0.004533 -0.004201 -0.003760 -0.003208 -0.002573 -0.001896 -0.001215 -0.000544 0.000120 0.000781 0.001433 0.002052 0.002602 0.003042 0.003335 0.003459 0.003413 0.003218 0.002922 0.002577 0.002236 0.001954 0.001786 0.001770 0.001893 0.002088 0.002259 0.002320 0.002220 0.001950 0.001523 0.000949 0.000239 -0.000255 -0.001171 -0.002095 -0.002949 -0.003680 -0.004274 -0.004748 -0.005134 -0.005456 -0.005728 -0.005959 -0.006154 -0.006291 -0.006313 -0.006163 -0.005816 -0.005301 -0.004683 -0.004045 -0.003466 -0.003016 -0.002738 -0.002645 -0.002723 -0.002930 -0.003214 -0.003519 -0.003800 -0.004024 -0.004169 -0.004228 -0.004200 -0.004073 -0.003822 -0.003441 -0.002959 -0.002429 -0.001893 -0.001363 -0.000827 -0.000263 0.000338 0.000966 0.001590 0.002163 0.002634 0.002957 0.003104 0.003079 0.002923 0.002698 0.002462 0.002264 0.002150 0.002148 0.002247 0.002396 0.002522 0.002555 0.002452 0.002201 0.001804 0.001264 0.000573 0.000057 -0.000880 -0.001876 -0.002839 -0.003696 -0.004405 -0.004963 -0.005395 -0.005730 -0.005992 -0.006203 -0.006371 -0.006472 -0.006449 -0.006244 -0.005833 -0.005238 -0.004512 -0.003729 -0.002966 -0.002298 -0.001783 -0.001459 -0.001343 -0.001425 -0.001672 -0.002035 -0.002453 -0.002865 -0.003227 -0.003517 -0.003723 -0.003825 -0.003786 -0.003590 -0.003270 -0.002887 -0.002491 -0.002100 -0.001698 -0.001253 -0.000736 -0.000141 0.000513 0.001183 0.001808 0.002323 0.002676 0.002849 0.002872 0.002802 0.002696 0.002595 0.002531 0.002522 0.002565 0.002631 0.002677 0.002659 0.002544 0.002317 0.001970 0.001492 0.000859 0.000365 -0.000541 -0.001552 -0.002573 -0.003512 -0.004306 -0.004926 -0.005388 -0.005727 -0.005978 -0.006166 -0.006299 -0.006352 -0.006274 -0.006019 -0.005569 -0.004941 -0.004180 -0.003345 -0.002507 -0.001732 -0.001080 -0.000593 -0.000300 -0.000216 -0.000341 -0.000653 -0.001105 -0.001633 -0.002170 -0.002667 -0.003094 -0.003413 -0.003576 -0.003559 -0.003391 -0.003136 -0.002851 -0.002566 -0.002273 -0.001938 -0.001521 -0.000996 -0.000367 0.000333 0.001047 0.001700 0.002227 0.002588 0.002794 0.002885 0.002905 0.002884 0.002839 0.002787 0.002738 0.002692 0.002643 0.002572 0.002459 0.002279 0.002014 0.001633 0.001094 0.000657 -0.000160 -0.001124 -0.002142 -0.003113 -0.003954 -0.004614 -0.005091 -0.005421 -0.005646 -0.005794 -0.005871 -0.005854 -0.005705 -0.005390 -0.004901 -0.004253 -0.003484 -0.002647 -0.001804 -0.001019 -0.000342 0.000189 0.000554 0.000739 0.000730 0.000518 0.000114 -0.000439 -0.001072 -0.001715 -0.002312 -0.002810 -0.003151 -0.003301 -0.003275 -0.003126 -0.002918 -0.002695 -0.002465 -0.002206 -0.001877 -0.001442 -0.000888 -0.000232 0.000482 0.001188 0.001819 0.002321 0.002681 0.002911 0.003032 0.003056 0.002992 0.002860 0.002693 0.002524 0.002382 0.002273 0.002181 0.002076 0.001923 0.001673 0.001267 0.000911 0.000242 -0.000608 -0.001555 -0.002498 -0.003344 -0.004019 -0.004498 -0.004808 -0.004993 -0.005087 -0.005096 -0.005004 -0.004785 -0.004419 -0.003900 -0.003242 -0.002475 -0.001648 -0.000820 -0.000055 0.000592 0.001089 0.001423 0.001602 0.001628 0.001486 0.001157 0.000645 -0.000002 -0.000711 -0.001410 -0.002034 -0.002519 -0.002818 -0.002924 -0.002873 -0.002728 -0.002539 -0.002334 -0.002108 -0.001832 -0.001474 -0.001015 -0.000454 0.000183 0.000852 0.001497 0.002066 0.002523 0.002851 0.003039 0.003079 0.002972 0.002747 0.002458 0.002172 0.001947 0.001808 0.001746 0.001728 0.001700 0.001601 0.001359 0.001109 0.000637 -0.000034 -0.000841 -0.001691 -0.002486 -0.003142 -0.003612 -0.003899 -0.004043 -0.004080 -0.004024 -0.003871 -0.003605 -0.003216 -0.002697 -0.002056 -0.001315 -0.000514 0.000291 0.001032 0.001649 0.002102 0.002376 0.002488 0.002468 0.002327 0.002045 0.001597 0.000995 0.000292 -0.000439 -0.001132 -0.001720 -0.002143 -0.002371 -0.002424 -0.002351 -0.002204 -0.002015 -0.001795 -0.001536 -0.001221 -0.000836 -0.000375 0.000152 0.000725 0.001311 0.001868 0.002355 0.002730 0.002956 0.003001 0.002856 0.002555 0.002168 0.001785 0.001484 0.001309 0.001262 0.001308 0.001389 0.001435 0.001364 0.001261 0.001010 0.000563 -0.000046 -0.000741 -0.001426 -0.002015 -0.002448 -0.002707 -0.002812 -0.002798 -0.002689 -0.002489 -0.002198 -0.001810 -0.001322 -0.000735 -0.000060 0.000674 0.001419 0.002108 0.002681 0.003091 0.003318 0.003370 0.003284 0.003100 0.002823 0.002426 0.001891 0.001243 0.000535 -0.000174 -0.000822 -0.001340 -0.001682 -0.001848 -0.001874 -0.001799 -0.001649 -0.001439 -0.001176 -0.000866 -0.000513 -0.000118 0.000317 0.000789 0.001284 0.001782 0.002248 0.002633 0.002882 0.002943 0.002794 0.002462 0.002020 0.001570 0.001202 0.000974 0.000903 0.000963 0.001102 0.001248 0.001325 0.001426 0.001374 0.001159 0.000778 0.000281 -0.000245 -0.000716 -0.001068 -0.001272 -0.001330 -0.001265 -0.001105 -0.000867 -0.000558 -0.000184 0.000254 0.000755 0.001319 0.001933 0.002560 0.003141 0.003617 0.003950 0.004124 0.004136 0.004011 0.003790 0.003503 0.003140 0.002673 0.002100 0.001449 0.000762 0.000090 -0.000498 -0.000946 -0.001239 -0.001394 -0.001430 -0.001353 -0.001172 -0.000904 -0.000576 -0.000213 0.000166 0.000556 0.000961 0.001385 0.001824 0.002258 0.002646 0.002926 0.003036 0.002936 0.002637 0.002202 0.001728 0.001311 0.001019 0.000884 0.000897 0.001019 0.001191 0.001348 0.001713 0.001783 0.001752 0.001586 0.001297 0.000952 0.000632 0.000400 0.000289 0.000305 0.000433 0.000649 0.000927 0.001249 0.001600 0.001971 0.002361 0.002779 0.003227 0.003684 0.004102 0.004426 0.004631 0.004717 0.004687 0.004549 0.004328 0.004051 0.003722 0.003320 0.002826 0.002246 0.001600 0.000927 0.000286 -0.000263 -0.000696 -0.001007 -0.001185 -0.001212 -0.001081 -0.000814 -0.000454 -0.000050 0.000359 0.000756 0.001143 0.001537 0.001948 0.002373 0.002785 0.003128 0.003334 0.003348 0.003157 0.002804 0.002369 0.001943 0.001598 0.001380 0.001298 0.001332 0.001443 0.001585 0.002233 0.002316 0.002372 0.002356 0.002244 0.002069 0.001899 0.001798 0.001800 0.001911 0.002118 0.002395 0.002713 0.003042 0.003358 0.003648 0.003912 0.004163 0.004418 0.004674 0.004893 0.005032 0.005079 0.005050 0.004965 0.004827 0.004637 0.004406 0.004134 0.003802 0.003387 0.002877 0.002277 0.001613 0.000933 0.000287 -0.000292 -0.000771 -0.001107 -0.001250 -0.001180 -0.000919 -0.000524 -0.000062 0.000408 0.000853 0.001268 0.001670 0.002085 0.002529 0.002991 0.003428 0.003775 0.003963 0.003955 0.003764 0.003445 0.003073 0.002717 0.002429 0.002235 0.002138 0.002120 0.002160 0.003025 0.003024 0.003060 0.003094 0.003088 0.003039 0.002992 0.003002 0.003104 0.003306 0.003591 0.003927 0.004277 0.004602 0.004873 0.005074 0.005208 0.005294 0.005353 0.005395 0.005397 0.005338 0.005222 0.005081 0.004944 0.004815 0.004681 0.004524 0.004332 0.004082 0.003745 0.003301 0.002745 0.002095 0.001389 0.000661 -0.000050 -0.000684 -0.001160 -0.001403 -0.001385 -0.001132 -0.000708 -0.000193 0.000343 0.000851 0.001314 0.001748 0.002186 0.002658 0.003175 0.003713 0.004215 0.004609 0.004835 0.004873 0.004745 0.004499 0.004195 0.003882 0.003600 0.003367 0.003194 0.003081 0.004008 0.003875 0.003815 0.003807 0.003818 0.003829 0.003857 0.003944 0.004119 0.004388 0.004730 0.005107 0.005470 0.005774 0.005987 0.006094 0.006104 0.006037 0.005917 0.005753 0.005540 0.005285 0.005019 0.004788 0.004624 0.004525 0.004461 0.004396 0.004298 0.004134 0.003872 0.003487 0.002972 0.002348 0.001638 0.000858 0.000054 -0.000682 -0.001240 -0.001535 -0.001541 -0.001292 -0.000860 -0.000323 0.000247 0.000795 0.001298 0.001763 0.002222 0.002715 0.003269 0.003880 0.004510 0.005091 0.005554 0.005847 0.005957 0.005900 0.005715 0.005443 0.005124 0.004794 0.004481 0.004213 0.004993 0.004738 0.004561 0.004460 0.004419 0.004422 0.004476 0.004602 0.004820 0.005128 0.005499 0.005885 0.006230 0.006485 0.006622 0.006631 0.006527 0.006329 0.006054 0.005709 0.005301 0.004872 0.004486 0.004200 0.004041 0.003991 0.004007 0.004036 0.004028 0.003944 0.003746 0.003412 0.002948 0.002374 0.001695 0.000911 0.000083 -0.000671 -0.001228 -0.001510 -0.001509 -0.001271 -0.000865 -0.000360 0.000185 0.000723 0.001229 0.001702 0.002166 0.002660 0.003221 0.003861 0.004561 0.005270 0.005917 0.006437 0.006784 0.006943 0.006925 0.006754 0.006467 0.006101 0.005704 0.005322 0.005763 0.005426 0.005156 0.004958 0.004836 0.004793 0.004835 0.004972 0.005209 0.005532 0.005899 0.006257 0.006545 0.006722 0.006767 0.006681 0.006479 0.006175 0.005776 0.005283 0.004721 0.004161 0.003695 0.003388 0.003255 0.003263 0.003353 0.003457 0.003519 0.003495 0.003350 0.003074 0.002689 0.002208 0.001606 0.000880 0.000111 -0.000568 -0.001043 -0.001265 -0.001250 -0.001049 -0.000721 -0.000312 0.000142 0.000611 0.001073 0.001522 0.001969 0.002443 0.002978 0.003598 0.004304 0.005062 0.005812 0.006487 0.007024 0.007382 0.007542 0.007511 0.007313 0.006986 0.006580 0.006156 0.006140 0.005775 0.005447 0.005175 0.004980 0.004887 0.004908 0.005047 0.005290 0.005606 0.005939 0.006231 0.006431 0.006509 0.006461 0.006295 0.006020 0.005642 0.005155 0.004560 0.003897 0.003261 0.002757 0.002447 0.002338 0.002384 0.002515 0.002661 0.002764 0.002783 0.002697 0.002514 0.002257 0.001915 0.001438 0.000836 0.000209 -0.000320 -0.000667 -0.000820 -0.000812 -0.000692 -0.000495 -0.000240 0.000065 0.000413 0.000791 0.001186 0.001591 0.002019 0.002498 0.003055 0.003706 0.004435 0.005202 0.005945 0.006597 0.007102 0.007421 0.007540 0.007471 0.007245 0.006912 0.006528 0.006031 0.005675 0.005320 0.005002 0.004765 0.004647 0.004666 0.004815 0.005061 0.005351 0.005623 0.005824 0.005921 0.005905 0.005783 0.005563 0.005250 0.004836 0.004307 0.003667 0.002969 0.002314 0.001800 0.001484 0.001367 0.001403 0.001529 0.001679 0.001803 0.001871 0.001878 0.001837 0.001755 0.001583 0.001272 0.000852 0.000425 0.000086 -0.000127 -0.000230 -0.000264 -0.000259 -0.000230 -0.000168 -0.000050 0.000140 0.000400 0.000712 0.001051 0.001411 0.001806 0.002263 0.002808 0.003446 0.004153 0.004882 0.005571 0.006158 0.006594 0.006852 0.006928 0.006846 0.006643 0.006361 0.005422 0.005085 0.004720 0.004389 0.004152 0.004055 0.004107 0.004282 0.004528 0.004777 0.004970 0.005074 0.005079 0.004994 0.004832 0.004598 0.004288 0.003885 0.003370 0.002752 0.002088 0.001465 0.000959 0.000618 0.000447 0.000421 0.000496 0.000625 0.000770 0.000913 0.001053 0.001190 0.001295 0.001306 0.001189 0.000988 0.000785 0.000633 0.000534 0.000451 0.000352 0.000225 0.000078 -0.000060 -0.000143 -0.000130 -0.000008 0.000199 0.000455 0.000730 0.001023 0.001357 0.001766 0.002270 0.002863 0.003514 0.004171 0.004777 0.005278 0.005640 0.005849 0.005914 0.005855 0.005687 0.004351 0.004028 0.003675 0.003372 0.003190 0.003162 0.003279 0.003490 0.003724 0.003917 0.004028 0.004048 0.003990 0.003874 0.003713 0.003510 0.003252 0.002912 0.002471 0.001946 0.001385 0.000843 0.000367 -0.000011 -0.000266 -0.000390 -0.000394 -0.000298 -0.000124 0.000112 0.000397 0.000707 0.000987 0.001178 0.001263 0.001283 0.001287 0.001290 0.001267 0.001179 0.001007 0.000754 0.000444 0.000124 -0.000143 -0.000299 -0.000319 -0.000222 -0.000056 0.000131 0.000322 0.000533 0.000798 0.001151 0.001601 0.002131 0.002701 0.003264 0.003768 0.004178 0.004471 0.004638 0.004676 0.004579 0.002913 0.002611 0.002306 0.002085 0.002007 0.002082 0.002271 0.002502 0.002705 0.002834 0.002873 0.002837 0.002751 0.002642 0.002526 0.002400 0.002241 0.002015 0.001708 0.001337 0.000939 0.000534 0.000129 -0.000257 -0.000585 -0.000810 -0.000901 -0.000847 -0.000654 -0.000340 0.000065 0.000512 0.000938 0.001289 0.001557 0.001759 0.001913 0.002012 0.002022 0.001911 0.001667 0.001307 0.000864 0.000399 -0.000015 -0.000309 -0.000451 -0.000457 -0.000377 -0.000268 -0.000163 -0.000058 0.000077 0.000280 0.000573 0.000953 0.001393 0.001854 0.002296 0.002680 0.002977 0.003163 0.003220 0.003133 0.001279 0.001024 0.000812 0.000715 0.000763 0.000935 0.001169 0.001391 0.001548 0.001617 0.001605 0.001540 0.001458 0.001393 0.001362 0.001352 0.001329 0.001257 0.001124 0.000949 0.000758 0.000543 0.000279 -0.000041 -0.000374 -0.000653 -0.000811 -0.000804 -0.000618 -0.000269 0.000201 0.000731 0.001254 0.001720 0.002108 0.002415 0.002637 0.002759 0.002755 0.002601 0.002292 0.001847 0.001310 0.000746 0.000236 -0.000151 -0.000385 -0.000478 -0.000475 -0.000433 -0.000396 -0.000375 -0.000348 -0.000282 -0.000147 0.000064 0.000340 0.000652 0.000968 0.001252 0.001471 0.001598 0.001608 0.001494 -0.000333 -0.000512 -0.000607 -0.000578 -0.000424 -0.000194 0.000047 0.000240 0.000353 0.000380 0.000338 0.000267 0.000215 0.000224 0.000304 0.000433 0.000566 0.000665 0.000718 0.000747 0.000772 0.000779 0.000720 0.000565 0.000336 0.000101 -0.000056 -0.000068 0.000098 0.000438 0.000913 0.001460 0.002012 0.002513 0.002929 0.003238 0.003430 0.003495 0.003426 0.003209 0.002840 0.002333 0.001736 0.001119 0.000564 0.000130 -0.000161 -0.000322 -0.000390 -0.000414 -0.000436 -0.000480 -0.000540 -0.000590 -0.000601 -0.000558 -0.000459 -0.000322 -0.000171 -0.000036 0.000053 0.000073 0.000007 -0.000140 -0.001740 -0.001838 -0.001832 -0.001708 -0.001495 -0.001244 -0.001012 -0.000841 -0.000753 -0.000750 -0.000805 -0.000863 -0.000863 -0.000764 -0.000563 -0.000295 -0.000012 0.000245 0.000465 0.000667 0.000875 0.001084 0.001248 0.001321 0.001297 0.001223 0.001171 0.001213 0.001392 0.001717 0.002161 0.002667 0.003173 0.003619 0.003962 0.004172 0.004242 0.004182 0.004003 0.003705 0.003275 0.002722 0.002092 0.001459 0.000900 0.000460 0.000144 -0.000067 -0.000205 -0.000300 -0.000386 -0.000489 -0.000615 -0.000754 -0.000884 -0.000986 -0.001049 -0.001079 -0.001093 -0.001117 -0.001171 -0.001269 -0.001411 -0.001580 -0.002860 -0.002897 -0.002823 -0.002645 -0.002400 -0.002134 -0.001897 -0.001726 -0.001646 -0.001652 -0.001703 -0.001732 -0.001669 -0.001478 -0.001169 -0.000786 -0.000384 -0.000007 0.000334 0.000653 0.000978 0.001320 0.001654 0.001938 0.002149 0.002301 0.002438 0.002616 0.002874 0.003223 0.003644 0.004091 0.004508 0.004840 0.005040 0.005085 0.004978 0.004756 0.004449 0.004061 0.003570 0.002978 0.002332 0.001710 0.001175 0.000754 0.000435 0.000187 -0.000015 -0.000188 -0.000346 -0.000506 -0.000685 -0.000887 -0.001101 -0.001309 -0.001494 -0.001655 -0.001803 -0.001959 -0.002138 -0.002337 -0.002543 -0.002729 -0.003695 -0.003694 -0.003574 -0.003353 -0.003069 -0.002769 -0.002504 -0.002317 -0.002231 -0.002233 -0.002266 -0.002256 -0.002135 -0.001878 -0.001500 -0.001052 -0.000586 -0.000143 0.000262 0.000642 0.001020 0.001417 0.001833 0.002245 0.002629 0.002980 0.003315 0.003662 0.004043 0.004463 0.004900 0.005313 0.005652 0.005865 0.005914 0.005784 0.005506 0.005136 0.004719 0.004250 0.003701 0.003075 0.002425 0.001828 0.001332 0.000943 0.000629 0.000353 0.000092 -0.000155 -0.000385 -0.000603 -0.000826 -0.001070 -0.001337 -0.001613 -0.001877 -0.002120 -0.002352 -0.002594 -0.002857 -0.003130 -0.003385 -0.003584 -0.004280 -0.004238 -0.004066 -0.003787 -0.003442 -0.003089 -0.002784 -0.002573 -0.002472 -0.002454 -0.002459 -0.002416 -0.002269 -0.001999 -0.001623 -0.001182 -0.000721 -0.000273 0.000146 0.000542 0.000933 0.001338 0.001768 0.002220 0.002683 0.003148 0.003617 0.004098 0.004594 0.005096 0.005577 0.005991 0.006289 0.006421 0.006357 0.006103 0.005714 0.005262 0.004781 0.004253 0.003653 0.002999 0.002356 0.001795 0.001344 0.000986 0.000675 0.000370 0.000057 -0.000255 -0.000546 -0.000813 -0.001071 -0.001347 -0.001650 -0.001969 -0.002279 -0.002563 -0.002831 -0.003108 -0.003408 -0.003716 -0.003991 -0.004192 -0.004647 -0.004540 -0.004293 -0.003935 -0.003519 -0.003109 -0.002764 -0.002524 -0.002391 -0.002337 -0.002310 -0.002255 -0.002131 -0.001921 -0.001631 -0.001280 -0.000896 -0.000502 -0.000113 0.000268 0.000649 0.001042 0.001459 0.001904 0.002377 0.002877 0.003401 0.003949 0.004511 0.005069 0.005586 0.006013 0.006297 0.006391 0.006277 0.005984 0.005579 0.005126 0.004630 0.004065 0.003424 0.002754 0.002132 0.001616 0.001213 0.000878 0.000556 0.000215 -0.000148 -0.000510 -0.000844 -0.001143 -0.001429 -0.001732 -0.002067 -0.002421 -0.002759 -0.003060 -0.003331 -0.003602 -0.003891 -0.004185 -0.004440 -0.004608 -0.004830 -0.004629 -0.004289 -0.003850 -0.003370 -0.002913 -0.002529 -0.002243 -0.002056 -0.001945 -0.001880 -0.001833 -0.001778 -0.001693 -0.001562 -0.001374 -0.001128 -0.000837 -0.000519 -0.000184 0.000167 0.000537 0.000929 0.001350 0.001803 0.002290 0.002812 0.003365 0.003937 0.004504 0.005028 0.005459 0.005744 0.005843 0.005751 0.005510 0.005178 0.004778 0.004291 0.003698 0.003029 0.002363 0.001780 0.001322 0.000962 0.000637 0.000289 -0.000102 -0.000518 -0.000919 -0.001277 -0.001593 -0.001897 -0.002226 -0.002594 -0.002979 -0.003341 -0.003651 -0.003912 -0.004150 -0.004387 -0.004614 -0.004795 -0.004880 -0.004863 -0.004549 -0.004117 -0.003610 -0.003085 -0.002591 -0.002161 -0.001812 -0.001543 -0.001352 -0.001239 -0.001201 -0.001231 -0.001301 -0.001369 -0.001387 -0.001324 -0.001175 -0.000959 -0.000696 -0.000399 -0.000071 0.000286 0.000671 0.001086 0.001533 0.002013 0.002526 0.003060 0.003598 0.004104 0.004535 0.004842 0.004993 0.004989 0.004862 0.004633 0.004287 0.003799 0.003180 0.002504 0.001869 0.001349 0.000955 0.000632 0.000299 -0.000098 -0.000557 -0.001032 -0.001468 -0.001839 -0.002160 -0.002476 -0.002826 -0.003216 -0.003621 -0.003997 -0.004313 -0.004562 -0.004757 -0.004913 -0.005031 -0.005085 -0.005039 -0.004740 -0.004309 -0.003796 -0.003242 -0.002691 -0.002173 -0.001701 -0.001281 -0.000918 -0.000630 -0.000448 -0.000401 -0.000496 -0.000708 -0.000971 -0.001205 -0.001343 -0.001360 -0.001268 -0.001097 -0.000868 -0.000594 -0.000285 0.000053 0.000417 0.000806 0.001221 0.001664 0.002132 0.002616 0.003093 0.003528 0.003878 0.004112 0.004218 0.004198 0.004036 0.003702 0.003190 0.002558 0.001905 0.001333 0.000895 0.000567 0.000264 -0.000104 -0.000575 -0.001121 -0.001665 -0.002139 -0.002523 -0.002848 -0.003168 -0.003517 -0.003895 -0.004281 -0.004642 -0.004950 -0.005182 -0.005330 -0.005393 -0.005374 -0.005268 -0.005061 -0.004373 -0.003838 -0.003267 -0.002696 -0.002150 -0.001634 -0.001143 -0.000669 -0.000224 0.000159 0.000424 0.000514 0.000398 0.000096 -0.000321 -0.000746 -0.001081 -0.001272 -0.001315 -0.001240 -0.001080 -0.000860 -0.000597 -0.000303 0.000011 0.000342 0.000687 0.001052 0.001440 0.001853 0.002281 0.002704 0.003084 0.003380 0.003558 0.003583 0.003421 0.003054 0.002518 0.001898 0.001304 0.000822 0.000473 0.000198 -0.000110 -0.000541 -0.001114 -0.001765 -0.002391 -0.002915 -0.003324 -0.003657 -0.003962 -0.004266 -0.004570 -0.004870 -0.005158 -0.005413 -0.005601 -0.005686 -0.005647 -0.005485 -0.005212 -0.004838 -0.003657 -0.003061 -0.002480 -0.001938 -0.001439 -0.000963 -0.000485 0.000010 0.000509 0.000968 0.001315 0.001473 0.001388 0.001061 0.000559 -0.000006 -0.000512 -0.000869 -0.001047 -0.001064 -0.000962 -0.000778 -0.000541 -0.000271 0.000016 0.000309 0.000605 0.000903 0.001211 0.001535 0.001878 0.002234 0.002577 0.002863 0.003031 0.003024 0.002810 0.002400 0.001859 0.001285 0.000778 0.000395 0.000124 -0.000124 -0.000469 -0.000991 -0.001684 -0.002453 -0.003175 -0.003767 -0.004217 -0.004557 -0.004820 -0.005021 -0.005176 -0.005309 -0.005442 -0.005570 -0.005652 -0.005633 -0.005476 -0.005174 -0.004749 -0.004232 -0.002618 -0.002029 -0.001501 -0.001039 -0.000623 -0.000213 0.000228 0.000718 0.001243 0.001754 0.002171 0.002405 0.002388 0.002100 0.001587 0.000950 0.000322 -0.000179 -0.000486 -0.000594 -0.000540 -0.000372 -0.000131 0.000149 0.000446 0.000742 0.001025 0.001289 0.001535 0.001765 0.001986 0.002205 0.002419 0.002591 0.002658 0.002558 0.002269 0.001823 0.001301 0.000795 0.000382 0.000088 -0.000131 -0.000386 -0.000795 -0.001425 -0.002245 -0.003137 -0.003962 -0.004636 -0.005138 -0.005479 -0.005669 -0.005722 -0.005675 -0.005583 -0.005490 -0.005408 -0.005306 -0.005126 -0.004822 -0.004387 -0.003844 -0.003238 -0.001468 -0.000940 -0.000500 -0.000134 0.000198 0.000544 0.000944 0.001414 0.001941 0.002478 0.002944 0.003250 0.003317 0.003109 0.002648 0.002012 0.001326 0.000722 0.000298 0.000094 0.000096 0.000255 0.000518 0.000840 0.001184 0.001523 0.001837 0.002110 0.002331 0.002490 0.002585 0.002629 0.002637 0.002608 0.002499 0.002262 0.001885 0.001410 0.000914 0.000475 0.000142 -0.000090 -0.000293 -0.000584 -0.001074 -0.001813 -0.002750 -0.003751 -0.004674 -0.005430 -0.005981 -0.006312 -0.006417 -0.006319 -0.006074 -0.005751 -0.005411 -0.005078 -0.004740 -0.004355 -0.003886 -0.003328 -0.002707 -0.002070 -0.000460 0.000014 0.000395 0.000710 0.001001 0.001311 0.001673 0.002103 0.002596 0.003117 0.003599 0.003954 0.004101 0.003991 0.003625 0.003055 0.002382 0.001732 0.001220 0.000920 0.000848 0.000976 0.001251 0.001617 0.002023 0.002429 0.002805 0.003124 0.003360 0.003491 0.003499 0.003385 0.003177 0.002908 0.002584 0.002184 0.001707 0.001198 0.000721 0.000331 0.000049 -0.000158 -0.000377 -0.000722 -0.001294 -0.002124 -0.003147 -0.004225 -0.005220 -0.006037 -0.006618 -0.006931 -0.006969 -0.006764 -0.006379 -0.005886 -0.005344 -0.004789 -0.004226 -0.003639 -0.003011 -0.002347 -0.001673 -0.001030 0.000317 0.000800 0.001197 0.001534 0.001840 0.002142 0.002463 0.002821 0.003227 0.003671 0.004111 0.004474 0.004678 0.004664 0.004415 0.003958 0.003363 0.002736 0.002189 0.001811 0.001651 0.001709 0.001949 0.002318 0.002758 0.003219 0.003656 0.004033 0.004312 0.004456 0.004431 0.004221 0.003850 0.003374 0.002845 0.002285 0.001710 0.001161 0.000687 0.000321 0.000057 -0.000155 -0.000409 -0.000813 -0.001451 -0.002338 -0.003397 -0.004500 -0.005517 -0.006352 -0.006936 -0.007228 -0.007230 -0.006980 -0.006537 -0.005962 -0.005308 -0.004613 -0.003893 -0.003156 -0.002405 -0.001654 -0.000929 -0.000263 0.000958 0.001512 0.001983 0.002384 0.002725 0.003019 0.003281 0.003536 0.003813 0.004129 0.004470 0.004786 0.005008 0.005071 0.004942 0.004624 0.004157 0.003617 0.003098 0.002689 0.002453 0.002416 0.002567 0.002870 0.003275 0.003732 0.004190 0.004603 0.004922 0.005097 0.005080 0.004842 0.004394 0.003794 0.003124 0.002444 0.001793 0.001210 0.000731 0.000368 0.000099 -0.000137 -0.000432 -0.000884 -0.001560 -0.002454 -0.003486 -0.004544 -0.005517 -0.006314 -0.006866 -0.007133 -0.007123 -0.006875 -0.006437 -0.005859 -0.005181 -0.004434 -0.003643 -0.002825 -0.001998 -0.001181 -0.000401 0.000319 0.001544 0.002176 0.002722 0.003173 0.003528 0.003788 0.003971 0.004112 0.004254 0.004431 0.004650 0.004884 0.005084 0.005193 0.005170 0.004996 0.004685 0.004278 0.003845 0.003461 0.003189 0.003063 0.003094 0.003269 0.003562 0.003935 0.004344 0.004741 0.005065 0.005254 0.005252 0.005025 0.004574 0.003946 0.003226 0.002496 0.001816 0.001224 0.000745 0.000377 0.000092 -0.000171 -0.000499 -0.000979 -0.001654 -0.002496 -0.003430 -0.004367 -0.005224 -0.005925 -0.006410 -0.006643 -0.006633 -0.006413 -0.006022 -0.005493 -0.004854 -0.004125 -0.003330 -0.002491 -0.001631 -0.000776 0.000053 0.000832 0.001955 0.002636 0.003221 0.003690 0.004033 0.004251 0.004365 0.004418 0.004459 0.004526 0.004636 0.004780 0.004933 0.005058 0.005114 0.005071 0.004917 0.004663 0.004351 0.004037 0.003768 0.003578 0.003485 0.003503 0.003632 0.003859 0.004155 0.004472 0.004743 0.004897 0.004882 0.004669 0.004257 0.003677 0.002995 0.002295 0.001645 0.001083 0.000620 0.000253 -0.000044 -0.000326 -0.000671 -0.001150 -0.001778 -0.002509 -0.003276 -0.004021 -0.004696 -0.005253 -0.005643 -0.005837 -0.005838 -0.005669 -0.005355 -0.004917 -0.004365 -0.003710 -0.002968 -0.002162 -0.001317 -0.000460 0.000386 0.001198 0.001991 0.002687 0.003288 0.003769 0.004114 0.004324 0.004421 0.004442 0.004433 0.004430 0.004454 0.004515 0.004610 0.004725 0.004831 0.004891 0.004875 0.004769 0.004587 0.004361 0.004117 0.003878 0.003669 0.003526 0.003476 0.003531 0.003675 0.003858 0.004013 0.004074 0.004004 0.003789 0.003429 0.002938 0.002358 0.001757 0.001194 0.000698 0.000277 -0.000074 -0.000370 -0.000658 -0.001003 -0.001448 -0.001981 -0.002544 -0.003085 -0.003584 -0.004034 -0.004415 -0.004698 -0.004856 -0.004884 -0.004789 -0.004582 -0.004267 -0.003843 -0.003309 -0.002674 -0.001959 -0.001188 -0.000384 0.000430 0.001230 0.001636 0.002327 0.002944 0.003457 0.003844 0.004100 0.004237 0.004282 0.004264 0.004217 0.004170 0.004150 0.004182 0.004272 0.004401 0.004533 0.004624 0.004641 0.004574 0.004426 0.004202 0.003913 0.003594 0.003300 0.003084 0.002970 0.002945 0.002958 0.002947 0.002868 0.002710 0.002477 0.002168 0.001783 0.001338 0.000876 0.000439 0.000042 -0.000315 -0.000630 -0.000910 -0.001193 -0.001521 -0.001902 -0.002295 -0.002643 -0.002920 -0.003145 -0.003350 -0.003548 -0.003724 -0.003857 -0.003925 -0.003919 -0.003832 -0.003655 -0.003377 -0.002990 -0.002499 -0.001920 -0.001271 -0.000572 0.000160 0.000904 0.001129 0.001799 0.002428 0.002982 0.003430 0.003756 0.003955 0.004038 0.004022 0.003938 0.003826 0.003736 0.003712 0.003775 0.003914 0.004092 0.004255 0.004359 0.004371 0.004268 0.004035 0.003682 0.003257 0.002834 0.002477 0.002212 0.002016 0.001839 0.001636 0.001397 0.001141 0.000884 0.000620 0.000336 0.000032 -0.000275 -0.000567 -0.000847 -0.001120 -0.001382 -0.001638 -0.001909 -0.002203 -0.002488 -0.002708 -0.002816 -0.002818 -0.002771 -0.002741 -0.002767 -0.002849 -0.002962 -0.003073 -0.003149 -0.003170 -0.003114 -0.002965 -0.002715 -0.002365 -0.001927 -0.001415 -0.000840 -0.000214 0.000448 0.000768 0.001392 0.002003 0.002566 0.003044 0.003408 0.003639 0.003732 0.003702 0.003580 0.003421 0.003289 0.003239 0.003298 0.003454 0.003664 0.003871 0.004017 0.004054 0.003942 0.003659 0.003223 0.002702 0.002181 0.001716 0.001320 0.000961 0.000596 0.000206 -0.000182 -0.000528 -0.000812 -0.001042 -0.001238 -0.001412 -0.001568 -0.001713 -0.001867 -0.002043 -0.002241 -0.002465 -0.002712 -0.002949 -0.003117 -0.003151 -0.003025 -0.002775 -0.002488 -0.002256 -0.002136 -0.002136 -0.002227 -0.002361 -0.002491 -0.002580 -0.002600 -0.002535 -0.002378 -0.002130 -0.001800 -0.001399 -0.000934 -0.000412 0.000160 0.000707 0.001242 0.001778 0.002284 0.002721 0.003054 0.003254 0.003313 0.003246 0.003094 0.002923 0.002802 0.002785 0.002887 0.003085 0.003327 0.003547 0.003684 0.003682 0.003501 0.003127 0.002601 0.002005 0.001419 0.000879 0.000376 -0.000125 -0.000652 -0.001194 -0.001701 -0.002122 -0.002433 -0.002644 -0.002770 -0.002831 -0.002848 -0.002853 -0.002878 -0.002946 -0.003066 -0.003236 -0.003429 -0.003586 -0.003628 -0.003494 -0.003174 -0.002726 -0.002257 -0.001872 -0.001637 -0.001565 -0.001624 -0.001754 -0.001895 -0.002001 -0.002042 -0.002005 -0.001887 -0.001689 -0.001420 -0.001090 -0.000708 -0.000278 0.000196 0.000910 0.001315 0.001717 0.002093 0.002410 0.002635 0.002742 0.002725 0.002609 0.002447 0.002311 0.002266 0.002348 0.002548 0.002819 0.003093 0.003299 0.003374 0.003274 0.002975 0.002492 0.001888 0.001248 0.000632 0.000045 -0.000538 -0.001144 -0.001783 -0.002426 -0.003014 -0.003493 -0.003834 -0.004036 -0.004108 -0.004074 -0.003968 -0.003837 -0.003727 -0.003670 -0.003682 -0.003756 -0.003853 -0.003903 -0.003825 -0.003560 -0.003110 -0.002541 -0.001962 -0.001482 -0.001171 -0.001042 -0.001062 -0.001165 -0.001286 -0.001370 -0.001392 -0.001342 -0.001222 -0.001037 -0.000798 -0.000515 -0.000198 0.000148 0.000518
SCALARS v float 1
LOOKUP_TABLE default
-0.005993 -0.005991 -0.005862 -0.005578 -0.005144 -0.004610 -0.004061 -0.003576 -0.003192 -0.002894 -0.002636 -0.002366 -0.002047 -0.001664 -0.001236 -0.000806 -0.000414 -0.000076 0.000231 0.000535 0.000783 0.000838 0.000605 0.000150 -0.000340 -0.000665 -0.000673 -0.000319 0.000327 0.001169 0.002170 0.003323 0.004562 0.005753 0.006744 0.007403 0.007644 0.007450 0.006864 0.005990 0.004997 0.004097 0.003496 0.003308 0.003503 0.003914 0.004303 0.004448 0.004215 0.003577 0.002607 0.001441 0.000225 -0.000923 -0.001952 -0.002860 -0.003654 -0.004320 -0.004837 -0.005204 -0.005453 -0.005634 -0.005783 -0.005910 -0.006188 -0.006156 -0.005985 -0.005649 -0.005150 -0.004541 -0.003920 -0.003396 -0.003030 -0.002820 -0.002706 -0.002595 -0.002399 -0.002064 -0.001591 -0.001029 -0.000445 0.000110 0.000625 0.001090 0.001422 0.001487 0.001229 0.000760 0.000286 -0.000003 0.000020 0.000380 0.000992 0.001749 0.002620 0.003610 0.004671 0.005690 0.006537 0.007102 0.007309 0.007132 0.006599 0.005794 0.004858 0.003972 0.003316 0.003006 0.003049 0.003336 0.003682 0.003882 0.003784 0.003321 0.002516 0.001465 0.000298 -0.000864 -0.001945 -0.002916 -0.003765 -0.004471 -0.005016 -0.005402 -0.005665 -0.005855 -0.006006 -0.006125 -0.006277 -0.006184 -0.005942 -0.005534 -0.004969 -0.004304 -0.003653 -0.003147 -0.002868 -0.002812 -0.002889 -0.002954 -0.002869 -0.002544 -0.001973 -0.001224 -0.000404 0.000391 0.001103 0.001689 0.002055 0.002094 0.001806 0.001340 0.000899 0.000648 0.000693 0.001047 0.001622 0.002305 0.003055 0.003883 0.004757 0.005583 0.006257 0.006691 0.006826 0.006636 0.006140 0.005405 0.004547 0.003713 0.003052 0.002670 0.002600 0.002789 0.003100 0.003355 0.003387 0.003089 0.002439 0.001496 0.000372 -0.000807 -0.001940 -0.002968 -0.003857 -0.004581 -0.005129 -0.005518 -0.005791 -0.005993 -0.006150 -0.006254 -0.006291 -0.006112 -0.005774 -0.005278 -0.004644 -0.003940 -0.003293 -0.002854 -0.002714 -0.002855 -0.003145 -0.003388 -0.003394 -0.003049 -0.002347 -0.001385 -0.000315 0.000712 0.001595 0.002259 0.002620 0.002619 0.002311 0.001867 0.001471 0.001257 0.001310 0.001643 0.002176 0.002792 0.003433 0.004104 0.004789 0.005418 0.005905 0.006185 0.006219 0.005991 0.005518 0.004857 0.004098 0.003354 0.002738 0.002340 0.002205 0.002319 0.002598 0.002896 0.003041 0.002894 0.002389 0.001545 0.000460 -0.000733 -0.001909 -0.002977 -0.003882 -0.004596 -0.005127 -0.005515 -0.005812 -0.006051 -0.006229 -0.006321 -0.006253 -0.005974 -0.005527 -0.004938 -0.004240 -0.003512 -0.002893 -0.002549 -0.002571 -0.002922 -0.003425 -0.003833 -0.003911 -0.003524 -0.002678 -0.001506 -0.000207 0.001020 0.002030 0.002733 0.003067 0.003029 0.002721 0.002319 0.001978 0.001800 0.001852 0.002152 0.002634 0.003185 0.003728 0.004251 0.004750 0.005180 0.005481 0.005605 0.005530 0.005254 0.004801 0.004216 0.003569 0.002940 0.002409 0.002044 0.001891 0.001961 0.002212 0.002531 0.002758 0.002732 0.002349 0.001595 0.000552 -0.000641 -0.001834 -0.002910 -0.003795 -0.004470 -0.004975 -0.005380 -0.005735 -0.006043 -0.006265 -0.006347 -0.006179 -0.005799 -0.005249 -0.004576 -0.003828 -0.003089 -0.002511 -0.002266 -0.002448 -0.002995 -0.003693 -0.004241 -0.004364 -0.003917 -0.002930 -0.001574 -0.000093 0.001275 0.002360 0.003066 0.003365 0.003304 0.003020 0.002678 0.002399 0.002257 0.002306 0.002569 0.002997 0.003485 0.003940 0.004330 0.004653 0.004891 0.005009 0.004982 0.004802 0.004482 0.004050 0.003545 0.003017 0.002517 0.002095 0.001798 0.001666 0.001725 0.001956 0.002277 0.002543 0.002590 0.002292 0.001612 0.000619 -0.000544 -0.001710 -0.002741 -0.003560 -0.004174 -0.004667 -0.005128 -0.005587 -0.005996 -0.006271 -0.006342 -0.006078 -0.005616 -0.004987 -0.004254 -0.003472 -0.002734 -0.002196 -0.002038 -0.002354 -0.003065 -0.003919 -0.004566 -0.004703 -0.004184 -0.003072 -0.001577 0.000021 0.001461 0.002562 0.003240 0.003502 0.003439 0.003199 0.002926 0.002712 0.002609 0.002659 0.002889 0.003267 0.003697 0.004079 0.004358 0.004526 0.004585 0.004529 0.004357 0.004080 0.003723 0.003318 0.002899 0.002496 0.002132 0.001831 0.001620 0.001535 0.001604 0.001822 0.002124 0.002384 0.002449 0.002191 0.001566 0.000637 -0.000452 -0.001530 -0.002452 -0.003161 -0.003712 -0.004230 -0.004801 -0.005402 -0.005923 -0.006248 -0.006304 -0.005972 -0.005467 -0.004794 -0.004025 -0.003226 -0.002493 -0.001986 -0.001889 -0.002293 -0.003110 -0.004057 -0.004753 -0.004877 -0.004293 -0.003090 -0.001514 0.000129 0.001568 0.002631 0.003256 0.003486 0.003436 0.003251 0.003050 0.002901 0.002838 0.002898 0.003106 0.003440 0.003819 0.004139 0.004331 0.004376 0.004283 0.004073 0.003772 0.003413 0.003035 0.002672 0.002348 0.002071 0.001840 0.001655 0.001531 0.001495 0.001577 0.001774 0.002032 0.002245 0.002279 0.002024 0.001446 0.000606 -0.000357 -0.001278 -0.002035 -0.002613 -0.003126 -0.003721 -0.004443 -0.005193 -0.005813 -0.006177 -0.006227 -0.005893 -0.005398 -0.004716 -0.003931 -0.003121 -0.002390 -0.001897 -0.001820 -0.002251 -0.003095 -0.004060 -0.004754 -0.004851 -0.004225 -0.002981 -0.001389 0.000227 0.001601 0.002579 0.003133 0.003331 0.003300 0.003171 0.003039 0.002952 0.002935 0.003016 0.003214 0.003512 0.003841 0.004106 0.004229 0.004181 0.003975 0.003652 0.003260 0.002855 0.002485 0.002184 0.001960 0.001801 0.001685 0.001594 0.001534 0.001529 0.001603 0.001755 0.001940 0.002072 0.002048 0.001785 0.001264 0.000549 -0.000234 -0.000945 -0.001503 -0.001961 -0.002479 -0.003193 -0.004071 -0.004944 -0.005635 -0.006041 -0.006124 -0.005881 -0.005445 -0.004781 -0.003986 -0.003159 -0.002417 -0.001912 -0.001809 -0.002195 -0.002984 -0.003893 -0.004543 -0.004611 -0.003971 -0.002737 -0.001195 0.000327 0.001578 0.002434 0.002899 0.003061 0.003046 0.002967 0.002897 0.002871 0.002908 0.003021 0.003220 0.003487 0.003765 0.003973 0.004038 0.003927 0.003656 0.003273 0.002847 0.002442 0.002112 0.001884 0.001754 0.001693 0.001663 0.001636 0.001608 0.001600 0.001631 0.001704 0.001790 0.001829 0.001747 0.001491 0.001057 0.000505 -0.000060 -0.000536 -0.000902 -0.001275 -0.001839 -0.002678 -0.003675 -0.004623 -0.005367 -0.005843 -0.006020 -0.005952 -0.005616 -0.004989 -0.004181 -0.003321 -0.002543 -0.001992 -0.001817 -0.002096 -0.002758 -0.003552 -0.004123 -0.004159 -0.003531 -0.002354 -0.000918 0.000454 0.001535 0.002237 0.002594 0.002708 0.002698 0.002659 0.002649 0.002691 0.002788 0.002941 0.003145 0.003382 0.003607 0.003756 0.003769 0.003620 0.003325 0.002936 0.002523 0.002156 0.001885 0.001731 0.001681 0.001695 0.001725 0.001734 0.001709 0.001663 0.001617 0.001585 0.001560 0.001511 0.001395 0.001179 0.000863 0.000497 0.000161 -0.000090 -0.000298 -0.000627 -0.001250 -0.002180 -0.003239 -0.004219 -0.005017 -0.005606 -0.005940 -0.006091 -0.005887 -0.005310 -0.004484 -0.003569 -0.002722 -0.002090 -0.001801 -0.001927 -0.002414 -0.003051 -0.003520 -0.003521 -0.002922 -0.001834 -0.000545 0.000639 0.001517 0.002040 0.002271 0.002322 0.002303 0.002298 0.002348 0.002460 0.002620 0.002810 0.003016 0.003219 0.003388 0.003477 0.003445 0.003272 0.002977 0.002610 0.002237 0.001923 0.001714 0.001627 0.001644 0.001721 0.001798 0.001829 0.001790 0.001688 0.001547 0.001401 0.001271 0.001157 0.001039 0.000892 0.000712 0.000532 0.000404 0.000338 0.000243 -0.000068 -0.000731 -0.001697 -0.002763 -0.003750 -0.004611 -0.005348 -0.005885 -0.006249 -0.006201 -0.005691 -0.004850 -0.003863 -0.002916 -0.002164 -0.001730 -0.001675 -0.001962 -0.002423 -0.002777 -0.002742 -0.002181 -0.001197 -0.000072 0.000907 0.001571 0.001904 0.001995 0.001966 0.001924 0.001941 0.002044 0.002219 0.002431 0.002647 0.002845 0.003010 0.003120 0.003149 0.003069 0.002873 0.002581 0.002238 0.001907 0.001644 0.001493 0.001467 0.001547 0.001683 0.001811 0.001870 0.001824 0.001672 0.001444 0.001196 0.000979 0.000825 0.000731 0.000670 0.000623 0.000603 0.000636 0.000700 0.000673 0.000377 -0.000289 -0.001237 -0.002268 -0.003247 -0.004176 -0.005072 -0.005828 -0.006360 -0.006482 -0.006063 -0.005225 -0.004166 -0.003097 -0.002196 -0.001591 -0.001342 -0.001428 -0.001712 -0.001953 -0.001883 -0.001362 -0.000482 0.000486 0.001273 0.001737 0.001886 0.001832 0.001706 0.001616 0.001629 0.001760 0.001974 0.002216 0.002442 0.002624 0.002747 0.002798 0.002762 0.002627 0.002395 0.002092 0.001763 0.001464 0.001247 0.001150 0.001184 0.001327 0.001528 0.001718 0.001825 0.001800 0.001630 0.001349 0.001028 0.000751 0.000579 0.000524 0.000550 0.000614 0.000707 0.000837 0.000967 0.000974 0.000699 0.000073 -0.000813 -0.001784 -0.002743 -0.003725 -0.004761 -0.005722 -0.006354 -0.006654 -0.006351 -0.005547 -0.004438 -0.003249 -0.002185 -0.001395 -0.000952 -0.000847 -0.000972 -0.001114 -0.001016 -0.000533 0.000254 0.001089 0.001721 0.002023 0.002018 0.001823 0.001581 0.001408 0.001373 0.001486 0.001700 0.001948 0.002170 0.002331 0.002412 0.002403 0.002299 0.002099 0.001818 0.001489 0.001160 0.000884 0.000710 0.000666 0.000761 0.000970 0.001243 0.001508 0.001687 0.001720 0.001583 0.001301 0.000952 0.000645 0.000471 0.000459 0.000559 0.000699 0.000847 0.001003 0.001137 0.001147 0.000902 0.000347 -0.000444 -0.001333 -0.002254 -0.003260 -0.004392 -0.005519 -0.006183 -0.006655 -0.006488 -0.005755 -0.004636 -0.003354 -0.002136 -0.001164 -0.000538 -0.000267 -0.000263 -0.000329 -0.000217 0.000229 0.000939 0.001674 0.002199 0.002395 0.002280 0.001968 0.001603 0.001312 0.001177 0.001216 0.001386 0.001611 0.001818 0.001958 0.002002 0.001938 0.001766 0.001498 0.001160 0.000793 0.000449 0.000183 0.000040 0.000047 0.000205 0.000487 0.000840 0.001194 0.001469 0.001596 0.001541 0.001316 0.000993 0.000691 0.000529 0.000553 0.000706 0.000884 0.001028 0.001142 0.001222 0.001203 0.000989 0.000526 -0.000145 -0.000930 -0.001786 -0.002775 -0.003948 -0.005184 -0.005826 -0.006451 -0.006430 -0.005800 -0.004714 -0.003382 -0.002045 -0.000918 -0.000135 0.000267 0.000363 0.000340 0.000450 0.000852 0.001493 0.002153 0.002614 0.002763 0.002599 0.002216 0.001750 0.001333 0.001065 0.000986 0.001068 0.001240 0.001419 0.001537 0.001551 0.001442 0.001211 0.000876 0.000473 0.000052 -0.000328 -0.000607 -0.000737 -0.000693 -0.000476 -0.000117 0.000328 0.000787 0.001178 0.001432 0.001501 0.001384 0.001137 0.000878 0.000742 0.000798 0.000982 0.001160 0.001252 0.001268 0.001242 0.001162 0.000967 0.000604 0.000073 -0.000582 -0.001343 -0.002270 -0.003426 -0.004710 -0.005290 -0.006036 -0.006156 -0.005650 -0.004636 -0.003304 -0.001898 -0.000660 0.000235 0.000726 0.000872 0.000860 0.000944 0.001287 0.001851 0.002441 0.002862 0.003005 0.002855 0.002472 0.001968 0.001468 0.001081 0.000870 0.000837 0.000927 0.001059 0.001147 0.001132 0.000982 0.000695 0.000292 -0.000188 -0.000683 -0.001124 -0.001440 -0.001578 -0.001514 -0.001251 -0.000824 -0.000288 0.000282 0.000806 0.001207 0.001431 0.001461 0.001333 0.001154 0.001066 0.001153 0.001352 0.001506 0.001513 0.001393 0.001223 0.001049 0.000854 0.000586 0.000206 -0.000294 -0.000926 -0.001751 -0.002837 -0.004111 -0.004606 -0.005430 -0.005671 -0.005295 -0.004382 -0.003096 -0.001675 -0.000385 0.000570 0.001100 0.001257 0.001229 0.001265 0.001524 0.001984 0.002485 0.002861 0.003016 0.002921 0.002609 0.002154 0.001659 0.001223 0.000921 0.000782 0.000778 0.000840 0.000879 0.000822 0.000623 0.000273 -0.000210 -0.000779 -0.001367 -0.001886 -0.002254 -0.002412 -0.002339 -0.002047 -0.001573 -0.000971 -0.000308 0.000338 0.000888 0.001279 0.001477 0.001501 0.001438 0.001427 0.001556 0.001764 0.001881 0.001789 0.001516 0.001182 0.000893 0.000678 0.000494 0.000267 -0.000063 -0.000540 -0.001230 -0.002206 -0.003417 -0.003812 -0.004665 -0.004996 -0.004743 -0.003951 -0.002750 -0.001367 -0.000082 0.000877 0.001404 0.001544 0.001480 0.001448 0.001595 0.001914 0.002287 0.002589 0.002740 0.002711 0.002510 0.002181 0.001790 0.001411 0.001109 0.000923 0.000849 0.000837 0.000807 0.000683 0.000414 -0.000014 -0.000585 -0.001254 -0.001945 -0.002555 -0.002980 -0.003160 -0.003083 -0.002776 -0.002285 -0.001655 -0.000944 -0.000216 0.000452 0.000993 0.001360 0.001553 0.001639 0.001737 0.001928 0.002151 0.002232 0.002044 0.001624 0.001131 0.000726 0.000483 0.000369 0.000286 0.000129 -0.000180 -0.000719 -0.001559 -0.002667 -0.002950 -0.003781 -0.004164 -0.004019 -0.003357 -0.002272 -0.000974 0.000256 0.001173 0.001664 0.001771 0.001662 0.001548 0.001560 0.001703 0.001907 0.002091 0.002201 0.002213 0.002123 0.001952 0.001732 0.001507 0.001314 0.001181 0.001105 0.001053 0.000960 0.000756 0.000402 -0.000113 -0.000777 -0.001553 -0.002360 -0.003073 -0.003566 -0.003769 -0.003691 -0.003382 -0.002898 -0.002284 -0.001579 -0.000831 -0.000101 0.000546 0.001060 0.001423 0.001679 0.001917 0.002197 0.002449 0.002505 0.002239 0.001699 0.001076 0.000576 0.000312 0.000261 0.000306 0.000307 0.000157 -0.000230 -0.000922 -0.001897 -0.002068 -0.002825 -0.003218 -0.003157 -0.002626 -0.001682 -0.000507 0.000627 0.001471 0.001907 0.001970 0.001812 0.001606 0.001468 0.001417 0.001425 0.001457 0.001484 0.001494 0.001482 0.001453 0.001419 0.001396 0.001394 0.001414 0.001437 0.001423 0.001312 0.001052 0.000618 0.000017 -0.000740 -0.001632 -0.002577 -0.003417 -0.003992 -0.004226 -0.004149 -0.003843 -0.003385 -0.002820 -0.002173 -0.001468 -0.000745 -0.000051 0.000566 0.001083 0.001517 0.001918 0.002309 0.002612 0.002666 0.002356 0.001741 0.001034 0.000477 0.000208 0.000210 0.000355 0.000484 0.000468 0.000218 -0.000328 -0.001148 -0.001211 -0.001848 -0.002206 -0.002200 -0.001792 -0.001005 0.000016 0.001023 0.001771 0.002138 0.002150 0.001931 0.001625 0.001331 0.001088 0.000901 0.000770 0.000692 0.000667 0.000692 0.000768 0.000894 0.001067 0.001280 0.001510 0.001716 0.001834 0.001789 0.001531 0.001054 0.000383 -0.000468 -0.001490 -0.002596 -0.003590 -0.004269 -0.004548 -0.004478 -0.004175 -0.003745 -0.003246 -0.002691 -0.002081 -0.001425 -0.000748 -0.000080 0.000555 0.001153 0.001722 0.002244 0.002625 0.002712 0.002405 0.001773 0.001041 0.000466 0.000201 0.000234 0.000438 0.000649 0.000731 0.000595 0.000189 -0.000461 -0.000433 -0.000908 -0.001186 -0.001197 -0.000893 -0.000269 0.000575 0.001428 0.002061 0.002346 0.002292 0.001998 0.001581 0.001134 0.000712 0.000348 0.000067 -0.000112 -0.000179 -0.000131 0.000026 0.000280 0.000617 0.001018 0.001455 0.001874 0.002187 0.002292 0.002116 0.001652 0.000942 0.000006 -0.001150 -0.002431 -0.003602 -0.004415 -0.004766 -0.004719 -0.004421 -0.004013 -0.003572 -0.003114 -0.002622 -0.002074 -0.001465 -0.000801 -0.000097 0.000629 0.001351 0.002013 0.002501 0.002667 0.002422 0.001838 0.001135 0.000572 0.000303 0.000330 0.000539 0.000777 0.000914 0.000865 0.000591 0.000120 0.000215 -0.000067 -0.000224 -0.000210 0.000021 0.000496 0.001152 0.001829 0.002325 0.002511 0.002376 0.001992 0.001459 0.000867 0.000284 -0.000236 -0.000647 -0.000914 -0.001013 -0.000936 -0.000694 -0.000314 0.000171 0.000730 0.001334 0.001937 0.002449 0.002746 0.002718 0.002330 0.001623 0.000627 -0.000651 -0.002105 -0.003466 -0.004444 -0.004904 -0.004909 -0.004628 -0.004234 -0.003834 -0.003455 -0.003069 -0.002635 -0.002118 -0.001501 -0.000782 0.000020 0.000860 0.001655 0.002274 0.002566 0.002445 0.001968 0.001340 0.000802 0.000511 0.000486 0.000640 0.000845 0.000989 0.000999 0.000845 0.000555 0.000684 0.000611 0.000611 0.000693 0.000895 0.001252 0.001730 0.002217 0.002556 0.002625 0.002394 0.001915 0.001271 0.000550 -0.000173 -0.000829 -0.001358 -0.001707 -0.001834 -0.001723 -0.001386 -0.000864 -0.000214 0.000505 0.001251 0.001990 0.002658 0.003132 0.003274 0.003008 0.002350 0.001329 -0.000040 -0.001647 -0.003198 -0.004360 -0.004962 -0.005053 -0.004815 -0.004444 -0.004074 -0.003747 -0.003439 -0.003095 -0.002663 -0.002107 -0.001411 -0.000586 0.000325 0.001228 0.001985 0.002439 0.002489 0.002170 0.001650 0.001146 0.000814 0.000695 0.000740 0.000857 0.000960 0.000991 0.000933 0.000811 0.000943 0.001076 0.001254 0.001446 0.001666 0.001947 0.002279 0.002586 0.002756 0.002692 0.002357 0.001783 0.001041 0.000212 -0.000625 -0.001395 -0.002029 -0.002457 -0.002619 -0.002482 -0.002053 -0.001384 -0.000555 0.000344 0.001242 0.002097 0.002872 0.003476 0.003767 0.003635 0.003057 0.002051 0.000630 -0.001093 -0.002815 -0.004164 -0.004925 -0.005129 -0.004964 -0.004643 -0.004313 -0.004029 -0.003770 -0.003481 -0.003106 -0.002601 -0.001940 -0.001123 -0.000184 0.000793 0.001672 0.002296 0.002544 0.002414 0.002029 0.001573 0.001195 0.000961 0.000862 0.000847 0.000862 0.000872 0.000870 0.000880 0.000999 0.001309 0.001667 0.001997 0.002275 0.002525 0.002752 0.002909 0.002920 0.002717 0.002271 0.001606 0.000781 -0.000130 -0.001050 -0.001904 -0.002620 -0.003116 -0.003313 -0.003158 -0.002648 -0.001847 -0.000852 0.000226 0.001285 0.002260 0.003119 0.003807 0.004206 0.004191 0.003706 0.002746 0.001316 -0.000480 -0.002338 -0.003853 -0.004770 -0.005102 -0.005039 -0.004805 -0.004548 -0.004320 -0.004102 -0.003843 -0.003493 -0.003014 -0.002378 -0.001579 -0.000639 0.000377 0.001351 0.002129 0.002577 0.002651 0.002424 0.002038 0.001632 0.001291 0.001039 0.000868 0.000761 0.000706 0.000710 0.000798 0.000916 0.001344 0.001851 0.002324 0.002689 0.002944 0.003102 0.003142 0.003017 0.002685 0.002133 0.001384 0.000493 -0.000471 -0.001436 -0.002334 -0.003094 -0.003635 -0.003860 -0.003689 -0.003109 -0.002193 -0.001062 0.000158 0.001355 0.002443 0.003380 0.004127 0.004597 0.004675 0.004282 0.003389 0.001989 0.000167 -0.001779 -0.003423 -0.004476 -0.004938 -0.005005 -0.004901 -0.004763 -0.004626 -0.004461 -0.004223 -0.003876 -0.003396 -0.002769 -0.001986 -0.001057 -0.000029 0.001004 0.001905 0.002534 0.002814 0.002763 0.002481 0.002086 0.001670 0.001289 0.000969 0.000727 0.000578 0.000541 0.000645 0.000801 0.001270 0.001865 0.002451 0.002909 0.003191 0.003305 0.003252 0.003015 0.002572 0.001927 0.001112 0.000180 -0.000803 -0.001771 -0.002666 -0.003428 -0.003981 -0.004219 -0.004033 -0.003390 -0.002376 -0.001143 0.000170 0.001452 0.002619 0.003618 0.004412 0.004936 0.005087 0.004781 0.003972 0.002635 0.000833 -0.001148 -0.002870 -0.004026 -0.004612 -0.004834 -0.004909 -0.004946 -0.004947 -0.004865 -0.004655 -0.004300 -0.003799 -0.003159 -0.002384 -0.001475 -0.000460 0.000596 0.001579 0.002357 0.002828 0.002967 0.002825 0.002493 0.002061 0.001601 0.001169 0.000809 0.000561 0.000457 0.000528 0.000760 0.001204 0.001811 0.002451 0.002976 0.003289 0.003373 0.003242 0.002905 0.002367 0.001648 0.000789 -0.000153 -0.001116 -0.002043 -0.002889 -0.003610 -0.004141 -0.004371 -0.004164 -0.003468 -0.002379 -0.001080 0.000272 0.001578 0.002771 0.003801 0.004630 0.005201 0.005422 0.005207 0.004498 0.003253 0.001511 -0.000454 -0.002199 -0.003418 -0.004123 -0.004526 -0.004828 -0.005094 -0.005281 -0.005317 -0.005155 -0.004791 -0.004256 -0.003585 -0.002803 -0.001917 -0.000935 0.000105 0.001121 0.002000 0.002633 0.002961 0.002991 0.002778 0.002399 0.001933 0.001450 0.001018 0.000692 0.000519 0.000533 0.000858 0.001236 0.001794 0.002423 0.002964 0.003287 0.003342 0.003140 0.002710 0.002085 0.001306 0.000426 -0.000495 -0.001399 -0.002244 -0.003001 -0.003647 -0.004126 -0.004320 -0.004077 -0.003334 -0.002201 -0.000885 0.000448 0.001718 0.002882 0.003909 0.004760 0.005378 0.005675 0.005563 0.004972 0.003840 0.002189 0.000286 -0.001431 -0.002681 -0.003503 -0.004115 -0.004684 -0.005217 -0.005624 -0.005803 -0.005706 -0.005343 -0.004770 -0.004057 -0.003255 -0.002385 -0.001449 -0.000459 0.000540 0.001461 0.002208 0.002703 0.002916 0.002867 0.002611 0.002218 0.001764 0.001324 0.000966 0.000743 0.000697 0.001098 0.001397 0.001879 0.002449 0.002954 0.003250 0.003258 0.002981 0.002461 0.001756 0.000929 0.000049 -0.000821 -0.001633 -0.002363 -0.003006 -0.003552 -0.003954 -0.004087 -0.003787 -0.002999 -0.001858 -0.000584 0.000667 0.001842 0.002934 0.003930 0.004793 0.005463 0.005848 0.005855 0.005398 0.004391 0.002846 0.001037 -0.000615 -0.001879 -0.002828 -0.003673 -0.004527 -0.005336 -0.005962 -0.006287 -0.006262 -0.005909 -0.005307 -0.004553 -0.003727 -0.002868 -0.001981 -0.001060 -0.000120 0.000789 0.001589 0.002206 0.002588 0.002724 0.002641 0.002390 0.002041 0.001667 0.001336 0.001100 0.001006 0.001442 0.001667 0.002072 0.002566 0.003002 0.003230 0.003163 0.002796 0.002184 0.001406 0.000550 -0.000305 -0.001096 -0.001791 -0.002390 -0.002907 -0.003344 -0.003653 -0.003699 -0.003324 -0.002497 -0.001385 -0.000213 0.000894 0.001927 0.002915 0.003864 0.004739 0.005469 0.005956 0.006094 0.005771 0.004878 0.003442 0.001750 0.000181 -0.001099 -0.002192 -0.003277 -0.004403 -0.005456 -0.006268 -0.006714 -0.006756 -0.006426 -0.005814 -0.005035 -0.004192 -0.003344 -0.002504 -0.001659 -0.000801 0.000052 0.000852 0.001536 0.002049 0.002361 0.002471 0.002407 0.002222 0.001977 0.001729 0.001523 0.001408 0.001827 0.002003 0.002347 0.002769 0.003119 0.003250 0.003079 0.002606 0.001901 0.001065 0.000204 -0.000597 -0.001286 -0.001854 -0.002322 -0.002718 -0.003047 -0.003252 -0.003194 -0.002732 -0.001877 -0.000832 0.000189 0.001107 0.001967 0.002837 0.003736 0.004627 0.005425 0.006017 0.006276 0.006060 0.005257 0.003928 0.002365 0.000879 -0.000431 -0.001674 -0.002975 -0.004321 -0.005552 -0.006491 -0.007024 -0.007124 -0.006832 -0.006239 -0.005465 -0.004623 -0.003789 -0.002990 -0.002216 -0.001447 -0.000675 0.000081 0.000780 0.001376 0.001830 0.002123 0.002261 0.002270 0.002193 0.002068 0.001929 0.001824 0.002194 0.002359 0.002672 0.003033 0.003289 0.003302 0.003003 0.002414 0.001625 0.000758 -0.000076 -0.000796 -0.001374 -0.001822 -0.002175 -0.002465 -0.002692 -0.002789 -0.002617 -0.002066 -0.001199 -0.000245 0.000601 0.001312 0.001991 0.002738 0.003587 0.004490 0.005348 0.006024 0.006364 0.006211 0.005477 0.004261 0.002828 0.001410 0.000057 -0.001316 -0.002776 -0.004258 -0.005585 -0.006585 -0.007166 -0.007316 -0.007080 -0.006541 -0.005808 -0.004992 -0.004177 -0.003411 -0.002695 -0.002009 -0.001328 -0.000645 0.000026 0.000654 0.001204 0.001647 0.001969 0.002172 0.002272 0.002288 0.002240 0.002180 0.002514 0.002714 0.003021 0.003324 0.003474 0.003349 0.002911 0.002212 0.001365 0.000503 -0.000269 -0.000894 -0.001367 -0.001716 -0.001980 -0.002185 -0.002320 -0.002309 -0.002025 -0.001393 -0.000524 0.000337 0.001019 0.001540 0.002048 0.002674 0.003460 0.004353 0.005233 0.005943 0.006309 0.006183 0.005511 0.004411 0.003096 0.001726 0.000335 -0.001122 -0.002659 -0.004184 -0.005523 -0.006524 -0.007116 -0.007305 -0.007140 -0.006689 -0.006037 -0.005274 -0.004488 -0.003744 -0.003068 -0.002449 -0.001857 -0.001264 -0.000656 -0.000042 0.000554 0.001100 0.001567 0.001936 0.002199 0.002353 0.002413 0.002437 0.002796 0.003061 0.003368 0.003601 0.003623 0.003347 0.002775 0.001993 0.001131 0.000315 -0.000373 -0.000905 -0.001294 -0.001575 -0.001779 -0.001922 -0.001979 -0.001870 -0.001483 -0.000785 0.000088 0.000884 0.001448 0.001825 0.002188 0.002689 0.003382 0.004216 0.005059 0.005741 0.006088 0.005968 0.005361 0.004368 0.003146 0.001814 0.000412 -0.001065 -0.002594 -0.004076 -0.005359 -0.006310 -0.006880 -0.007095 -0.007011 -0.006675 -0.006137 -0.005455 -0.004709 -0.003979 -0.003322 -0.002751 -0.002240 -0.001742 -0.001219 -0.000654 -0.000058 0.000541 0.001106 0.001601 0.001998 0.002282 0.002468 0.002613 0.003064 0.003390 0.003677 0.003810 0.003684 0.003260 0.002583 0.001766 0.000938 0.000199 -0.000401 -0.000857 -0.001193 -0.001439 -0.001616 -0.001724 -0.001721 -0.001529 -0.001059 -0.000307 0.000578 0.001356 0.001873 0.002173 0.002428 0.002803 0.003367 0.004082 0.004823 0.005422 0.005715 0.005592 0.005041 0.004135 0.002990 0.001702 0.000329 -0.001101 -0.002549 -0.003924 -0.005098 -0.005961 -0.006485 -0.006717 -0.006717 -0.006514 -0.006114 -0.005536 -0.004841 -0.004123 -0.003469 -0.002925 -0.002476 -0.002067 -0.001636 -0.001142 -0.000579 0.000033 0.000652 0.001234 0.001739 0.002148 0.002473 0.002762 0.003318 0.003668 0.003894 0.003900 0.003626 0.003084 0.002355 0.001558 0.000800 0.000148 -0.000376 -0.000783 -0.001100 -0.001350 -0.001537 -0.001637 -0.001594 -0.001336 -0.000805 -0.000016 0.000891 0.001694 0.002239 0.002539 0.002740 0.003005 0.003419 0.003969 0.004552 0.005023 0.005236 0.005096 0.004584 0.003749 0.002677 0.001457 0.000158 -0.001174 -0.002493 -0.003721 -0.004755 -0.005507 -0.005972 -0.006216 -0.006303 -0.006239 -0.005989 -0.005529 -0.004898 -0.004193 -0.003531 -0.002991 -0.002579 -0.002239 -0.001891 -0.001473 -0.000960 -0.000362 0.000280 0.000920 0.001514 0.002038 0.002499 0.002920 0.003534 0.003857 0.003986 0.003859 0.003464 0.002854 0.002127 0.001387 0.000713 0.000142 -0.000323 -0.000710 -0.001046 -0.001343 -0.001575 -0.001692 -0.001627 -0.001323 -0.000750 0.000059 0.000984 0.001834 0.002457 0.002826 0.003040 0.003239 0.003518 0.003889 0.004289 0.004603 0.004714 0.004539 0.004051 0.003281 0.002295 0.001174 -0.000015 -0.001219 -0.002390 -0.003462 -0.004345 -0.004979 -0.005384 -0.005644 -0.005819 -0.005892 -0.005788 -0.005447 -0.004886 -0.004201 -0.003527 -0.002972 -0.002569 -0.002268 -0.001982 -0.001629 -0.001167 -0.000596 0.000053 0.000731 0.001393 0.002011 0.002577 0.003091 0.003690 0.003943 0.003960 0.003717 0.003243 0.002613 0.001920 0.001251 0.000660 0.000163 -0.000263 -0.000660 -0.001057 -0.001439 -0.001746 -0.001899 -0.001826 -0.001489 -0.000887 -0.000070 0.000858 0.001745 0.002453 0.002924 0.003204 0.003396 0.003589 0.003815 0.004046 0.004208 0.004214 0.003997 0.003530 0.002831 0.001952 0.000957 -0.000099 -0.001170 -0.002206 -0.003135 -0.003879 -0.004403 -0.004759 -0.005045 -0.005313 -0.005514 -0.005537 -0.005300 -0.004806 -0.004147 -0.003465 -0.002887 -0.002469 -0.002178 -0.001924 -0.001615 -0.001195 -0.000651 -0.000006 0.000696 0.001405 0.002085 0.002711 0.003260 0.003791 0.003948 0.003856 0.003522 0.003000 0.002371 0.001724 0.001129 0.000622 0.000194 -0.000211 -0.000651 -0.001145 -0.001643 -0.002044 -0.002243 -0.002168 -0.001801 -0.001172 -0.000350 0.000567 0.001462 0.002220 0.002776 0.003138 0.003365 0.003528 0.003669 0.003784 0.003834 0.003764 0.003527 0.003099 0.002492 0.001742 0.000893 -0.000024 -0.000980 -0.001914 -0.002734 -0.003362 -0.003795 -0.004122 -0.004453 -0.004820 -0.005136 -0.005260 -0.005098 -0.004653 -0.004020 -0.003339 -0.002744 -0.002303 -0.001999 -0.001750 -0.001464 -0.001074 -0.000551 0.000091 0.000809 0.001545 0.002251 0.002889 0.003420 0.003858 0.003906 0.003708 0.003294 0.002732 0.002110 0.001513 0.001000 0.000586 0.000220 -0.000183 -0.000694 -0.001310 -0.001939 -0.002439 -0.002683 -0.002605 -0.002207 -0.001547 -0.000714 0.000191 0.001070 0.001834 0.002428 0.002842 0.003107 0.003273 0.003379 0.003439 0.003438 0.003346 0.003133 0.002782 0.002300 0.001707 0.001019 0.000230 -0.000641 -0.001512 -0.002256 -0.002796 -0.003165 -0.003490 -0.003887 -0.004358 -0.004775 -0.004971 -0.004850 -0.004430 -0.003816 -0.003146 -0.002547 -0.002088 -0.001762 -0.001502 -0.001222 -0.000849 -0.000342 0.000299 0.001031 0.001783 0.002490 0.003103 0.003576 0.003901 0.003827 0.003516 0.003018 0.002416 0.001806 0.001271 0.000856 0.000538 0.000229 -0.000188 -0.000782 -0.001523 -0.002278 -0.002870 -0.003157 -0.003076 -0.002649 -0.001957 -0.001108 -0.000208 0.000648 0.001392 0.001980 0.002403 0.002679 0.002847 0.002940 0.002983 0.002978 0.002914 0.002775 0.002547 0.002230 0.001823 0.001301 0.000624 -0.000194 -0.001027 -0.001715 -0.002186 -0.002520 -0.002875 -0.003359 -0.003935 -0.004433 -0.004671 -0.004561 -0.004145 -0.003542 -0.002891 -0.002303 -0.001836 -0.001488 -0.001207 -0.000924 -0.000567 -0.000076 0.000565 0.001314 0.002081 0.002778 0.003342 0.003730 0.003905 0.003692 0.003256 0.002670 0.002034 0.001451 0.000997 0.000689 0.000466 0.000207 -0.000221 -0.000884 -0.001727 -0.002585 -0.003256 -0.003585 -0.003513 -0.003073 -0.002363 -0.001501 -0.000605 0.000235 0.000952 0.001513 0.001914 0.002173 0.002324 0.002403 0.002440 0.002455 0.002451 0.002420 0.002352 0.002231 0.002025 0.001661 0.001071 0.000292 -0.000503 -0.001128 -0.001542 -0.001869 -0.002286 -0.002875 -0.003550 -0.004105 -0.004354 -0.004232 -0.003806 -0.003213 -0.002588 -0.002022 -0.001554 -0.001184 -0.000879 -0.000593 -0.000256 0.000209 0.000844 0.001608 0.002391 0.003074 0.003579 0.003865 0.003834 0.003472 0.002910 0.002244 0.001590 0.001051 0.000687 0.000483 0.000351 0.000147 -0.000270 -0.000960 -0.001857 -0.002778 -0.003511 -0.003892 -0.003854 -0.003432 -0.002727 -0.001870 -0.000983 -0.000161 0.000531 0.001062 0.001430 0.001655 0.001775 0.001830 0.001863 0.001904 0.001970 0.002064 0.002169 0.002250 0.002230 0.001999 0.001481 0.000756 0.000033 -0.000509 -0.000875 -0.001227 -0.001737 -0.002440 -0.003196 -0.003777 -0.004008 -0.003856 -0.003420 -0.002847 -0.002258 -0.001718 -0.001248 -0.000850 -0.000518 -0.000232 0.000073 0.000496 0.001107 0.001874 0.002664 0.003327 0.003765 0.003937 0.003653 0.003151 0.002477 0.001752 0.001097 0.000610 0.000328 0.000215 0.000167 0.000032 -0.000332 -0.000986 -0.001868 -0.002801 -0.003575 -0.004019 -0.004050 -0.003682 -0.003016 -0.002188 -0.001325 -0.000527 0.000138 0.000640 0.000974 0.001164 0.001249 0.001278 0.001301 0.001364 0.001496 0.001704 0.001968 0.002224 0.002358 0.002235 0.001803 0.001179 0.000577 0.000134 -0.000206 -0.000619 -0.001245 -0.002057 -0.002865 -0.003432 -0.003614 -0.003425 -0.002989 -0.002454 -0.001915 -0.001402 -0.000921 -0.000486 -0.000126 0.000154 0.000416 0.000780 0.001343 0.002083 0.002855 0.003482 0.003845 0.003900 0.003344 0.002726 0.001971 0.001212 0.000570 0.000128 -0.000092 -0.000135 -0.000109 -0.000158 -0.000421 -0.000968 -0.001757 -0.002640 -0.003425 -0.003938 -0.004067 -0.003796 -0.003205 -0.002430 -0.001609 -0.000846 -0.000211 0.000262 0.000568 0.000728 0.000782 0.000784 0.000791 0.000859 0.001033 0.001326 0.001711 0.002102 0.002362 0.002356 0.002056 0.001590 0.001140 0.000786 0.000437 -0.000072 -0.000824 -0.001724 -0.002540 -0.003046 -0.003152 -0.002923 -0.002509 -0.002039 -0.001566 -0.001081 -0.000582 -0.000109 0.000276 0.000548 0.000765 0.001061 0.001551 0.002225 0.002938 0.003498 0.003774 0.003716 0.002901 0.002206 0.001411 0.000647 0.000028 -0.000380 -0.000565 -0.000568 -0.000483 -0.000437 -0.000562 -0.000939 -0.001561 -0.002326 -0.003078 -0.003648 -0.003895 -0.003757 -0.003279 -0.002588 -0.001827 -0.001110 -0.000509 -0.000062 0.000221 0.000360 0.000391 0.000367 0.000349 0.000403 0.000584 0.000920 0.001384 0.001884 0.002271 0.002417 0.002300 0.002025 0.001721 0.001419 0.001019 0.000391 -0.000479 -0.001426 -0.002195 -0.002593 -0.002597 -0.002335 -0.001970 -0.001596 -0.001206 -0.000757 -0.000253 0.000241 0.000638 0.000901 0.001085 0.001320 0.001723 0.002294 0.002899 0.003358 0.003532 0.003371 0.002344 0.001621 0.000830 0.000094 -0.000492 -0.000879 -0.001057 -0.001055 -0.000937 -0.000805 -0.000775 -0.000942 -0.001339 -0.001922 -0.002584 -0.003177 -0.003541 -0.003562 -0.003237 -0.002666 -0.001989 -0.001329 -0.000767 -0.000346 -0.000077 0.000052 0.000072 0.000031 -0.000010 0.000018 0.000182 0.000524 0.001034 0.001628 0.002159 0.002493 0.002585 0.002492 0.002296 0.001999 0.001512 0.000759 -0.000199 -0.001140 -0.001801 -0.002043 -0.001929 -0.001646 -0.001358 -0.001107 -0.000825 -0.000442 0.000027 0.000499 0.000881 0.001136 0.001307 0.001504 0.001825 0.002271 0.002737 0.003064 0.003126 0.002876 0.001730 0.001029 0.000288 -0.000394 -0.000948 -0.001334 -0.001537 -0.001562 -0.001441 -0.001244 -0.001066 -0.001011 -0.001150 -0.001498 -0.002011 -0.002576 -0.003032 -0.003222 -0.003084 -0.002673 -0.002113 -0.001530 -0.001016 -0.000619 -0.000359 -0.000229 -0.000203 -0.000240 -0.000282 -0.000264 -0.000115 0.000220 0.000755 0.001431 0.002110 0.002638 0.002924 0.002975 0.002836 0.002500 0.001908 0.001044 0.000041 -0.000833 -0.001328 -0.001377 -0.001135 -0.000844 -0.000657 -0.000554 -0.000415 -0.000154 0.000210 0.000596 0.000927 0.001168 0.001345 0.001530 0.001787 0.002118 0.002440 0.002631 0.002590 0.002279 0.001135 0.000503 -0.000160 -0.000783 -0.001318 -0.001730 -0.001989 -0.002070 -0.001973 -0.001732 -0.001426 -0.001159 -0.001034 -0.001120 -0.001433 -0.001912 -0.002412 -0.002755 -0.002823 -0.002612 -0.002211 -0.001738 -0.001288 -0.000923 -0.000669 -0.000527 -0.000476 -0.000480 -0.000486 -0.000433 -0.000259 0.000091 0.000649 0.001389 0.002192 0.002883 0.003319 0.003460 0.003325 0.002919 0.002219 0.001272 0.000275 -0.000477 -0.000761 -0.000592 -0.000217 0.000071 0.000141 0.000069 0.000019 0.000089 0.000269 0.000505 0.000742 0.000950 0.001133 0.001321 0.001542 0.001788 0.001998 0.002085 0.001978 0.001650 0.000599 0.000061 -0.000518 -0.001092 -0.001626 -0.002079 -0.002407 -0.002560 -0.002505 -0.002246 -0.001838 -0.001384 -0.001009 -0.000829 -0.000914 -0.001255 -0.001741 -0.002194 -0.002457 -0.002471 -0.002273 -0.001953 -0.001601 -0.001285 -0.001042 -0.000882 -0.000791 -0.000734 -0.000662 -0.000518 -0.000254 0.000168 0.000777 0.001569 0.002455 0.003252 0.003777 0.003946 0.003770 0.003272 0.002474 0.001479 0.000534 -0.000053 -0.000099 0.000299 0.000803 0.001080 0.001022 0.000753 0.000467 0.000282 0.000218 0.000254 0.000359 0.000505 0.000672 0.000859 0.001064 0.001264 0.001413 0.001452 0.001332 0.001040 0.000090 -0.000352 -0.000855 -0.001389 -0.001920 -0.002402 -0.002781 -0.002993 -0.002987 -0.002735 -0.002263 -0.001662 -0.001071 -0.000645 -0.000497 -0.000669 -0.001088 -0.001593 -0.002011 -0.002240 -0.002268 -0.002141 -0.001929 -0.001695 -0.001482 -0.001309 -0.001170 -0.001035 -0.000853 -0.000572 -0.000153 0.000413 0.001126 0.001981 0.002916 0.003759 0.004305 0.004446 0.004192 0.003591 0.002708 0.001697 0.000838 0.000440 0.000641 0.001261 0.001884 0.002144 0.001952 0.001467 0.000914 0.000439 0.000102 -0.000084 -0.000136 -0.000085 0.000036 0.000203 0.000392 0.000574 0.000706 0.000747 0.000661 0.000437 -0.000464 -0.000819 -0.001251 -0.001735 -0.002234 -0.002703 -0.003086 -0.003324 -0.003355 -0.003131 -0.002641 -0.001950 -0.001199 -0.000567 -0.000208 -0.000203 -0.000519 -0.001019 -0.001532 -0.001933 -0.002171 -0.002251 -0.002210 -0.002094 -0.001943 -0.001780 -0.001605 -0.001389 -0.001084 -0.000637 -0.000020 0.000749 0.001624 0.002573 0.003545 0.004388 0.004901 0.004969 0.004610 0.003902 0.002950 0.001945 0.001192 0.000989 0.001426 0.002245 0.002965 0.003200 0.002874 0.002171 0.001343 0.000576 -0.000031 -0.000439 -0.000658 -0.000724 -0.000678 -0.000556 -0.000393 -0.000224 -0.000089 -0.000024 -0.000059 -0.000206 -0.001103 -0.001376 -0.001727 -0.002132 -0.002556 -0.002958 -0.003297 -0.003525 -0.003579 -0.003392 -0.002921 -0.002200 -0.001356 -0.000578 -0.000050 0.000116 -0.000082 -0.000533 -0.001082 -0.001596 -0.001995 -0.002254 -0.002382 -0.002403 -0.002344 -0.002224 -0.002042 -0.001767 -0.001347 -0.000729 0.000102 0.001099 0.002174 0.003251 0.004267 0.005091 0.005539 0.005508 0.005034 0.004223 0.003213 0.002228 0.001585 0.001569 0.002210 0.003187 0.003974 0.004175 0.003723 0.002816 0.001733 0.000696 -0.000157 -0.000770 -0.001151 -0.001342 -0.001389 -0.001336 -0.001217 -0.001072 -0.000937 -0.000850 -0.000839 -0.000922 -0.001809 -0.001997 -0.002248 -0.002541 -0.002849 -0.003147 -0.003410 -0.003607 -0.003675 -0.003526 -0.003093 -0.002384 -0.001509 -0.000652 -0.000011 0.000282 0.000199 -0.000178 -0.000715 -0.001278 -0.001774 -0.002156 -0.002415 -0.002562 -0.002609 -0.002563 -0.002411 -0.002110 -0.001597 -0.000823 0.000210 0.001426 0.002702 0.003921 0.004995 0.005798 0.006173 0.006040 0.005457 0.004555 0.003498 0.002536 0.001999 0.002144 0.002943 0.004021 0.004836 0.004994 0.004433 0.003358 0.002061 0.000799 -0.000261 -0.001051 -0.001578 -0.001892 -0.002046 -0.002080 -0.002027 -0.001923 -0.001804 -0.001708 -0.001666 -0.001697 -0.002541 -0.002642 -0.002781 -0.002944 -0.003116 -0.003290 -0.003464 -0.003618 -0.003687 -0.003568 -0.003175 -0.002498 -0.001634 -0.000759 -0.000064 0.000313 0.000326 0.000032 -0.000456 -0.001013 -0.001536 -0.001971 -0.002307 -0.002550 -0.002701 -0.002747 -0.002654 -0.002354 -0.001773 -0.000869 0.000330 0.001724 0.003166 0.004514 0.005649 0.006440 0.006751 0.006533 0.005864 0.004887 0.003792 0.002855 0.002409 0.002675 0.003569 0.004685 0.005486 0.005595 0.004955 0.003763 0.002317 0.000891 -0.000325 -0.001253 -0.001903 -0.002332 -0.002596 -0.002733 -0.002765 -0.002722 -0.002638 -0.002553 -0.002498 -0.002491 -0.003266 -0.003294 -0.003330 -0.003367 -0.003404 -0.003453 -0.003528 -0.003619 -0.003662 -0.003547 -0.003178 -0.002540 -0.001719 -0.000873 -0.000177 0.000238 0.000322 0.000109 -0.000306 -0.000807 -0.001291 -0.001708 -0.002063 -0.002369 -0.002615 -0.002761 -0.002737 -0.002448 -0.001814 -0.000815 0.000495 0.002002 0.003553 0.004992 0.006176 0.006963 0.007231 0.006957 0.006230 0.005202 0.004081 0.003168 0.002790 0.003123 0.004039 0.005125 0.005876 0.005942 0.005264 0.004021 0.002502 0.000986 -0.000329 -0.001353 -0.002100 -0.002631 -0.003004 -0.003248 -0.003376 -0.003409 -0.003379 -0.003326 -0.003280 -0.003259 -0.003964 -0.003949 -0.003911 -0.003844 -0.003760 -0.003684 -0.003646 -0.003645 -0.003622 -0.003473 -0.003108 -0.002510 -0.001755 -0.000978 -0.000325 0.000090 0.000219 0.000082 -0.000241 -0.000641 -0.001024 -0.001363 -0.001693 -0.002039 -0.002370 -0.002609 -0.002643 -0.002356 -0.001682 -0.000632 0.000721 0.002266 0.003860 0.005344 0.006555 0.007339 0.007586 0.007287 0.006535 0.005482 0.004356 0.003465 0.003118 0.003449 0.004311 0.005310 0.005988 0.006025 0.005358 0.004138 0.002626 0.001092 -0.000263 -0.001346 -0.002167 -0.002787 -0.003262 -0.003611 -0.003836 -0.003950 -0.003986 -0.003984 -0.003974 -0.003968 -0.004617 -0.004593 -0.004513 -0.004369 -0.004178 -0.003978 -0.003810 -0.003686 -0.003562 -0.003351 -0.002976 -0.002425 -0.001757 -0.001075 -0.000494 -0.000104 0.000054 -0.000006 -0.000215 -0.000472 -0.000705 -0.000929 -0.001215 -0.001590 -0.001993 -0.002300 -0.002365 -0.002068 -0.001371 -0.000320 0.001008 0.002523 0.004100 0.005580 0.006787 0.007562 0.007804 0.007510 0.006764 0.005720 0.004609 0.003733 0.003369 0.003627 0.004366 0.005236 0.005831 0.005865 0.005260 0.004129 0.002697 0.001209 -0.000142 -0.001256 -0.002136 -0.002835 -0.003403 -0.003848 -0.004164 -0.004359 -0.004466 -0.004526 -0.004568 -0.004602 -0.005196 -0.005184 -0.005084 -0.004885 -0.004602 -0.004279 -0.003971 -0.003709 -0.003470 -0.003192 -0.002817 -0.002329 -0.001765 -0.001193 -0.000691 -0.000326 -0.000134 -0.000101 -0.000167 -0.000246 -0.000305 -0.000406 -0.000651 -0.001054 -0.001510 -0.001853 -0.001918 -0.001601 -0.000904 0.000102 0.001350 0.002780 0.004287 0.005715 0.006885 0.007640 0.007885 0.007617 0.006909 0.005905 0.004826 0.003950 0.003524 0.003651 0.004219 0.004934 0.005451 0.005507 0.005006 0.004017 0.002717 0.001318 0.000001 -0.001128 -0.002059 -0.002832 -0.003484 -0.004015 -0.004413 -0.004682 -0.004853 -0.004971 -0.005067 -0.005148 -0.005663 -0.005665 -0.005554 -0.005312 -0.004948 -0.004511 -0.004070 -0.003678 -0.003343 -0.003028 -0.002684 -0.002288 -0.001842 -0.001376 -0.000934 -0.000566 -0.000303 -0.000141 -0.000032 0.000083 0.000194 0.000193 -0.000033 -0.000464 -0.000949 -0.001296 -0.001337 -0.000999 -0.000322 0.000608 0.001741 0.003045 0.004436 0.005767 0.006865 0.007584 0.007833 0.007603 0.006953 0.006011 0.004972 0.004083 0.003568 0.003535 0.003912 0.004468 0.004915 0.005011 0.004640 0.003823 0.002684 0.001397 0.000130 -0.001009 -0.001989 -0.002831 -0.003558 -0.004164 -0.004631 -0.004958 -0.005179 -0.005338 -0.005472 -0.005587
SCALARS p float 1
LOOKUP_TABLE default
0.017607 -0.009158 -0.043141 -0.080960 -0.116512 -0.142726 -0.155495 -0.156324 -0.150026 -0.140311 -0.128966 -0.117572 -0.107620 -0.099631 -0.093383 -0.089064 -0.088271 -0.094014 -0.107862 -0.122418 -0.120015 -0.092588 -0.058107 -0.041140 -0.049724 -0.080191 -0.123483 -0.163458 -0.188635 -0.205715 -0.225516 -0.243167 -0.246725 -0.230686 -0.194788 -0.142833 -0.082252 -0.020761 0.034794 0.076908 0.097558 0.091816 0.063462 0.026191 -0.002671 -0.010217 0.007021 0.043299 0.087928 0.129732 0.159990 0.174257 0.173580 0.164230 0.153829 0.145440 0.136297 0.122697 0.104682 0.085982 0.070499 0.059082 0.049123 0.036474 -0.000255 -0.025159 -0.057642 -0.095095 -0.131514 -0.158379 -0.169327 -0.164537 -0.149519 -0.131017 -0.115092 -0.106196 -0.105578 -0.110940 -0.118236 -0.124233 -0.128391 -0.133138 -0.140210 -0.142194 -0.123747 -0.083654 -0.044770 -0.028744 -0.037832 -0.065422 -0.102264 -0.133153 -0.147700 -0.154036 -0.165201 -0.177472 -0.178643 -0.164123 -0.134100 -0.089952 -0.035966 0.021732 0.076444 0.120471 0.145669 0.146682 0.125197 0.090666 0.056830 0.036909 0.038321 0.059796 0.093596 0.129944 0.160084 0.178023 0.182069 0.175651 0.164892 0.153185 0.139070 0.119950 0.096457 0.072779 0.053382 0.039611 0.028987 0.017051 -0.032134 -0.055036 -0.083590 -0.115917 -0.146969 -0.167920 -0.171115 -0.156468 -0.131541 -0.107022 -0.092649 -0.093829 -0.109597 -0.133509 -0.156913 -0.172745 -0.178348 -0.176190 -0.169571 -0.153674 -0.118431 -0.069311 -0.030068 -0.016326 -0.024940 -0.048292 -0.078741 -0.102899 -0.110247 -0.107362 -0.108291 -0.112396 -0.108270 -0.091563 -0.064006 -0.026675 0.018546 0.067479 0.114310 0.152166 0.174246 0.176259 0.158752 0.127202 0.090758 0.060864 0.047871 0.055989 0.081357 0.115109 0.147643 0.171154 0.181218 0.178353 0.166966 0.150551 0.129140 0.102276 0.072516 0.044890 0.023456 0.008617 -0.002770 -0.015190 -0.067114 -0.089529 -0.113817 -0.138687 -0.160520 -0.171037 -0.162340 -0.135308 -0.100601 -0.072727 -0.063551 -0.077831 -0.111798 -0.154919 -0.194175 -0.218899 -0.224361 -0.213036 -0.190349 -0.155987 -0.106870 -0.053507 -0.016901 -0.005528 -0.012416 -0.030587 -0.054997 -0.074728 -0.078880 -0.070553 -0.062883 -0.059270 -0.050767 -0.032070 -0.005444 0.026466 0.062011 0.098562 0.132149 0.158073 0.171973 0.171239 0.155884 0.128284 0.093106 0.058227 0.034150 0.029660 0.046546 0.078690 0.115840 0.147628 0.166204 0.168827 0.157934 0.136851 0.107483 0.072939 0.039075 0.011574 -0.007653 -0.021042 -0.033200 -0.048060 -0.098530 -0.121477 -0.141324 -0.157762 -0.168867 -0.167244 -0.145353 -0.105650 -0.061914 -0.031536 -0.027575 -0.054305 -0.105548 -0.166513 -0.219914 -0.252191 -0.257151 -0.237295 -0.200196 -0.150805 -0.093057 -0.040083 -0.007800 0.001882 -0.002122 -0.014458 -0.032863 -0.049167 -0.052662 -0.042783 -0.030055 -0.021220 -0.011575 0.004726 0.027059 0.052248 0.077955 0.102164 0.122513 0.136463 0.141863 0.137541 0.123359 0.099802 0.068385 0.033602 0.004200 -0.009244 -0.000089 0.029898 0.071420 0.111819 0.139461 0.148166 0.138234 0.112737 0.076279 0.037071 0.004616 -0.016597 -0.029389 -0.040337 -0.054967 -0.075063 -0.125064 -0.147675 -0.162041 -0.169608 -0.170157 -0.157045 -0.123089 -0.072021 -0.020010 0.013070 0.012189 -0.027217 -0.095581 -0.172495 -0.236644 -0.273178 -0.276160 -0.248897 -0.201002 -0.142129 -0.081597 -0.032634 -0.005210 0.003774 0.003500 -0.002693 -0.014931 -0.027554 -0.030571 -0.020548 -0.004723 0.008499 0.019024 0.031306 0.046694 0.063298 0.078855 0.091568 0.099955 0.102911 0.099905 0.090962 0.076153 0.055025 0.027331 -0.004537 -0.033661 -0.049863 -0.044449 -0.015827 0.028487 0.074676 0.108299 0.120554 0.109977 0.079930 0.039128 0.001684 -0.021309 -0.030547 -0.035987 -0.047434 -0.068552 -0.096597 -0.145443 -0.165368 -0.173225 -0.172453 -0.164072 -0.141883 -0.098787 -0.039075 0.019310 0.053546 0.045843 -0.007681 -0.092173 -0.181439 -0.251418 -0.287621 -0.286094 -0.252190 -0.197564 -0.135127 -0.076968 -0.034274 -0.011369 -0.002107 0.001631 0.001229 -0.005066 -0.013562 -0.015224 -0.004552 0.014556 0.033671 0.048650 0.060747 0.071448 0.080102 0.085152 0.085378 0.080380 0.070688 0.057552 0.042243 0.025044 0.004798 -0.019719 -0.047016 -0.071309 -0.083813 -0.076477 -0.046961 -0.001794 0.045161 0.078786 0.089532 0.075364 0.041406 0.001902 -0.024606 -0.030597 -0.026515 -0.029083 -0.047025 -0.078181 -0.114190 -0.154743 -0.170555 -0.172781 -0.165904 -0.151509 -0.123875 -0.076002 -0.012114 0.048698 0.080930 0.065055 -0.000605 -0.096554 -0.193159 -0.264915 -0.297960 -0.290842 -0.251839 -0.194762 -0.134141 -0.082167 -0.046623 -0.027379 -0.017314 -0.010294 -0.006417 -0.008004 -0.012618 -0.012468 -0.000966 0.021026 0.046356 0.068284 0.084186 0.093587 0.095819 0.090151 0.076823 0.057552 0.035237 0.013006 -0.007120 -0.025314 -0.043646 -0.063785 -0.084285 -0.100059 -0.104222 -0.091089 -0.059796 -0.016929 0.024720 0.051760 0.055992 0.036575 0.002276 -0.027294 -0.033993 -0.020423 -0.008228 -0.015715 -0.044366 -0.084440 -0.124378 -0.146551 -0.160219 -0.160554 -0.151416 -0.134615 -0.105643 -0.058142 0.004314 0.062905 0.091258 0.069776 -0.001611 -0.102076 -0.201157 -0.272274 -0.301739 -0.290306 -0.249246 -0.194251 -0.139892 -0.096453 -0.068056 -0.051964 -0.041879 -0.033883 -0.028669 -0.027990 -0.029917 -0.028203 -0.016539 0.006164 0.034632 0.061244 0.080324 0.088867 0.085602 0.070903 0.047174 0.018601 -0.009951 -0.034511 -0.053478 -0.068140 -0.081301 -0.094465 -0.105951 -0.111562 -0.106701 -0.088560 -0.058320 -0.022523 0.008397 0.024465 0.020247 -0.002303 -0.029906 -0.040642 -0.023577 0.004839 0.016239 -0.001139 -0.038087 -0.080475 -0.118762 -0.118531 -0.135431 -0.139587 -0.132735 -0.116983 -0.090179 -0.047566 0.008414 0.061258 0.086107 0.064011 -0.005719 -0.104068 -0.201067 -0.269154 -0.294900 -0.281103 -0.241454 -0.192630 -0.147823 -0.114400 -0.093602 -0.081912 -0.074634 -0.069343 -0.066293 -0.066015 -0.066741 -0.063989 -0.052909 -0.031956 -0.004804 0.021491 0.040146 0.046884 0.040419 0.022365 -0.003231 -0.030990 -0.055722 -0.074019 -0.085388 -0.092054 -0.096958 -0.101278 -0.103629 -0.101243 -0.091636 -0.074011 -0.050430 -0.026215 -0.008564 -0.003735 -0.014086 -0.034210 -0.047516 -0.034870 0.002557 0.036801 0.041259 0.016269 -0.020611 -0.057340 -0.090969 -0.075274 -0.101864 -0.115799 -0.115673 -0.103762 -0.081041 -0.045566 0.001174 0.046590 0.069295 0.051140 -0.011030 -0.101760 -0.192204 -0.254131 -0.274937 -0.259658 -0.223769 -0.183956 -0.151062 -0.129360 -0.118189 -0.114071 -0.113340 -0.113786 -0.114650 -0.115577 -0.115406 -0.111635 -0.101320 -0.083323 -0.060149 -0.037356 -0.020881 -0.014577 -0.019225 -0.032740 -0.051068 -0.069372 -0.083320 -0.090431 -0.090977 -0.087501 -0.082925 -0.078767 -0.074826 -0.069898 -0.062631 -0.052452 -0.040460 -0.029699 -0.024324 -0.027782 -0.039819 -0.052025 -0.047274 -0.013530 0.035975 0.068667 0.066450 0.041243 0.013126 -0.013192 -0.042998 -0.025944 -0.067261 -0.095881 -0.106584 -0.100921 -0.082638 -0.053594 -0.015644 0.022679 0.044663 0.033458 -0.017109 -0.095937 -0.175886 -0.228471 -0.242435 -0.225308 -0.193976 -0.164593 -0.145226 -0.137061 -0.137912 -0.143985 -0.151347 -0.157075 -0.159857 -0.159753 -0.157080 -0.151271 -0.140889 -0.125103 -0.105333 -0.085290 -0.069237 -0.060079 -0.058485 -0.063018 -0.070703 -0.077738 -0.080481 -0.076784 -0.067018 -0.053798 -0.040510 -0.029931 -0.023611 -0.021608 -0.022569 -0.024531 -0.026250 -0.028201 -0.032449 -0.040854 -0.051243 -0.053449 -0.032576 0.015061 0.068463 0.097085 0.092636 0.073995 0.059145 0.043925 0.015430 0.020342 -0.037870 -0.084157 -0.109211 -0.112530 -0.098896 -0.073840 -0.041437 -0.007790 0.015135 0.012656 -0.023912 -0.087980 -0.154598 -0.195412 -0.200744 -0.180634 -0.153043 -0.133476 -0.127300 -0.132590 -0.145506 -0.161109 -0.174138 -0.181037 -0.181282 -0.176652 -0.169212 -0.159702 -0.147414 -0.131502 -0.112537 -0.092838 -0.075415 -0.062628 -0.055414 -0.053117 -0.053616 -0.053674 -0.049767 -0.039458 -0.022721 -0.002188 0.017849 0.032821 0.039179 0.035658 0.024023 0.008434 -0.006703 -0.019288 -0.030282 -0.041133 -0.048719 -0.042608 -0.011488 0.041862 0.094063 0.119754 0.117464 0.108222 0.106544 0.101005 0.072385 0.057986 -0.015869 -0.080063 -0.121546 -0.136924 -0.129616 -0.106962 -0.076156 -0.043395 -0.017261 -0.009858 -0.031477 -0.079585 -0.131522 -0.159256 -0.154544 -0.129481 -0.102533 -0.088747 -0.091733 -0.106944 -0.128797 -0.150708 -0.165768 -0.170375 -0.165618 -0.155089 -0.141997 -0.127743 -0.112083 -0.094394 -0.075036 -0.055703 -0.038682 -0.025825 -0.017896 -0.014345 -0.013365 -0.012106 -0.007202 0.004165 0.022821 0.046622 0.070721 0.088906 0.095504 0.087540 0.066535 0.038727 0.012282 -0.007775 -0.022047 -0.032964 -0.037855 -0.027154 0.007326 0.059783 0.108552 0.133475 0.135734 0.135241 0.144009 0.146602 0.118775 0.085834 0.000767 -0.078533 -0.136126 -0.165874 -0.167998 -0.148770 -0.117483 -0.082226 -0.050482 -0.032532 -0.039669 -0.072463 -0.110092 -0.124785 -0.109185 -0.076538 -0.044969 -0.029412 -0.033859 -0.052818 -0.079416 -0.105605 -0.122832 -0.127043 -0.120067 -0.106331 -0.089660 -0.072156 -0.054436 -0.036608 -0.019277 -0.003769 0.008438 0.016438 0.020260 0.020874 0.020000 0.019914 0.023235 0.032464 0.048994 0.071823 0.096832 0.117376 0.126155 0.117898 0.092371 0.056594 0.022597 -0.000850 -0.014248 -0.022515 -0.025060 -0.013768 0.017998 0.064823 0.109143 0.134854 0.142470 0.148747 0.164718 0.174574 0.150499 0.105417 0.015539 -0.073777 -0.144677 -0.189081 -0.203407 -0.190460 -0.159375 -0.120252 -0.081515 -0.053318 -0.047991 -0.068011 -0.093542 -0.096930 -0.070984 -0.028994 0.012176 0.037841 0.041240 0.025801 -0.001668 -0.032458 -0.056418 -0.067420 -0.065799 -0.055477 -0.040689 -0.024582 -0.009028 0.004909 0.016365 0.024483 0.028688 0.029020 0.026250 0.021790 0.017502 0.015433 0.017543 0.025456 0.040095 0.060993 0.085391 0.107836 0.120977 0.117654 0.094546 0.057232 0.020648 -0.001916 -0.010385 -0.013205 -0.013395 -0.004669 0.019674 0.057190 0.095709 0.122404 0.135361 0.146817 0.167550 0.184347 0.167687 0.118306 0.030107 -0.063316 -0.143070 -0.200045 -0.227226 -0.222901 -0.194044 -0.151740 -0.106379 -0.069745 -0.055554 -0.066938 -0.084187 -0.079912 -0.046562 0.003577 0.055536 0.095967 0.114955 0.110987 0.088339 0.054758 0.021057 -0.003531 -0.015469 -0.016296 -0.009873 -0.000196 0.009661 0.017695 0.022669 0.023819 0.020781 0.013702 0.003408 -0.008460 -0.019559 -0.027228 -0.029035 -0.023323 -0.009616 0.011176 0.036579 0.062289 0.082036 0.088061 0.073917 0.041953 0.008219 -0.009478 -0.009617 -0.004301 -0.001244 0.003433 0.017299 0.042311 0.072476 0.098406 0.115707 0.131409 0.155571 0.179033 0.172575 0.125247 0.043835 -0.048284 -0.131962 -0.197762 -0.235972 -0.240468 -0.215207 -0.171274 -0.121217 -0.079470 -0.061128 -0.068736 -0.082276 -0.075411 -0.040222 0.013019 0.071530 0.124389 0.160970 0.174895 0.165701 0.137747 0.100006 0.063309 0.035738 0.020161 0.014916 0.016228 0.020288 0.024104 0.025489 0.022797 0.014813 0.001009 -0.017968 -0.040046 -0.062090 -0.080577 -0.092158 -0.094170 -0.085295 -0.066132 -0.039254 -0.008858 0.019324 0.037424 0.036594 0.015527 -0.010303 -0.019599 -0.008777 0.007144 0.015409 0.016670 0.019069 0.029147 0.047433 0.068890 0.088005 0.106902 0.133788 0.163292 0.168016 0.126857 0.055618 -0.030795 -0.113822 -0.184175 -0.230090 -0.241616 -0.219849 -0.175682 -0.123688 -0.080900 -0.062969 -0.070779 -0.084358 -0.079954 -0.049943 -0.001652 0.054953 0.111647 0.159756 0.191320 0.201784 0.190751 0.162566 0.125883 0.090783 0.064689 0.049850 0.044168 0.043787 0.044788 0.043680 0.037473 0.023848 0.001783 -0.027593 -0.061023 -0.094413 -0.124033 -0.146655 -0.159272 -0.159416 -0.146183 -0.121045 -0.087776 -0.052071 -0.022213 -0.008772 -0.016053 -0.030264 -0.028484 -0.005171 0.022961 0.038522 0.038229 0.029907 0.024034 0.027440 0.040258 0.057723 0.078262 0.107268 0.141759 0.156895 0.123805 0.064785 -0.012378 -0.090727 -0.161555 -0.211573 -0.227565 -0.208264 -0.164823 -0.113612 -0.073135 -0.058088 -0.067180 -0.081781 -0.082625 -0.063491 -0.028436 0.016387 0.065690 0.113781 0.154266 0.181527 0.191894 0.184681 0.163353 0.135448 0.109786 0.092000 0.082452 0.078067 0.074928 0.069339 0.057850 0.037336 0.006326 -0.033088 -0.075755 -0.116566 -0.152429 -0.181569 -0.201918 -0.210680 -0.205442 -0.185745 -0.153905 -0.115057 -0.077649 -0.052929 -0.046845 -0.047920 -0.033975 0.001576 0.041473 0.064641 0.063719 0.045721 0.024460 0.012338 0.014490 0.028000 0.048997 0.079714 0.117934 0.141554 0.116386 0.070704 0.005716 -0.064315 -0.131840 -0.182725 -0.200993 -0.183169 -0.141023 -0.092313 -0.055220 -0.041975 -0.049552 -0.062444 -0.067218 -0.059954 -0.042175 -0.016167 0.015981 0.051708 0.087553 0.119543 0.143782 0.157117 0.158364 0.149822 0.137150 0.125932 0.117832 0.111036 0.103460 0.093713 0.079178 0.055044 0.018020 -0.028658 -0.076887 -0.120195 -0.156634 -0.186794 -0.210495 -0.225430 -0.228300 -0.216891 -0.191651 -0.156390 -0.118662 -0.088743 -0.072623 -0.061528 -0.036395 0.008945 0.057432 0.085585 0.082708 0.055397 0.020649 -0.004622 -0.011587 -0.001571 0.020146 0.052765 0.093584 0.123263 0.104313 0.072454 0.022038 -0.036318 -0.096914 -0.145796 -0.164993 -0.148334 -0.107669 -0.061575 -0.026379 -0.011163 -0.012424 -0.019008 -0.023153 -0.023253 -0.019668 -0.012332 -0.000957 0.014472 0.033433 0.054821 0.076993 0.097808 0.114951 0.126954 0.134350 0.138730 0.139883 0.136109 0.128187 0.119165 0.107684 0.085105 0.044862 -0.007425 -0.058942 -0.101186 -0.133498 -0.159502 -0.181920 -0.199940 -0.210219 -0.209349 -0.195917 -0.171651 -0.141782 -0.113906 -0.092797 -0.072565 -0.039040 0.012026 0.064112 0.092849 0.085729 0.049792 0.004908 -0.028966 -0.041128 -0.032241 -0.008574 0.026427 0.068841 0.102128 0.086907 0.068872 0.034825 -0.008865 -0.058967 -0.102947 -0.122240 -0.107294 -0.068190 -0.023692 0.011962 0.032347 0.040111 0.042037 0.041871 0.039931 0.036230 0.031527 0.026896 0.023428 0.022167 0.024114 0.030259 0.041476 0.058110 0.079386 0.103270 0.126439 0.143742 0.150594 0.149145 0.146978 0.143705 0.125539 0.082673 0.024634 -0.030065 -0.070285 -0.095912 -0.113445 -0.129403 -0.145935 -0.160992 -0.170852 -0.172460 -0.164834 -0.149636 -0.130563 -0.110291 -0.085444 -0.047356 0.005242 0.056446 0.082511 0.070809 0.029224 -0.020752 -0.058101 -0.071820 -0.062424 -0.036582 0.000304 0.042902 0.077486 0.063633 0.058853 0.042120 0.015416 -0.020860 -0.056588 -0.074695 -0.062570 -0.025827 0.017781 0.054933 0.080429 0.095321 0.102967 0.105093 0.102039 0.094447 0.083498 0.070488 0.056594 0.042810 0.030081 0.019696 0.013954 0.016510 0.031136 0.058787 0.095006 0.129765 0.152773 0.163930 0.173212 0.180974 0.168931 0.124619 0.060962 0.001437 -0.039489 -0.060363 -0.068874 -0.075081 -0.085201 -0.100044 -0.116954 -0.132146 -0.142251 -0.145158 -0.140176 -0.127005 -0.103340 -0.065045 -0.013983 0.034474 0.058175 0.045290 0.003836 -0.045243 -0.081933 -0.095800 -0.086899 -0.061266 -0.025146 0.015176 0.048752 0.035088 0.041941 0.042124 0.033571 0.013675 -0.010134 -0.024195 -0.015297 0.017072 0.058754 0.096400 0.124321 0.141881 0.150260 0.150412 0.143192 0.129992 0.112688 0.093355 0.073921 0.055729 0.039221 0.024023 0.010041 -0.000084 0.000470 0.019206 0.056950 0.103440 0.142959 0.169816 0.192966 0.213298 0.209786 0.167137 0.099168 0.032858 -0.013457 -0.035286 -0.039174 -0.036882 -0.038296 -0.047839 -0.065183 -0.087312 -0.110060 -0.128969 -0.139800 -0.138772 -0.122443 -0.088585 -0.041011 0.005497 0.030451 0.022427 -0.012113 -0.055016 -0.088731 -0.103595 -0.098535 -0.077852 -0.047260 -0.012941 0.016935 0.004454 0.019287 0.033868 0.042867 0.040369 0.031335 0.025815 0.034064 0.060823 0.098204 0.134243 0.162077 0.179529 0.186483 0.183417 0.171170 0.151100 0.125232 0.096429 0.068190 0.043755 0.025094 0.012104 0.002171 -0.007427 -0.013703 -0.006274 0.023932 0.072974 0.124190 0.165852 0.202911 0.236165 0.243481 0.206049 0.135865 0.062307 0.007659 -0.020318 -0.025892 -0.020376 -0.015379 -0.018096 -0.030705 -0.051901 -0.078376 -0.105560 -0.127896 -0.139188 -0.133583 -0.107747 -0.065005 -0.018815 0.011667 0.014275 -0.007837 -0.040816 -0.070273 -0.087371 -0.089615 -0.078955 -0.059382 -0.035723 -0.013293 -0.021408 -0.005262 0.018159 0.041687 0.055566 0.061760 0.068399 0.081690 0.105900 0.138613 0.171755 0.198587 0.215845 0.222422 0.218101 0.203026 0.177689 0.143382 0.103044 0.061655 0.024847 -0.003022 -0.019471 -0.025349 -0.026272 -0.027050 -0.022594 -0.000264 0.044816 0.100851 0.153175 0.201799 0.246675 0.265609 0.235743 0.165310 0.085516 0.022652 -0.012875 -0.023790 -0.020324 -0.013847 -0.012407 -0.019628 -0.035744 -0.058883 -0.085686 -0.111308 -0.129310 -0.132359 -0.114792 -0.077232 -0.030357 0.008242 0.025015 0.018875 -0.001240 -0.024436 -0.043044 -0.053554 -0.055696 -0.051192 -0.042707 -0.032708 -0.033116 -0.024783 -0.001402 0.030548 0.057707 0.076985 0.095275 0.117349 0.144682 0.176160 0.207303 0.233058 0.250056 0.256571 0.251780 0.235196 0.206458 0.165685 0.114998 0.060414 0.010265 -0.029319 -0.054919 -0.064391 -0.060490 -0.051538 -0.040986 -0.020291 0.020260 0.076140 0.133965 0.190239 0.243947 0.273526 0.251971 0.182652 0.098177 0.028972 -0.012334 -0.028316 -0.029105 -0.025119 -0.023463 -0.027617 -0.038553 -0.055741 -0.077363 -0.099952 -0.118046 -0.124440 -0.112103 -0.078591 -0.030713 0.016484 0.048568 0.060359 0.055876 0.042330 0.025651 0.009516 -0.004269 -0.015337 -0.024183 -0.030916 -0.023634 -0.031098 -0.018135 0.013026 0.048030 0.077140 0.103444 0.132177 0.164093 0.197135 0.227813 0.252375 0.267962 0.272900 0.266412 0.248114 0.217415 0.173166 0.115421 0.050165 -0.010650 -0.057909 -0.089393 -0.103956 -0.101003 -0.086285 -0.067480 -0.042893 -0.003794 0.050418 0.109848 0.169791 0.229001 0.267215 0.253625 0.186572 0.099770 0.027411 -0.016231 -0.034851 -0.039731 -0.040423 -0.041969 -0.046207 -0.053742 -0.065042 -0.080125 -0.097334 -0.112427 -0.118787 -0.109002 -0.078475 -0.030188 0.024235 0.070664 0.100701 0.113832 0.113564 0.103629 0.087009 0.066203 0.043205 0.019318 -0.004160 0.004661 -0.020135 -0.024632 -0.004198 0.030676 0.065568 0.096743 0.127851 0.160699 0.193485 0.222754 0.245057 0.257860 0.259878 0.250945 0.231372 0.200868 0.157088 0.096856 0.024336 -0.044868 -0.096251 -0.127671 -0.142218 -0.140176 -0.123842 -0.099856 -0.070559 -0.030647 0.022184 0.081179 0.141930 0.203937 0.248747 0.242283 0.178910 0.093725 0.023710 -0.016729 -0.034065 -0.041705 -0.048346 -0.056319 -0.064734 -0.072538 -0.080147 -0.089213 -0.100616 -0.112242 -0.118463 -0.111724 -0.085810 -0.040225 0.017367 0.074443 0.120584 0.151313 0.166560 0.167664 0.156282 0.134734 0.106037 0.073124 0.038282 0.037543 0.001818 -0.018941 -0.014545 0.012134 0.047272 0.081007 0.112410 0.143006 0.172117 0.197045 0.214705 0.222862 0.220783 0.209179 0.189177 0.160819 0.120659 0.062039 -0.013615 -0.088008 -0.140966 -0.168797 -0.178608 -0.174446 -0.157665 -0.132184 -0.100752 -0.060541 -0.009365 0.047959 0.107858 0.171276 0.221374 0.221123 0.163314 0.085325 0.025423 -0.004258 -0.015056 -0.023160 -0.036178 -0.053426 -0.070806 -0.084540 -0.093481 -0.099626 -0.106195 -0.114278 -0.120672 -0.118626 -0.100878 -0.063776 -0.010508 0.049598 0.105880 0.150876 0.181121 0.195485 0.194010 0.178106 0.150809 0.116056 0.077357 0.057344 0.019638 -0.009202 -0.017895 -0.002565 0.027865 0.061462 0.092563 0.120373 0.144363 0.162706 0.173108 0.174155 0.166254 0.151373 0.131325 0.106020 0.070639 0.015507 -0.059701 -0.134252 -0.184293 -0.205676 -0.208604 -0.200662 -0.183763 -0.159591 -0.129490 -0.091407 -0.043495 0.010659 0.068829 0.133907 0.188982 0.194182 0.144458 0.080182 0.038448 0.026201 0.025753 0.018482 -0.001407 -0.030025 -0.060095 -0.084827 -0.100633 -0.108521 -0.112871 -0.117822 -0.123683 -0.126063 -0.118077 -0.094063 -0.053057 0.000033 0.056659 0.108397 0.149236 0.175611 0.185802 0.180077 0.160812 0.131534 0.095931 0.054010 0.020224 -0.008474 -0.022335 -0.014790 0.010160 0.041898 0.072186 0.097481 0.116179 0.126699 0.127777 0.119656 0.104771 0.086630 0.067254 0.045630 0.015008 -0.036475 -0.108654 -0.177704 -0.218863 -0.230627 -0.226419 -0.215806 -0.200714 -0.180850 -0.155605 -0.122665 -0.080268 -0.030669 0.026518 0.095679 0.155906 0.165860 0.127388 0.082888 0.064549 0.071513 0.080027 0.071079 0.042174 0.000743 -0.043254 -0.080681 -0.105827 -0.118392 -0.122957 -0.125697 -0.130194 -0.135166 -0.135416 -0.124889 -0.099950 -0.061398 -0.014217 0.034579 0.078326 0.111863 0.131777 0.137164 0.129847 0.112262 0.086129 0.027268 -0.000135 -0.024673 -0.037052 -0.030842 -0.007899 0.022862 0.052388 0.075101 0.088016 0.089624 0.080244 0.062715 0.041929 0.022343 0.005208 -0.012133 -0.038537 -0.086615 -0.153228 -0.211281 -0.238221 -0.238357 -0.228749 -0.219262 -0.210242 -0.198788 -0.181992 -0.156765 -0.121040 -0.074834 -0.014320 0.062483 0.126505 0.140470 0.116627 0.095481 0.100309 0.121699 0.132623 0.116855 0.076651 0.022775 -0.033403 -0.081819 -0.115547 -0.133239 -0.139205 -0.140656 -0.143548 -0.149484 -0.155470 -0.156139 -0.146702 -0.125170 -0.093112 -0.054865 -0.015876 0.018588 0.044144 0.058877 0.064204 0.061507 0.049342 -0.016779 -0.037779 -0.057433 -0.065080 -0.055022 -0.029532 0.002693 0.032051 0.051635 0.057695 0.049685 0.030580 0.006234 -0.016866 -0.034867 -0.048166 -0.061131 -0.084111 -0.128476 -0.186416 -0.228846 -0.238539 -0.227530 -0.216228 -0.213139 -0.215262 -0.216084 -0.209998 -0.192755 -0.161351 -0.113145 -0.043646 0.040409 0.103809 0.121795 0.115124 0.116598 0.138686 0.165826 0.172166 0.146725 0.096382 0.033844 -0.029975 -0.085715 -0.126148 -0.148971 -0.157604 -0.159224 -0.161111 -0.167202 -0.176805 -0.185857 -0.189420 -0.183913 -0.168316 -0.144199 -0.114865 -0.084516 -0.057452 -0.035957 -0.019176 -0.007299 -0.005184 -0.069960 -0.086623 -0.101511 -0.102598 -0.085333 -0.053961 -0.018468 0.010589 0.025640 0.023642 0.006695 -0.018873 -0.045206 -0.066284 -0.080215 -0.088954 -0.097984 -0.118024 -0.157388 -0.203518 -0.227770 -0.220227 -0.200559 -0.191345 -0.198389 -0.214213 -0.228122 -0.231649 -0.219187 -0.186839 -0.131466 -0.053367 0.030804 0.089205 0.112864 0.123339 0.141988 0.172297 0.197233 0.195857 0.162462 0.106670 0.041505 -0.023802 -0.081906 -0.126410 -0.154320 -0.167340 -0.171172 -0.173092 -0.178664 -0.189540 -0.203535 -0.216384 -0.223828 -0.223079 -0.213364 -0.195769 -0.172869 -0.147904 -0.122803 -0.097822 -0.075842 -0.064692 -0.126579 -0.140599 -0.149170 -0.140926 -0.113857 -0.075181 -0.036903 -0.010383 -0.002344 -0.012872 -0.036022 -0.063107 -0.086652 -0.102853 -0.111722 -0.115948 -0.121582 -0.138547 -0.171146 -0.203612 -0.210054 -0.187565 -0.161352 -0.154879 -0.171148 -0.198574 -0.222679 -0.232368 -0.220931 -0.184888 -0.123954 -0.045208 0.031271 0.084478 0.115299 0.138860 0.166076 0.195765 0.213788 0.205339 0.167942 0.111731 0.049432 -0.011345 -0.066056 -0.110636 -0.142286 -0.160486 -0.167942 -0.170336 -0.173974 -0.182865 -0.197332 -0.214611 -0.230560 -0.241326 -0.244369 -0.238831 -0.225459 -0.205953 -0.181908 -0.155485 -0.132418 -0.121450 -0.181860 -0.190962 -0.188972 -0.167926 -0.129963 -0.085695 -0.048642 -0.029188 -0.030504 -0.048063 -0.073068 -0.097158 -0.115223 -0.125675 -0.129439 -0.129608 -0.132498 -0.146088 -0.170781 -0.189979 -0.181651 -0.147217 -0.114098 -0.106174 -0.125500 -0.158541 -0.188415 -0.201901 -0.191457 -0.154928 -0.095687 -0.024472 0.041849 0.091932 0.128000 0.157128 0.183831 0.206380 0.215696 0.202215 0.164383 0.111402 0.055841 0.004342 -0.041724 -0.081982 -0.114951 -0.137912 -0.149505 -0.152342 -0.152471 -0.156190 -0.166938 -0.184222 -0.204616 -0.223652 -0.237422 -0.243438 -0.240839 -0.230187 -0.213291 -0.193993 -0.178942 -0.174805 -0.224840 -0.223743 -0.207211 -0.172666 -0.127059 -0.083461 -0.054457 -0.046220 -0.056423 -0.077083 -0.099665 -0.118300 -0.130193 -0.134927 -0.134070 -0.131428 -0.132859 -0.143364 -0.160484 -0.169089 -0.150886 -0.107768 -0.065557 -0.048645 -0.061288 -0.091418 -0.121978 -0.138459 -0.132233 -0.101485 -0.051023 0.008649 0.065245 0.111639 0.147207 0.173539 0.192607 0.204369 0.204791 0.188003 0.152073 0.104738 0.058476 0.019311 -0.014639 -0.047359 -0.079449 -0.106474 -0.122803 -0.126956 -0.123564 -0.120750 -0.125417 -0.139976 -0.162179 -0.187187 -0.209953 -0.226689 -0.235413 -0.236057 -0.230547 -0.222911 -0.218353 -0.219991 -0.241562 -0.227215 -0.197028 -0.154223 -0.109280 -0.074745 -0.058691 -0.061168 -0.075896 -0.095096 -0.112803 -0.125310 -0.130946 -0.130337 -0.126405 -0.123475 -0.125601 -0.134401 -0.146013 -0.148339 -0.126428 -0.079494 -0.027883 0.004490 0.008712 -0.008186 -0.031876 -0.048234 -0.047605 -0.026825 0.010678 0.056729 0.102164 0.140558 0.168644 0.185601 0.193009 0.192877 0.184878 0.165478 0.132277 0.091797 0.056165 0.030538 0.009833 -0.014095 -0.043983 -0.074417 -0.096343 -0.103989 -0.099275 -0.090915 -0.088933 -0.099023 -0.120639 -0.148960 -0.178119 -0.203388 -0.221967 -0.233179 -0.238415 -0.240592 -0.242534 -0.244326 -0.228012 -0.202863 -0.165671 -0.123755 -0.087840 -0.066416 -0.061536 -0.069217 -0.083366 -0.098705 -0.110918 -0.116831 -0.115946 -0.111129 -0.106955 -0.107073 -0.112643 -0.122285 -0.131849 -0.132836 -0.113790 -0.070547 -0.015161 0.032072 0.058144 0.063086 0.055706 0.047268 0.046980 0.059430 0.083804 0.115027 0.146352 0.171780 0.187233 0.191518 0.186659 0.175912 0.160623 0.138447 0.107358 0.073674 0.048832 0.036288 0.027717 0.011699 -0.015805 -0.048796 -0.076347 -0.089466 -0.086644 -0.075379 -0.067498 -0.071777 -0.089877 -0.117630 -0.148906 -0.178439 -0.202789 -0.220556 -0.232238 -0.239306 -0.242476 -0.240050 -0.194146 -0.164234 -0.127870 -0.093310 -0.068387 -0.056593 -0.056470 -0.064259 -0.076056 -0.087390 -0.093320 -0.091342 -0.083935 -0.077094 -0.076127 -0.082642 -0.094600 -0.108231 -0.119424 -0.122968 -0.111505 -0.079587 -0.031226 0.020350 0.062019 0.088262 0.101453 0.108063 0.114751 0.125811 0.142060 0.161101 0.178656 0.190200 0.192550 0.185510 0.171942 0.154957 0.135054 0.110067 0.079860 0.052197 0.037584 0.036604 0.037456 0.026605 0.000267 -0.034477 -0.066125 -0.084589 -0.085741 -0.074570 -0.062742 -0.061031 -0.073360 -0.096853 -0.125788 -0.154806 -0.179964 -0.199155 -0.212156 -0.219465 -0.220497 -0.212919 -0.154053 -0.124114 -0.092011 -0.064519 -0.046145 -0.037889 -0.038569 -0.046068 -0.056375 -0.063075 -0.060728 -0.049790 -0.037257 -0.031723 -0.037723 -0.053892 -0.074989 -0.095196 -0.110267 -0.117441 -0.113647 -0.095315 -0.062142 -0.019981 0.022116 0.057347 0.083783 0.103354 0.119370 0.134429 0.149339 0.162974 0.172808 0.175893 0.170627 0.158836 0.144541 0.128877 0.108763 0.081740 0.051637 0.029418 0.024371 0.033023 0.039863 0.030437 0.002898 -0.033476 -0.066894 -0.088156 -0.092717 -0.083383 -0.070101 -0.063890 -0.070187 -0.087661 -0.111634 -0.137093 -0.159581 -0.176161 -0.186268 -0.190389 -0.187721 -0.176015 -0.115345 -0.085857 -0.056245 -0.031723 -0.015523 -0.008958 -0.011784 -0.021016 -0.029786 -0.029885 -0.017820 0.001047 0.015274 0.015050 -0.002043 -0.030970 -0.063236 -0.091239 -0.110573 -0.119999 -0.119811 -0.109998 -0.090462 -0.063064 -0.032088 -0.002131 0.024107 0.046296 0.065468 0.082695 0.098234 0.111228 0.119777 0.121605 0.116553 0.109135 0.104098 0.097913 0.081704 0.053625 0.023817 0.007362 0.011537 0.027821 0.037183 0.025548 -0.005709 -0.044255 -0.077611 -0.098312 -0.103602 -0.095862 -0.083055 -0.074807 -0.076671 -0.088550 -0.107328 -0.128817 -0.147844 -0.160035 -0.164486 -0.162699 -0.154889 -0.139312 -0.078421 -0.047037 -0.017082 0.006430 0.019935 0.021929 0.014160 0.002859 -0.002568 0.005463 0.026554 0.050348 0.062164 0.052277 0.021200 -0.022103 -0.066120 -0.101940 -0.125269 -0.135809 -0.135644 -0.127543 -0.113705 -0.095831 -0.075864 -0.055924 -0.037541 -0.021191 -0.006557 0.006861 0.019219 0.030008 0.037792 0.040936 0.041272 0.046048 0.058181 0.065935 0.054507 0.025606 -0.002611 -0.011865 0.001496 0.023329 0.032007 0.015368 -0.021213 -0.062321 -0.094616 -0.112316 -0.115593 -0.108224 -0.096907 -0.088918 -0.088496 -0.096205 -0.110971 -0.130032 -0.147204 -0.155561 -0.153123 -0.142949 -0.127506 -0.106154 -0.042456 -0.007704 0.022403 0.042529 0.049546 0.044007 0.031084 0.019792 0.019726 0.035937 0.064090 0.090224 0.097878 0.078074 0.034067 -0.022039 -0.076561 -0.119617 -0.147039 -0.159255 -0.159068 -0.150286 -0.136750 -0.121475 -0.106490 -0.093097 -0.082005 -0.073339 -0.066740 -0.061552 -0.057040 -0.052702 -0.048650 -0.044501 -0.035337 -0.013073 0.018514 0.037649 0.027634 -0.002150 -0.026108 -0.025911 -0.003548 0.021406 0.026443 0.002977 -0.039293 -0.082525 -0.113010 -0.126646 -0.126750 -0.119277 -0.110159 -0.103828 -0.102319 -0.106657 -0.118492 -0.137165 -0.155195 -0.161838 -0.152787 -0.132454 -0.106469 -0.076383 -0.009284 0.027423 0.054575 0.067601 0.065663 0.052740 0.036931 0.028013 0.033994 0.057167 0.090608 0.118675 0.124340 0.099227 0.047994 -0.016052 -0.078339 -0.127848 -0.159724 -0.174752 -0.176277 -0.168264 -0.154898 -0.140042 -0.126598 -0.116360 -0.110202 -0.108239 -0.109877 -0.113855 -0.118374 -0.121407 -0.120931 -0.113520 -0.091990 -0.051937 -0.007378 0.013812 0.000452 -0.028517 -0.044128 -0.032300 -0.002000 0.023002 0.021563 -0.009838 -0.057187 -0.101174 -0.128823 -0.138336 -0.136106 -0.129730 -0.123715 -0.119130 -0.115782 -0.115813 -0.124548 -0.143951 -0.165008 -0.172361 -0.158310 -0.127864 -0.090049 -0.049773 0.019806 0.055736 0.077337 0.081988 0.071815 0.053570 0.036587 0.030021 0.040174 0.067636 0.104651 0.135682 0.144001 0.121180 0.071209 0.006040 -0.060318 -0.115238 -0.151719 -0.169979 -0.173966 -0.167982 -0.156134 -0.142438 -0.130375 -0.122436 -0.119974 -0.123225 -0.131338 -0.142422 -0.153647 -0.161458 -0.161650 -0.148590 -0.116131 -0.067181 -0.023340 -0.009769 -0.027181 -0.050471 -0.053324 -0.029087 0.006544 0.027726 0.017004 -0.022915 -0.073923 -0.116439 -0.139877 -0.145961 -0.143896 -0.141130 -0.138879 -0.134428 -0.126413 -0.119495 -0.123355 -0.142558 -0.166648 -0.176045 -0.159512 -0.121624 -0.073977 -0.025149 0.050801 0.084004 0.099446 0.096583 0.079870 0.057414 0.038415 0.031027 0.040655 0.067734 0.105418 0.139771 0.155043 0.142026 0.101966 0.043009 -0.022953 -0.081606 -0.122410 -0.143615 -0.149396 -0.144820 -0.134219 -0.121561 -0.110459 -0.103722 -0.103039 -0.108897 -0.120617 -0.136263 -0.152454 -0.164334 -0.165957 -0.151185 -0.117282 -0.073155 -0.040673 -0.036129 -0.051887 -0.063246 -0.050798 -0.015864 0.020756 0.033606 0.011039 -0.037169 -0.089352 -0.127368 -0.145176 -0.149296 -0.150768 -0.154029 -0.154901 -0.147416 -0.131075 -0.114201 -0.110245 -0.125580 -0.149213 -0.159505 -0.142720 -0.101860 -0.049120 0.004346 0.092875 0.120643 0.128629 0.118262 0.095668 0.069147 0.046671 0.034922 0.038786 0.059749 0.093516 0.129256 0.153046 0.154634 0.131220 0.085381 0.025113 -0.034624 -0.079161 -0.103155 -0.109949 -0.105403 -0.094496 -0.081280 -0.069285 -0.061383 -0.059580 -0.065011 -0.077889 -0.097091 -0.119412 -0.139102 -0.148639 -0.141451 -0.116875 -0.085179 -0.063591 -0.060755 -0.067011 -0.062653 -0.035842 0.005472 0.037475 0.037531 0.001561 -0.053252 -0.102845 -0.132823 -0.143943 -0.148040 -0.155841 -0.165659 -0.167279 -0.153700 -0.127239 -0.099312 -0.084792 -0.090571 -0.106929 -0.113677 -0.096622 -0.056525 -0.004049 0.048943 0.140255 0.157737 0.155592 0.137423 0.110330 0.081557 0.056709 0.040241 0.036153 0.047132 0.072296 0.105310 0.135465 0.152277 0.148986 0.121932 0.073338 0.016384 -0.031004 -0.058538 -0.066874 -0.061959 -0.049657 -0.034411 -0.019707 -0.008414 -0.002906 -0.005184 -0.016768 -0.038044 -0.067040 -0.098202 -0.122565 -0.131239 -0.121689 -0.101597 -0.083793 -0.074589 -0.067223 -0.047848 -0.010857 0.030850 0.052555 0.036617 -0.012453 -0.070524 -0.112854 -0.131282 -0.135002 -0.140334 -0.154766 -0.168882 -0.168632 -0.149069 -0.115435 -0.079460 -0.054277 -0.046175 -0.048528 -0.045946 -0.026284 0.011361 0.058789 0.105027 0.168122 0.173171 0.162012 0.139829 0.113062 0.086313 0.062112 0.042747 0.031474 0.031905 0.046071 0.072232 0.104063 0.132647 0.148947 0.143884 0.112769 0.063898 0.015707 -0.016642 -0.028992 -0.025484 -0.012463 0.004842 0.022644 0.037994 0.048269 0.050859 0.043245 0.023596 -0.008100 -0.048322 -0.088284 -0.115656 -0.122196 -0.110477 -0.091091 -0.072402 -0.052366 -0.022083 0.019210 0.055244 0.062444 0.029580 -0.030348 -0.087298 -0.117610 -0.121344 -0.116601 -0.122176 -0.140146 -0.154896 -0.152806 -0.132602 -0.100003 -0.063637 -0.032700 -0.012228 0.000687 0.015004 0.038744 0.072980 0.111762 0.146159 0.157640 0.156382 0.144772 0.127593 0.108493 0.088309 0.066633 0.044487 0.025475 0.014815 0.017093 0.033998 0.063039 0.097988 0.129850 0.146404 0.136697 0.102035 0.057587 0.020799 0.001179 -0.001071 0.009140 0.026115 0.045278 0.063184 0.076923 0.083666 0.080674 0.065746 0.037712 -0.002855 -0.050571 -0.092071 -0.112123 -0.106231 -0.083583 -0.056348 -0.027235 0.008694 0.048538 0.074359 0.065337 0.016854 -0.050523 -0.101921 -0.116090 -0.102366 -0.087012 -0.089200 -0.105764 -0.118946 -0.118839 -0.106485 -0.084904 -0.057942 -0.030533 -0.006118 0.015469 0.037541 0.063484 0.093314 0.122855 0.145962 0.119538 0.122946 0.121467 0.117386 0.110595 0.098652 0.079311 0.053054 0.024056 -0.000466 -0.012634 -0.007302 0.015795 0.052379 0.094439 0.128994 0.141141 0.125488 0.091392 0.054603 0.027375 0.014839 0.016059 0.026928 0.042722 0.059270 0.073044 0.080925 0.080281 0.069536 0.048383 0.016330 -0.026392 -0.070670 -0.097336 -0.094023 -0.067524 -0.033528 0.001036 0.037985 0.072131 0.085567 0.060956 -0.000448 -0.071568 -0.113609 -0.108591 -0.075112 -0.046141 -0.040204 -0.051245 -0.063094 -0.069483 -0.070820 -0.066147 -0.055374 -0.040218 -0.022440 -0.002847 0.018729 0.042520 0.067475 0.090769 0.108887 0.085222 0.098815 0.110204 0.118571 0.121082 0.114106 0.095444 0.065546 0.027903 -0.010322 -0.038880 -0.048242 -0.034377 0.000070 0.047483 0.094920 0.125864 0.130371 0.112072 0.082561 0.052985 0.030674 0.018740 0.016733 0.021944 0.030701 0.039159 0.043722 0.041558 0.031612 0.015462 -0.005274 -0.033165 -0.066964 -0.089935 -0.083983 -0.052126 -0.012170 0.025465 0.060382 0.086676 0.087734 0.049585 -0.021518 -0.092808 -0.122622 -0.096806 -0.042225 0.003080 0.020997 0.017676 0.006413 -0.007614 -0.022091 -0.033026 -0.038352 -0.038014 -0.032432 -0.022134 -0.007707 0.010084 0.030007 0.050278 0.069048 0.071606 0.090698 0.107492 0.119267 0.122589 0.114838 0.095354 0.064851 0.024946 -0.019940 -0.060411 -0.084066 -0.081924 -0.053248 -0.004908 0.050053 0.094630 0.116541 0.115301 0.098308 0.073739 0.048024 0.025715 0.009347 -0.000579 -0.005446 -0.008169 -0.012398 -0.021172 -0.035164 -0.051131 -0.064043 -0.075321 -0.090285 -0.099732 -0.084847 -0.045131 0.001039 0.040724 0.072344 0.090613 0.080683 0.031482 -0.046056 -0.114158 -0.129909 -0.083428 -0.008034 0.054787 0.086531 0.091507 0.080691 0.060674 0.037048 0.015514 -0.001182 -0.012293 -0.017561 -0.017002 -0.010942 -0.000010 0.014877 0.032573 0.051858 0.059599 0.076018 0.089235 0.096506 0.095528 0.085598 0.067505 0.041484 0.006489 -0.036488 -0.080450 -0.112777 -0.121097 -0.100383 -0.055214 0.001898 0.054109 0.088300 0.101357 0.097232 0.081259 0.058261 0.032332 0.006775 -0.015837 -0.034452 -0.050546 -0.067487 -0.087984 -0.111404 -0.132469 -0.143288 -0.142502 -0.138134 -0.128986 -0.100280 -0.050412 0.002407 0.043939 0.072519 0.084041 0.064975 0.007001 -0.073787 -0.135564 -0.136501 -0.071387 0.022367 0.101548 0.146576 0.158987 0.148216 0.123334 0.092999 0.064101 0.039707 0.020622 0.007202 -0.000202 -0.001471 0.003072 0.012658 0.026195 0.042359 0.020817 0.031054 0.038551 0.041623 0.039505 0.032843 0.022532 0.006858 -0.018579 -0.055516 -0.098032 -0.133552 -0.148582 -0.135480 -0.096240 -0.041829 0.012068 0.052674 0.075225 0.080665 0.072013 0.053399 0.028648 0.000520 -0.028152 -0.055322 -0.082160 -0.112213 -0.147036 -0.183099 -0.212259 -0.224892 -0.217831 -0.198905 -0.171886 -0.127914 -0.067289 -0.008230 0.035154 0.062031 0.068719 0.042026 -0.022788 -0.103624 -0.156306 -0.142860 -0.062979 0.044438 0.136330 0.191925 0.209857 0.198355 0.168763 0.132390 0.097365 0.066930 0.041290 0.020274 0.004443 -0.005393 -0.008953 -0.006757 0.000026 0.009821 -0.037938 -0.033063 -0.028607 -0.025225 -0.022767 -0.020413 -0.018504 -0.021475 -0.036805 -0.067845 -0.108253 -0.144571 -0.163132 -0.155900 -0.123568 -0.075273 -0.024572 0.017067 0.043838 0.053981 0.048904 0.033417 0.012001 -0.013679 -0.042092 -0.072082 -0.106156 -0.148139 -0.196827 -0.244481 -0.280524 -0.295440 -0.286030 -0.258574 -0.218118 -0.161051 -0.091496 -0.027804 0.017591 0.044584 0.047878 0.014390 -0.055154 -0.132673 -0.174324 -0.148406 -0.059220 0.055365 0.154381 0.216401 0.237648 0.225207 0.191813 0.150862 0.111818 0.077963 0.048240 0.021221 -0.002648 -0.021757 -0.034906 -0.042009 -0.043928 -0.042051 -0.079168 -0.078678 -0.076254 -0.071750 -0.064610 -0.054497 -0.043343 -0.037694 -0.046538 -0.073460 -0.111417 -0.146501 -0.165718 -0.162050 -0.136125 -0.095449 -0.050990 -0.012516 0.013393 0.022942 0.017333 0.003613 -0.012661 -0.031955 -0.055707 -0.085333 -0.125229 -0.177815 -0.236971 -0.291102 -0.329741 -0.345622 -0.336303 -0.305594 -0.257299 -0.191657 -0.116835 -0.050541 -0.002678 0.025596 0.025702 -0.013542 -0.084571 -0.155502 -0.185888 -0.151338 -0.059581 0.054716 0.154416 0.218402 0.241286 0.228969 0.194451 0.152312 0.113140 0.080140 0.050730 0.021976 -0.005905 -0.030569 -0.050057 -0.063875 -0.072640 -0.077400 -0.079097 -0.083747 -0.086018 -0.084895 -0.079284 -0.069023 -0.056842 -0.049866 -0.056771 -0.080360 -0.113470 -0.143399 -0.159308 -0.156107 -0.134859 -0.101567 -0.064723 -0.032654 -0.012471 -0.008561 -0.017714 -0.029411 -0.037949 -0.047878 -0.065115 -0.094124 -0.139660 -0.199883 -0.263043 -0.316599 -0.353624 -0.369901 -0.362739 -0.332686 -0.281586 -0.212491 -0.136352 -0.069038 -0.018684 0.010425 0.007452 -0.034401 -0.102292 -0.164497 -0.186017 -0.148823 -0.061960 0.044717 0.139122 0.201461 0.225455 0.215642 0.184122 0.145510 0.110891 0.083196 0.058501 0.032732 0.006142 -0.018231 -0.038055 -0.053033 -0.064157 -0.072600 -0.047436 -0.059265 -0.070308 -0.078508 -0.081740 -0.079135 -0.072946 -0.069502 -0.076166 -0.094807 -0.119047 -0.138949 -0.147129 -0.140975 -0.122084 -0.095145 -0.066694 -0.043970 -0.033825 -0.039061 -0.052232 -0.059440 -0.057394 -0.056885 -0.068487 -0.098111 -0.148009 -0.210391 -0.269874 -0.317047 -0.350510 -0.367789 -0.364136 -0.336874 -0.286595 -0.218359 -0.144016 -0.077063 -0.025337 0.003920 0.000502 -0.038163 -0.098275 -0.151767 -0.169390 -0.137066 -0.062487 0.030441 0.115172 0.173841 0.199586 0.195168 0.170727 0.139770 0.113130 0.093384 0.075841 0.055934 0.034111 0.013869 -0.002397 -0.014943 -0.025588 -0.036125 -0.009974 -0.029867 -0.051699 -0.072399 -0.088353 -0.097037 -0.099186 -0.099685 -0.104554 -0.115265 -0.127155 -0.133932 -0.132039 -0.121231 -0.103538 -0.082630 -0.063553 -0.052323 -0.054259 -0.068595 -0.082742 -0.081462 -0.067160 -0.057672 -0.066200 -0.097156 -0.148275 -0.206648 -0.256574 -0.294458 -0.324167 -0.342885 -0.342810 -0.319059 -0.271903 -0.207468 -0.136998 -0.071742 -0.019557 0.011455 0.012984 -0.016427 -0.065819 -0.112218 -0.131310 -0.110614 -0.054317 0.020459 0.092851 0.147007 0.175293 0.178136 0.162906 0.141136 0.122850 0.110486 0.099403 0.085073 0.067957 0.051669 0.038708 0.028534 0.018586 0.006230 0.014252 -0.011296 -0.041798 -0.073630 -0.101628 -0.120980 -0.130176 -0.132443 -0.132888 -0.133504 -0.132338 -0.127101 -0.117461 -0.104519 -0.090016 -0.076401 -0.067191 -0.066805 -0.078322 -0.096940 -0.106102 -0.092579 -0.066693 -0.051589 -0.059530 -0.091095 -0.139685 -0.189651 -0.227268 -0.254965 -0.280597 -0.299973 -0.302611 -0.282738 -0.240456 -0.181586 -0.115891 -0.052661 0.000789 0.036815 0.047852 0.030831 -0.007251 -0.048311 -0.071892 -0.065708 -0.029979 0.024673 0.083064 0.131595 0.161782 0.171407 0.164652 0.150553 0.138032 0.129743 0.121793 0.109947 0.094409 0.078781 0.066108 0.056301 0.046543 0.033337