# vtk DataFile Version 3.0
PINNeAPPle dataset — demo_cavity
ASCII
DATASET RECTILINEAR_GRID
DIMENSIONS 64 64 1
X_COORDINATES 64 float
0.000000 0.015873 0.031746 0.047619 0.063492 0.079365 0.095238 0.111111 0.126984 0.142857 0.158730 0.174603 0.190476 0.206349 0.222222 0.238095 0.253968 0.269841 0.285714 0.301587 0.317460 0.333333 0.349206 0.365079 0.380952 0.396825 0.412698 0.428571 0.444444 0.460317 0.476190 0.492063 0.507937 0.523810 0.539683 0.555556 0.571429 0.587302 0.603175 0.619048 0.634921 0.650794 0.666667 0.682540 0.698413 0.714286 0.730159 0.746032 0.761905 0.777778 0.793651 0.809524 0.825397 0.841270 0.857143 0.873016 0.888889 0.904762 0.920635 0.936508 0.952381 0.968254 0.984127 1.000000
Y_COORDINATES 64 float
0.000000 0.015873 0.031746 0.047619 0.063492 0.079365 0.095238 0.111111 0.126984 0.142857 0.158730 0.174603 0.190476 0.206349 0.222222 0.238095 0.253968 0.269841 0.285714 0.301587 0.317460 0.333333 0.349206 0.365079 0.380952 0.396825 0.412698 0.428571 0.444444 0.460317 0.476190 0.492063 0.507937 0.523810 0.539683 0.555556 0.571429 0.587302 0.603175 0.619048 0.634921 0.650794 0.666667 0.682540 0.698413 0.714286 0.730159 0.746032 0.761905 0.777778 0.793651 0.809524 0.825397 0.841270 0.857143 0.873016 0.888889 0.904762 0.920635 0.936508 0.952381 0.968254 0.984127 1.000000
Z_COORDINATES 1 float
0.0
POINT_DATA 4096
SCALARS u float 1
LOOKUP_TABLE default
-0.000717 -0.001141 -0.001684 -0.002306 -0.002958 -0.003583 -0.004128 -0.004557 -0.004861 -0.005065 -0.005214 -0.005360 -0.005543 -0.005786 -0.006091 -0.006455 -0.006872 -0.007342 -0.007859 -0.008410 -0.008952 -0.009421 -0.009753 -0.009911 -0.009891 -0.009720 -0.009441 -0.009093 -0.008713 -0.008326 -0.007948 -0.007579 -0.007206 -0.006819 -0.006415 -0.006005 -0.005601 -0.005208 -0.004818 -0.004415 -0.003985 -0.003525 -0.003041 -0.002550 -0.002076 -0.001643 -0.001272 -0.000979 -0.000768 -0.000631 -0.000553 -0.000510 -0.000479 -0.000446 -0.000403 -0.000356 -0.000309 -0.000267 -0.000229 -0.000197 -0.000178 -0.000189 -0.000260 -0.000426 -0.000342 -0.000721 -0.001235 -0.001855 -0.002524 -0.003176 -0.003748 -0.004201 -0.004531 -0.004765 -0.004956 -0.005156 -0.005403 -0.005708 -0.006069 -0.006476 -0.006920 -0.007401 -0.007924 -0.008489 -0.009074 -0.009620 -0.010045 -0.010283 -0.010312 -0.010152 -0.009851 -0.009464 -0.009032 -0.008586 -0.008140 -0.007699 -0.007265 -0.006842 -0.006439 -0.006072 -0.005744 -0.005447 -0.005155 -0.004841 -0.004481 -0.004065 -0.003596 -0.003088 -0.002567 -0.002060 -0.001595 -0.001195 -0.000874 -0.000632 -0.000459 -0.000335 -0.000239 -0.000154 -0.000074 -0.000003 0.000051 0.000084 0.000098 0.000102 0.000098 0.000081 0.000027 -0.000101 0.000062 -0.000265 -0.000735 -0.001325 -0.001981 -0.002631 -0.003210 -0.003677 -0.004029 -0.004296 -0.004529 -0.004779 -0.005080 -0.005441 -0.005850 -0.006291 -0.006751 -0.007226 -0.007727 -0.008268 -0.008848 -0.009425 -0.009914 -0.010225 -0.010310 -0.010172 -0.009855 -0.009422 -0.008929 -0.008418 -0.007913 -0.007429 -0.006976 -0.006569 -0.006223 -0.005947 -0.005734 -0.005559 -0.005386 -0.005178 -0.004908 -0.004559 -0.004131 -0.003635 -0.003093 -0.002534 -0.001988 -0.001486 -0.001049 -0.000686 -0.000394 -0.000161 0.000031 0.000197 0.000341 0.000458 0.000536 0.000567 0.000556 0.000518 0.000471 0.000423 0.000364 0.000259 0.000531 0.000260 -0.000148 -0.000682 -0.001292 -0.001909 -0.002472 -0.002943 -0.003317 -0.003619 -0.003894 -0.004190 -0.004539 -0.004948 -0.005403 -0.005877 -0.006350 -0.006814 -0.007278 -0.007766 -0.008297 -0.008852 -0.009359 -0.009724 -0.009873 -0.009783 -0.009482 -0.009028 -0.008490 -0.007924 -0.007373 -0.006865 -0.006421 -0.006059 -0.005791 -0.005616 -0.005515 -0.005455 -0.005392 -0.005289 -0.005113 -0.004847 -0.004485 -0.004033 -0.003506 -0.002931 -0.002338 -0.001760 -0.001224 -0.000748 -0.000338 0.000011 0.000310 0.000572 0.000798 0.000981 0.001108 0.001163 0.001146 0.001075 0.000977 0.000882 0.000795 0.000693 0.001098 0.000883 0.000551 0.000100 -0.000434 -0.000993 -0.001522 -0.001988 -0.002382 -0.002723 -0.003042 -0.003380 -0.003770 -0.004222 -0.004720 -0.005231 -0.005723 -0.006182 -0.006611 -0.007034 -0.007485 -0.007971 -0.008446 -0.008826 -0.009027 -0.009005 -0.008761 -0.008337 -0.007800 -0.007215 -0.006643 -0.006127 -0.005699 -0.005377 -0.005169 -0.005066 -0.005043 -0.005063 -0.005083 -0.005065 -0.004979 -0.004804 -0.004529 -0.004152 -0.003681 -0.003136 -0.002542 -0.001933 -0.001340 -0.000786 -0.000287 0.000155 0.000545 0.000892 0.001199 0.001460 0.001657 0.001771 0.001791 0.001725 0.001604 0.001469 0.001347 0.001235 0.001778 0.001619 0.001373 0.001023 0.000586 0.000107 -0.000374 -0.000827 -0.001241 -0.001621 -0.001987 -0.002368 -0.002795 -0.003283 -0.003820 -0.004370 -0.004891 -0.005358 -0.005766 -0.006135 -0.006502 -0.006894 -0.007295 -0.007646 -0.007869 -0.007907 -0.007741 -0.007390 -0.006905 -0.006352 -0.005796 -0.005289 -0.004873 -0.004569 -0.004383 -0.004305 -0.004309 -0.004362 -0.004428 -0.004473 -0.004466 -0.004386 -0.004214 -0.003941 -0.003566 -0.003098 -0.002556 -0.001970 -0.001372 -0.000793 -0.000254 0.000236 0.000679 0.001081 0.001448 0.001776 0.002052 0.002253 0.002357 0.002358 0.002273 0.002142 0.002009 0.001893 0.002558 0.002463 0.002309 0.002068 0.001742 0.001354 0.000931 0.000498 0.000069 -0.000350 -0.000765 -0.001191 -0.001653 -0.002170 -0.002739 -0.003328 -0.003888 -0.004379 -0.004787 -0.005125 -0.005427 -0.005730 -0.006043 -0.006336 -0.006549 -0.006625 -0.006531 -0.006268 -0.005869 -0.005384 -0.004875 -0.004395 -0.003987 -0.003678 -0.003476 -0.003375 -0.003358 -0.003401 -0.003477 -0.003559 -0.003619 -0.003631 -0.003574 -0.003429 -0.003184 -0.002835 -0.002394 -0.001884 -0.001337 -0.000786 -0.000258 0.000231 0.000680 0.001096 0.001487 0.001857 0.002198 0.002492 0.002712 0.002834 0.002857 0.002805 0.002719 0.002634 0.003385 0.003374 0.003321 0.003195 0.002984 0.002692 0.002334 0.001928 0.001492 0.001039 0.000578 0.000105 -0.000394 -0.000938 -0.001533 -0.002157 -0.002760 -0.003289 -0.003719 -0.004052 -0.004319 -0.004559 -0.004796 -0.005027 -0.005214 -0.005311 -0.005280 -0.005107 -0.004805 -0.004409 -0.003967 -0.003524 -0.003123 -0.002790 -0.002542 -0.002381 -0.002302 -0.002296 -0.002347 -0.002438 -0.002545 -0.002642 -0.002700 -0.002694 -0.002599 -0.002401 -0.002099 -0.001708 -0.001257 -0.000781 -0.000311 0.000134 0.000549 0.000940 0.001319 0.001697 0.002075 0.002442 0.002776 0.003047 0.003234 0.003334 0.003372 0.003382 0.004168 0.004279 0.004345 0.004341 0.004246 0.004053 0.003764 0.003394 0.002961 0.002485 0.001985 0.001466 0.000927 0.000354 -0.000264 -0.000916 -0.001559 -0.002137 -0.002606 -0.002960 -0.003221 -0.003428 -0.003617 -0.003801 -0.003967 -0.004082 -0.004110 -0.004031 -0.003839 -0.003551 -0.003194 -0.002802 -0.002410 -0.002045 -0.001731 -0.001482 -0.001309 -0.001217 -0.001209 -0.001275 -0.001399 -0.001555 -0.001710 -0.001832 -0.001887 -0.001849 -0.001705 -0.001462 -0.001141 -0.000776 -0.000399 -0.000032 0.000316 0.000653 0.000991 0.001345 0.001726 0.002133 0.002554 0.002963 0.003328 0.003626 0.003855 0.004029 0.004807 0.005082 0.005294 0.005424 0.005451 0.005360 0.005148 0.004825 0.004409 0.003925 0.003396 0.002838 0.002257 0.001649 0.001006 0.000332 -0.000346 -0.000971 -0.001493 -0.001887 -0.002168 -0.002371 -0.002540 -0.002701 -0.002859 -0.002998 -0.003090 -0.003111 -0.003044 -0.002886 -0.002642 -0.002329 -0.001966 -0.001580 -0.001197 -0.000848 -0.000558 -0.000352 -0.000248 -0.000251 -0.000351 -0.000525 -0.000738 -0.000953 -0.001129 -0.001232 -0.001241 -0.001151 -0.000977 -0.000746 -0.000488 -0.000225 0.000033 0.000293 0.000567 0.000873 0.001229 0.001643 0.002113 0.002623 0.003145 0.003643 0.004090 0.004477 0.005230 0.005701 0.006085 0.006366 0.006525 0.006545 0.006421 0.006158 0.005775 0.005298 0.004754 0.004165 0.003542 0.002895 0.002222 0.001527 0.000824 0.000158 -0.000418 -0.000867 -0.001188 -0.001413 -0.001586 -0.001745 -0.001909 -0.002079 -0.002239 -0.002363 -0.002430 -0.002420 -0.002318 -0.002117 -0.001820 -0.001444 -0.001017 -0.000578 -0.000170 0.000163 0.000387 0.000482 0.000449 0.000305 0.000085 -0.000169 -0.000416 -0.000617 -0.000745 -0.000789 -0.000755 -0.000663 -0.000536 -0.000393 -0.000241 -0.000075 0.000118 0.000360 0.000670 0.001064 0.001551 0.002123 0.002759 0.003423 0.004076 0.004685 0.005436 0.006107 0.006675 0.007119 0.007420 0.007562 0.007538 0.007350 0.007014 0.006557 0.006009 0.005395 0.004735 0.004044 0.003336 0.002617 0.001897 0.001204 0.000585 0.000080 -0.000295 -0.000561 -0.000759 -0.000933 -0.001116 -0.001321 -0.001544 -0.001767 -0.001963 -0.002103 -0.002154 -0.002090 -0.001894 -0.001570 -0.001140 -0.000649 -0.000151 0.000295 0.000640 0.000849 0.000911 0.000839 0.000663 0.000424 0.000165 -0.000076 -0.000273 -0.000411 -0.000489 -0.000517 -0.000512 -0.000485 -0.000442 -0.000376 -0.000273 -0.000109 0.000139 0.000495 0.000971 0.001571 0.002278 0.003061 0.003878 0.004683 0.005475 0.006329 0.007074 0.007681 0.008128 0.008398 0.008481 0.008376 0.008096 0.007666 0.007120 0.006485 0.005789 0.005054 0.004305 0.003561 0.002831 0.002129 0.001486 0.000939 0.000509 0.000192 -0.000046 -0.000249 -0.000457 -0.000696 -0.000973 -0.001278 -0.001584 -0.001856 -0.002052 -0.002128 -0.002052 -0.001812 -0.001425 -0.000931 -0.000391 0.000127 0.000562 0.000871 0.001032 0.001051 0.000953 0.000774 0.000554 0.000326 0.000115 -0.000064 -0.000207 -0.000315 -0.000397 -0.000460 -0.000505 -0.000527 -0.000509 -0.000427 -0.000252 0.000044 0.000483 0.001074 0.001809 0.002663 0.003593 0.004548 0.005403 0.006406 0.007306 0.008065 0.008651 0.009045 0.009232 0.009210 0.008987 0.008588 0.008045 0.007394 0.006662 0.005885 0.005098 0.004331 0.003597 0.002902 0.002261 0.001696 0.001230 0.000866 0.000583 0.000344 0.000109 -0.000158 -0.000473 -0.000835 -0.001222 -0.001596 -0.001908 -0.002107 -0.002150 -0.002013 -0.001702 -0.001253 -0.000728 -0.000194 0.000281 0.000649 0.000885 0.000987 0.000975 0.000878 0.000730 0.000556 0.000378 0.000208 0.000055 -0.000078 -0.000193 -0.000293 -0.000382 -0.000452 -0.000492 -0.000477 -0.000375 -0.000154 0.000216 0.000753 0.001461 0.002323 0.003303 0.004349 0.005256 0.006350 0.007366 0.008249 0.008958 0.009463 0.009747 0.009802 0.009636 0.009272 0.008741 0.008078 0.007319 0.006507 0.005690 0.004907 0.004178 0.003507 0.002892 0.002341 0.001867 0.001475 0.001156 0.000885 0.000626 0.000343 0.000009 -0.000380 -0.000811 -0.001246 -0.001638 -0.001933 -0.002080 -0.002050 -0.001838 -0.001473 -0.001011 -0.000518 -0.000059 0.000317 0.000584 0.000740 0.000797 0.000780 0.000712 0.000614 0.000500 0.000383 0.000270 0.000168 0.000080 0.000004 -0.000065 -0.000127 -0.000172 -0.000183 -0.000130 0.000019 0.000299 0.000739 0.001355 0.002147 0.003092 0.004148 0.005100 0.006196 0.007253 0.008206 0.009000 0.009593 0.009959 0.010088 0.009985 0.009667 0.009161 0.008500 0.007728 0.006898 0.006068 0.005285 0.004575 0.003941 0.003375 0.002867 0.002416 0.002026 0.001692 0.001403 0.001133 0.000848 0.000520 0.000135 -0.000301 -0.000757 -0.001190 -0.001549 -0.001783 -0.001857 -0.001758 -0.001504 -0.001142 -0.000733 -0.000338 -0.000003 0.000251 0.000419 0.000515 0.000556 0.000559 0.000537 0.000502 0.000460 0.000421 0.000393 0.000380 0.000380 0.000388 0.000397 0.000407 0.000427 0.000475 0.000582 0.000780 0.001106 0.001589 0.002244 0.003068 0.004037 0.005045 0.006045 0.007046 0.007983 0.008793 0.009426 0.009847 0.010041 0.010005 0.009746 0.009280 0.008640 0.007877 0.007054 0.006236 0.005475 0.004802 0.004221 0.003719 0.003275 0.002877 0.002518 0.002199 0.001914 0.001651 0.001385 0.001087 0.000737 0.000333 -0.000106 -0.000545 -0.000941 -0.001246 -0.001421 -0.001444 -0.001319 -0.001081 -0.000782 -0.000481 -0.000219 -0.000017 0.000128 0.000227 0.000296 0.000348 0.000391 0.000429 0.000468 0.000514 0.000573 0.000654 0.000756 0.000871 0.000989 0.001099 0.001198 0.001293 0.001403 0.001558 0.001792 0.002144 0.002642 0.003302 0.004113 0.005170 0.006014 0.006881 0.007712 0.008453 0.009055 0.009482 0.009711 0.009729 0.009528 0.009112 0.008512 0.007783 0.006998 0.006223 0.005510 0.004892 0.004376 0.003947 0.003581 0.003254 0.002953 0.002675 0.002421 0.002187 0.001959 0.001715 0.001428 0.001087 0.000698 0.000282 -0.000125 -0.000485 -0.000757 -0.000908 -0.000926 -0.000826 -0.000651 -0.000455 -0.000281 -0.000148 -0.000052 0.000023 0.000091 0.000166 0.000251 0.000344 0.000446 0.000560 0.000693 0.000853 0.001044 0.001261 0.001489 0.001712 0.001915 0.002092 0.002250 0.002409 0.002603 0.002870 0.003246 0.003756 0.004404 0.005465 0.006152 0.006857 0.007532 0.008136 0.008634 0.009002 0.009215 0.009250 0.009085 0.008715 0.008166 0.007497 0.006779 0.006077 0.005438 0.004893 0.004449 0.004097 0.003809 0.003561 0.003333 0.003119 0.002918 0.002734 0.002564 0.002390 0.002189 0.001936 0.001623 0.001257 0.000859 0.000461 0.000102 -0.000177 -0.000344 -0.000393 -0.000348 -0.000257 -0.000169 -0.000107 -0.000068 -0.000034 0.000013 0.000085 0.000181 0.000297 0.000426 0.000570 0.000736 0.000936 0.001178 0.001461 0.001773 0.002093 0.002399 0.002675 0.002914 0.003127 0.003338 0.003584 0.003900 0.004316 0.004841 0.005859 0.006422 0.006984 0.007501 0.007943 0.008293 0.008545 0.008684 0.008685 0.008522 0.008182 0.007689 0.007098 0.006473 0.005866 0.005320 0.004859 0.004491 0.004210 0.003995 0.003823 0.003672 0.003533 0.003403 0.003285 0.003184 0.003090 0.002984 0.002835 0.002618 0.002324 0.001960 0.001546 0.001118 0.000722 0.000406 0.000204 0.000113 0.000098 0.000109 0.000110 0.000097 0.000086 0.000096 0.000139 0.000214 0.000310 0.000420 0.000544 0.000693 0.000883 0.001128 0.001435 0.001795 0.002188 0.002588 0.002970 0.003316 0.003623 0.003906 0.004190 0.004506 0.004884 0.005337 0.006271 0.006738 0.007188 0.007578 0.007876 0.008078 0.008189 0.008215 0.008141 0.007946 0.007621 0.007185 0.006681 0.006161 0.005665 0.005221 0.004847 0.004551 0.004331 0.004176 0.004068 0.003990 0.003929 0.003876 0.003832 0.003803 0.003789 0.003776 0.003732 0.003622 0.003418 0.003110 0.002709 0.002241 0.001753 0.001303 0.000949 0.000717 0.000592 0.000528 0.000478 0.000423 0.000369 0.000334 0.000327 0.000346 0.000382 0.000425 0.000481 0.000566 0.000704 0.000918 0.001219 0.001604 0.002057 0.002546 0.003041 0.003511 0.003941 0.004328 0.004687 0.005040 0.005413 0.005823 0.006611 0.006996 0.007358 0.007656 0.007857 0.007946 0.007938 0.007849 0.007688 0.007448 0.007128 0.006746 0.006332 0.005920 0.005536 0.005194 0.004904 0.004672 0.004500 0.004389 0.004330 0.004313 0.004321 0.004343 0.004373 0.004413 0.004468 0.004533 0.004581 0.004573 0.004467 0.004237 0.003877 0.003406 0.002864 0.002310 0.001818 0.001445 0.001204 0.001061 0.000962 0.000871 0.000779 0.000693 0.000622 0.000561 0.000504 0.000447 0.000402 0.000396 0.000461 0.000628 0.000914 0.001320 0.001830 0.002410 0.003019 0.003615 0.004167 0.004659 0.005092 0.005484 0.005856 0.006228 0.006766 0.007078 0.007369 0.007611 0.007764 0.007803 0.007732 0.007572 0.007347 0.007073 0.006764 0.006435 0.006108 0.005800 0.005521 0.005275 0.005061 0.004882 0.004747 0.004665 0.004639 0.004665 0.004729 0.004813 0.004905 0.005004 0.005113 0.005233 0.005349 0.005424 0.005410 0.005267 0.004975 0.004537 0.003983 0.003368 0.002770 0.002268 0.001908 0.001677 0.001525 0.001400 0.001273 0.001139 0.000998 0.000848 0.000685 0.000516 0.000363 0.000261 0.000254 0.000376 0.000651 0.001079 0.001641 0.002299 0.003002 0.003696 0.004335 0.004893 0.005366 0.005767 0.006120 0.006448 0.006631 0.006882 0.007124 0.007338 0.007490 0.007544 0.007484 0.007322 0.007090 0.006820 0.006540 0.006272 0.006028 0.005816 0.005633 0.005472 0.005326 0.005195 0.005090 0.005027 0.005020 0.005069 0.005166 0.005290 0.005427 0.005567 0.005712 0.005864 0.006017 0.006145 0.006203 0.006142 0.005930 0.005555 0.005031 0.004402 0.003742 0.003141 0.002671 0.002349 0.002137 0.001976 0.001820 0.001644 0.001441 0.001210 0.000952 0.000683 0.000435 0.000255 0.000190 0.000278 0.000541 0.000977 0.001564 0.002259 0.003003 0.003733 0.004394 0.004957 0.005415 0.005786 0.006097 0.006372 0.006171 0.006377 0.006589 0.006798 0.006980 0.007096 0.007113 0.007025 0.006853 0.006639 0.006421 0.006228 0.006069 0.005946 0.005851 0.005768 0.005686 0.005602 0.005528 0.005482 0.005483 0.005538 0.005640 0.005776 0.005929 0.006089 0.006249 0.006411 0.006574 0.006723 0.006824 0.006829 0.006696 0.006399 0.005936 0.005336 0.004662 0.004004 0.003452 0.003048 0.002775 0.002578 0.002397 0.002193 0.001948 0.001658 0.001331 0.000992 0.000681 0.000450 0.000347 0.000407 0.000646 0.001058 0.001619 0.002284 0.002992 0.003680 0.004289 0.004791 0.005185 0.005492 0.005743 0.005963 0.005455 0.005626 0.005816 0.006029 0.006252 0.006450 0.006580 0.006617 0.006565 0.006458 0.006340 0.006240 0.006174 0.006140 0.006128 0.006121 0.006106 0.006077 0.006041 0.006017 0.006022 0.006066 0.006149 0.006264 0.006400 0.006549 0.006701 0.006855 0.007008 0.007153 0.007269 0.007315 0.007248 0.007030 0.006645 0.006106 0.005462 0.004796 0.004202 0.003739 0.003416 0.003187 0.002991 0.002776 0.002514 0.002196 0.001837 0.001465 0.001126 0.000873 0.000751 0.000786 0.000985 0.001337 0.001818 0.002386 0.002986 0.003558 0.004049 0.004437 0.004729 0.004950 0.005131 0.005295 0.004622 0.004755 0.004924 0.005136 0.005389 0.005659 0.005901 0.006078 0.006174 0.006209 0.006218 0.006232 0.006269 0.006329 0.006402 0.006476 0.006535 0.006571 0.006587 0.006593 0.006603 0.006627 0.006669 0.006733 0.006819 0.006926 0.007047 0.007175 0.007305 0.007432 0.007543 0.007609 0.007587 0.007438 0.007133 0.006672 0.006093 0.005465 0.004873 0.004388 0.004034 0.003786 0.003588 0.003380 0.003125 0.002813 0.002457 0.002088 0.001755 0.001507 0.001380 0.001394 0.001545 0.001815 0.002182 0.002609 0.003053 0.003460 0.003790 0.004029 0.004192 0.004310 0.004410 0.004511 0.003808 0.003899 0.004040 0.004241 0.004506 0.004818 0.005143 0.005437 0.005674 0.005854 0.006001 0.006140 0.006288 0.006448 0.006613 0.006774 0.006915 0.007027 0.007105 0.007149 0.007165 0.007163 0.007151 0.007144 0.007157 0.007199 0.007267 0.007356 0.007456 0.007561 0.007659 0.007728 0.007733 0.007634 0.007400 0.007025 0.006533 0.005979 0.005432 0.004961 0.004604 0.004355 0.004167 0.003983 0.003759 0.003479 0.003154 0.002819 0.002516 0.002291 0.002173 0.002171 0.002272 0.002456 0.002698 0.002971 0.003241 0.003466 0.003618 0.003693 0.003715 0.003717 0.003725 0.003753 0.003102 0.003147 0.003257 0.003440 0.003701 0.004028 0.004396 0.004766 0.005108 0.005411 0.005683 0.005942 0.006200 0.006461 0.006721 0.006970 0.007195 0.007383 0.007522 0.007604 0.007627 0.007595 0.007525 0.007442 0.007375 0.007342 0.007351 0.007397 0.007469 0.007554 0.007638 0.007703 0.007719 0.007653 0.007477 0.007184 0.006791 0.006332 0.005862 0.005438 0.005104 0.004871 0.004707 0.004559 0.004381 0.004151 0.003878 0.003593 0.003336 0.003145 0.003041 0.003025 0.003079 0.003178 0.003298 0.003422 0.003526 0.003579 0.003561 0.003480 0.003364 0.003250 0.003161 0.003109 0.002536 0.002533 0.002610 0.002772 0.003022 0.003348 0.003731 0.004140 0.004547 0.004935 0.005304 0.005662 0.006015 0.006366 0.006709 0.007035 0.007331 0.007581 0.007769 0.007880 0.007902 0.007839 0.007715 0.007567 0.007433 0.007341 0.007304 0.007319 0.007373 0.007446 0.007521 0.007578 0.007594 0.007544 0.007412 0.007193 0.006898 0.006544 0.006165 0.005807 0.005517 0.005316 0.005185 0.005081 0.004955 0.004784 0.004572 0.004345 0.004139 0.003984 0.003893 0.003862 0.003868 0.003886 0.003897 0.003888 0.003845 0.003748 0.003587 0.003373 0.003138 0.002919 0.002738 0.002607 0.002104 0.002050 0.002088 0.002225 0.002457 0.002775 0.003160 0.003585 0.004027 0.004468 0.004903 0.005331 0.005754 0.006169 0.006569 0.006944 0.007283 0.007569 0.007784 0.007904 0.007914 0.007821 0.007659 0.007476 0.007314 0.007202 0.007152 0.007161 0.007213 0.007286 0.007356 0.007403 0.007410 0.007365 0.007264 0.007108 0.006900 0.006644 0.006356 0.006072 0.005837 0.005677 0.005585 0.005525 0.005450 0.005335 0.005182 0.005013 0.004857 0.004737 0.004658 0.004609 0.004571 0.004518 0.004435 0.004312 0.004144 0.003922 0.003645 0.003327 0.003001 0.002697 0.002439 0.002238 0.001784 0.001676 0.001664 0.001759 0.001959 0.002256 0.002630 0.003057 0.003515 0.003987 0.004460 0.004930 0.005392 0.005839 0.006263 0.006656 0.007007 0.007299 0.007511 0.007617 0.007605 0.007494 0.007331 0.007165 0.007035 0.006959 0.006942 0.006975 0.007041 0.007118 0.007182 0.007215 0.007209 0.007162 0.007081 0.006972 0.006834 0.006658 0.006451 0.006239 0.006061 0.005947 0.005893 0.005869 0.005835 0.005768 0.005666 0.005550 0.005443 0.005357 0.005290 0.005230 0.005155 0.005047 0.004888 0.004671 0.004396 0.004067 0.003693 0.003297 0.002906 0.002545 0.002231 0.001973 0.001544 0.001382 0.001308 0.001339 0.001480 0.001727 0.002065 0.002473 0.002927 0.003407 0.003896 0.004382 0.004856 0.005309 0.005731 0.006115 0.006450 0.006721 0.006902 0.006977 0.006950 0.006859 0.006754 0.006678 0.006649 0.006668 0.006724 0.006802 0.006887 0.006961 0.007011 0.007024 0.006999 0.006946 0.006878 0.006803 0.006714 0.006600 0.006459 0.006312 0.006192 0.006120 0.006096 0.006096 0.006089 0.006054 0.005995 0.005927 0.005868 0.005820 0.005775 0.005714 0.005620 0.005472 0.005253 0.004955 0.004583 0.004157 0.003701 0.003245 0.002814 0.002422 0.002075 0.001780 0.001355 0.001142 0.000997 0.000942 0.000991 0.001152 0.001418 0.001771 0.002189 0.002648 0.003126 0.003605 0.004070 0.004509 0.004911 0.005266 0.005564 0.005789 0.005928 0.005984 0.005986 0.005983 0.006015 0.006100 0.006229 0.006378 0.006524 0.006646 0.006738 0.006793 0.006812 0.006795 0.006749 0.006689 0.006631 0.006580 0.006529 0.006463 0.006380 0.006292 0.006223 0.006186 0.006180 0.006188 0.006189 0.006174 0.006150 0.006131 0.006126 0.006126 0.006116 0.006073 0.005975 0.005799 0.005527 0.005151 0.004687 0.004169 0.003641 0.003141 0.002689 0.002289 0.001934 0.001622 0.001184 0.000928 0.000712 0.000558 0.000491 0.000533 0.000689 0.000948 0.001291 0.001693 0.002129 0.002573 0.003006 0.003410 0.003772 0.004081 0.004327 0.004507 0.004630 0.004724 0.004834 0.004999 0.005234 0.005522 0.005824 0.006099 0.006316 0.006458 0.006530 0.006544 0.006516 0.006461 0.006394 0.006332 0.006287 0.006263 0.006249 0.006231 0.006203 0.006170 0.006144 0.006129 0.006125 0.006125 0.006122 0.006121 0.006133 0.006169 0.006228 0.006292 0.006333 0.006321 0.006227 0.006024 0.005694 0.005236 0.004680 0.004076 0.003487 0.002958 0.002504 0.002117 0.001776 0.001467 0.001002 0.000716 0.000434 0.000180 -0.000009 -0.000103 -0.000082 0.000054 0.000288 0.000598 0.000955 0.001332 0.001704 0.002049 0.002353 0.002607 0.002813 0.002988 0.003162 0.003378 0.003674 0.004060 0.004515 0.004991 0.005429 0.005782 0.006020 0.006142 0.006166 0.006121 0.006040 0.005949 0.005869 0.005817 0.005800 0.005816 0.005850 0.005886 0.005914 0.005929 0.005934 0.005928 0.005913 0.005895 0.005887 0.005904 0.005962 0.006067 0.006205 0.006346 0.006447 0.006468 0.006369 0.006124 0.005720 0.005174 0.004527 0.003850 0.003216 0.002677 0.002240 0.001883 0.001573 0.001286 0.000787 0.000483 0.000148 -0.000191 -0.000494 -0.000718 -0.000834 -0.000835 -0.000729 -0.000538 -0.000288 -0.000008 0.000276 0.000546 0.000789 0.001009 0.001221 0.001459 0.001761 0.002162 0.002670 0.003264 0.003891 0.004483 0.004977 0.005332 0.005533 0.005595 0.005551 0.005445 0.005319 0.005207 0.005135 0.005115 0.005147 0.005221 0.005317 0.005414 0.005496 0.005551 0.005574 0.005566 0.005537 0.005508 0.005505 0.005557 0.005679 0.005868 0.006097 0.006316 0.006469 0.006502 0.006371 0.006056 0.005563 0.004923 0.004197 0.003468 0.002815 0.002288 0.001886 0.001574 0.001310 0.001057 0.000521 0.000212 -0.000158 -0.000562 -0.000952 -0.001281 -0.001515 -0.001639 -0.001660 -0.001594 -0.001463 -0.001291 -0.001099 -0.000899 -0.000691 -0.000464 -0.000189 0.000167 0.000632 0.001214 0.001893 0.002618 0.003318 0.003923 0.004378 0.004659 0.004772 0.004749 0.004637 0.004484 0.004339 0.004236 0.004199 0.004235 0.004337 0.004484 0.004649 0.004807 0.004936 0.005022 0.005058 0.005050 0.005017 0.004994 0.005022 0.005132 0.005336 0.005617 0.005929 0.006207 0.006378 0.006381 0.006180 0.005771 0.005180 0.004456 0.003674 0.002923 0.002283 0.001793 0.001442 0.001189 0.000980 0.000770 0.000192 -0.000117 -0.000505 -0.000942 -0.001382 -0.001776 -0.002089 -0.002305 -0.002426 -0.002465 -0.002437 -0.002357 -0.002236 -0.002075 -0.001866 -0.001591 -0.001223 -0.000742 -0.000141 0.000562 0.001319 0.002065 0.002724 0.003237 0.003568 0.003719 0.003718 0.003610 0.003446 0.003277 0.003146 0.003084 0.003110 0.003221 0.003402 0.003623 0.003855 0.004066 0.004237 0.004350 0.004402 0.004405 0.004390 0.004403 0.004489 0.004678 0.004970 0.005330 0.005695 0.005984 0.006118 0.006044 0.005741 0.005228 0.004547 0.003765 0.002961 0.002226 0.001630 0.001202 0.000918 0.000731 0.000582 0.000417 -0.000220 -0.000525 -0.000917 -0.001359 -0.001807 -0.002217 -0.002559 -0.002818 -0.002994 -0.003095 -0.003129 -0.003102 -0.003013 -0.002855 -0.002614 -0.002275 -0.001821 -0.001250 -0.000578 0.000153 0.000882 0.001536 0.002052 0.002390 0.002545 0.002544 0.002430 0.002257 0.002072 0.001918 0.001832 0.001836 0.001938 0.002129 0.002383 0.002671 0.002957 0.003215 0.003421 0.003561 0.003637 0.003670 0.003698 0.003773 0.003936 0.004208 0.004571 0.004973 0.005336 0.005574 0.005619 0.005434 0.005021 0.004417 0.003677 0.002873 0.002088 0.001406 0.000883 0.000533 0.000326 0.000208 0.000115 -0.000013 -0.000742 -0.001048 -0.001430 -0.001850 -0.002265 -0.002644 -0.002963 -0.003212 -0.003390 -0.003500 -0.003543 -0.003518 -0.003418 -0.003230 -0.002941 -0.002541 -0.002031 -0.001425 -0.000760 -0.000093 0.000509 0.000983 0.001287 0.001412 0.001381 0.001240 0.001041 0.000833 0.000655 0.000542 0.000518 0.000594 0.000770 0.001028 0.001342 0.001679 0.002007 0.002299 0.002532 0.002699 0.002805 0.002881 0.002969 0.003117 0.003357 0.003690 0.004083 0.004470 0.004770 0.004909 0.004836 0.004538 0.004035 0.003373 0.002614 0.001830 0.001101 0.000500 0.000068 -0.000196 -0.000325 -0.000380 -0.000429 -0.000537 -0.001412 -0.001725 -0.002087 -0.002459 -0.002807 -0.003114 -0.003367 -0.003560 -0.003690 -0.003757 -0.003758 -0.003687 -0.003535 -0.003290 -0.002944 -0.002498 -0.001967 -0.001382 -0.000794 -0.000266 0.000144 0.000394 0.000471 0.000396 0.000212 -0.000029 -0.000276 -0.000490 -0.000640 -0.000703 -0.000666 -0.000526 -0.000293 0.000013 0.000364 0.000729 0.001077 0.001382 0.001628 0.001811 0.001946 0.002067 0.002214 0.002424 0.002712 0.003063 0.003431 0.003748 0.003945 0.003966 0.003784 0.003401 0.002846 0.002168 0.001428 0.000698 0.000051 -0.000455 -0.000794 -0.000973 -0.001034 -0.001043 -0.001074 -0.001189 -0.002275 -0.002596 -0.002926 -0.003228 -0.003485 -0.003692 -0.003848 -0.003951 -0.003996 -0.003979 -0.003895 -0.003739 -0.003503 -0.003182 -0.002777 -0.002301 -0.001781 -0.001263 -0.000800 -0.000447 -0.000244 -0.000204 -0.000312 -0.000529 -0.000806 -0.001093 -0.001350 -0.001545 -0.001657 -0.001672 -0.001585 -0.001401 -0.001134 -0.000808 -0.000450 -0.000090 0.000246 0.000536 0.000771 0.000953 0.001104 0.001255 0.001437 0.001673 0.001963 0.002279 0.002574 0.002791 0.002878 0.002799 0.002541 0.002113 0.001546 0.000886 0.000194 -0.000463 -0.001021 -0.001435 -0.001689 -0.001799 -0.001812 -0.001804 -0.001855 -0.002014 -0.003361 -0.003684 -0.003966 -0.004183 -0.004335 -0.004431 -0.004476 -0.004470 -0.004407 -0.004280 -0.004084 -0.003817 -0.003478 -0.003072 -0.002612 -0.002120 -0.001636 -0.001206 -0.000878 -0.000688 -0.000649 -0.000752 -0.000963 -0.001239 -0.001536 -0.001815 -0.002046 -0.002204 -0.002275 -0.002250 -0.002131 -0.001927 -0.001658 -0.001346 -0.001019 -0.000702 -0.000415 -0.000172 0.000024 0.000183 0.000325 0.000473 0.000648 0.000860 0.001099 0.001337 0.001536 0.001654 0.001654 0.001509 0.001212 0.000773 0.000220 -0.000401 -0.001033 -0.001613 -0.002090 -0.002427 -0.002617 -0.002680 -0.002677 -0.002697 -0.002815 -0.003049 -0.004660 -0.004969 -0.005191 -0.005319 -0.005369 -0.005357 -0.005292 -0.005173 -0.004993 -0.004745 -0.004427 -0.004041 -0.003596 -0.003108 -0.002599 -0.002102 -0.001658 -0.001306 -0.001080 -0.000992 -0.001037 -0.001187 -0.001406 -0.001656 -0.001906 -0.002128 -0.002302 -0.002410 -0.002441 -0.002390 -0.002261 -0.002067 -0.001828 -0.001568 -0.001311 -0.001074 -0.000870 -0.000702 -0.000569 -0.000461 -0.000363 -0.000261 -0.000142 -0.000004 0.000146 0.000288 0.000396 0.000436 0.000377 0.000195 -0.000116 -0.000548 -0.001072 -0.001646 -0.002217 -0.002731 -0.003145 -0.003429 -0.003577 -0.003624 -0.003649 -0.003748 -0.003975 -0.004304 -0.006103 -0.006380 -0.006537 -0.006587 -0.006551 -0.006448 -0.006286 -0.006062 -0.005770 -0.005405 -0.004970 -0.004473 -0.003932 -0.003371 -0.002819 -0.002313 -0.001888 -0.001572 -0.001383 -0.001316 -0.001352 -0.001461 -0.001609 -0.001769 -0.001922 -0.002052 -0.002149 -0.002201 -0.002199 -0.002139 -0.002026 -0.001873 -0.001699 -0.001525 -0.001366 -0.001235 -0.001133 -0.001059 -0.001009 -0.000978 -0.000959 -0.000943 -0.000922 -0.000888 -0.000841 -0.000789 -0.000755 -0.000773 -0.000874 -0.001080 -0.001395 -0.001809 -0.002298 -0.002824 -0.003343 -0.003808 -0.004180 -0.004430 -0.004562 -0.004628 -0.004728 -0.004951 -0.005308 -0.005724 -0.007555 -0.007789 -0.007890 -0.007882 -0.007785 -0.007615 -0.007374 -0.007061 -0.006671 -0.006204 -0.005668 -0.005077 -0.004455 -0.003829 -0.003233 -0.002699 -0.002255 -0.001920 -0.001698 -0.001578 -0.001538 -0.001549 -0.001584 -0.001624 -0.001660 -0.001686 -0.001701 -0.001700 -0.001679 -0.001632 -0.001563 -0.001480 -0.001396 -0.001328 -0.001284 -0.001265 -0.001270 -0.001295 -0.001338 -0.001402 -0.001486 -0.001582 -0.001676 -0.001751 -0.001798 -0.001822 -0.001852 -0.001923 -0.002065 -0.002291 -0.002604 -0.002994 -0.003445 -0.003927 -0.004403 -0.004832 -0.005175 -0.005406 -0.005544 -0.005666 -0.005880 -0.006244 -0.006716 -0.007185 -0.008850 -0.009039 -0.009098 -0.009051 -0.008914 -0.008694 -0.008392 -0.008006 -0.007536 -0.006987 -0.006371 -0.005707 -0.005021 -0.004340 -0.003694 -0.003111 -0.002611 -0.002209 -0.001906 -0.001690 -0.001544 -0.001444 -0.001368 -0.001301 -0.001236 -0.001175 -0.001123 -0.001085 -0.001061 -0.001048 -0.001043 -0.001049 -0.001070 -0.001114 -0.001181 -0.001267 -0.001367 -0.001481 -0.001615 -0.001778 -0.001970 -0.002179 -0.002381 -0.002551 -0.002675 -0.002769 -0.002865 -0.002997 -0.003182 -0.003427 -0.003731 -0.004093 -0.004504 -0.004943 -0.005378 -0.005773 -0.006089 -0.006311 -0.006476 -0.006680 -0.007018 -0.007501 -0.008039 -0.008513 -0.009829 -0.009975 -0.010001 -0.009923 -0.009752 -0.009489 -0.009134 -0.008689 -0.008157 -0.007550 -0.006883 -0.006175 -0.005447 -0.004724 -0.004030 -0.003386 -0.002812 -0.002320 -0.001915 -0.001594 -0.001346 -0.001154 -0.001002 -0.000871 -0.000754 -0.000652 -0.000572 -0.000526 -0.000519 -0.000554 -0.000624 -0.000723 -0.000848 -0.000993 -0.001154 -0.001322 -0.001495 -0.001680 -0.001890 -0.002139 -0.002424 -0.002726 -0.003012 -0.003254 -0.003447 -0.003612 -0.003784 -0.003982 -0.004211 -0.004469 -0.004759 -0.005087 -0.005453 -0.005842 -0.006230 -0.006581 -0.006865 -0.007083 -0.007290 -0.007580 -0.008014 -0.008558 -0.009102 -0.009540 -0.010388 -0.010492 -0.010481 -0.010368 -0.010156 -0.009849 -0.009448 -0.008959 -0.008393 -0.007763 -0.007083 -0.006369 -0.005634 -0.004894 -0.004166 -0.003469 -0.002819 -0.002234 -0.001727 -0.001305 -0.000970 -0.000715 -0.000526 -0.000386 -0.000279 -0.000196 -0.000143 -0.000129 -0.000166 -0.000259 -0.000404 -0.000588 -0.000799 -0.001024 -0.001251 -0.001473 -0.001693 -0.001924 -0.002188 -0.002497 -0.002846 -0.003207 -0.003547 -0.003843 -0.004100 -0.004342 -0.004594 -0.004859 -0.005126 -0.005391 -0.005661 -0.005948 -0.006257 -0.006580 -0.006899 -0.007189 -0.007434 -0.007651 -0.007902 -0.008256 -0.008734 -0.009272 -0.009771 -0.010151 -0.010496 -0.010558 -0.010507 -0.010351 -0.010097 -0.009750 -0.009320 -0.008818 -0.008259 -0.007654 -0.007012 -0.006338 -0.005637 -0.004913 -0.004176 -0.003441 -0.002728 -0.002059 -0.001457 -0.000941 -0.000526 -0.000219 -0.000015 0.000103 0.000157 0.000167 0.000142 0.000079 -0.000030 -0.000193 -0.000407 -0.000659 -0.000931 -0.001206 -0.001471 -0.001719 -0.001961 -0.002216 -0.002507 -0.002845 -0.003220 -0.003604 -0.003970 -0.004306 -0.004623 -0.004942 -0.005270 -0.005592 -0.005891 -0.006157 -0.006399 -0.006633 -0.006866 -0.007100 -0.007327 -0.007536 -0.007733 -0.007948 -0.008231 -0.008614 -0.009080 -0.009564 -0.009991 -0.010308 -0.010192 -0.010223 -0.010139 -0.009948 -0.009665 -0.009303 -0.008879 -0.008409 -0.007907 -0.007379 -0.006824 -0.006235 -0.005603 -0.004925 -0.004205 -0.003458 -0.002704 -0.001972 -0.001289 -0.000687 -0.000192 0.000176 0.000408 0.000511 0.000507 0.000427 0.000296 0.000128 -0.000075 -0.000316 -0.000592 -0.000892 -0.001199 -0.001497 -0.001774 -0.002029 -0.002276 -0.002536 -0.002830 -0.003165 -0.003529 -0.003903 -0.004271 -0.004632 -0.005001 -0.005385 -0.005776 -0.006145 -0.006467 -0.006729 -0.006935 -0.007099 -0.007236 -0.007356 -0.007467 -0.007581 -0.007723 -0.007928 -0.008222 -0.008600 -0.009019 -0.009426 -0.009777 -0.010040 -0.009560 -0.009585 -0.009493 -0.009297 -0.009019 -0.008682 -0.008308 -0.007916 -0.007513 -0.007099 -0.006660 -0.006176 -0.005631 -0.005016 -0.004336 -0.003606 -0.002849 -0.002092 -0.001364 -0.000699 -0.000132 0.000307 0.000593 0.000718 0.000695 0.000553 0.000330 0.000060 -0.000238 -0.000555 -0.000883 -0.001215 -0.001536 -0.001837 -0.002110 -0.002361 -0.002604 -0.002858 -0.003135 -0.003438 -0.003760 -0.004095 -0.004442 -0.004812 -0.005214 -0.005644 -0.006078 -0.006481 -0.006819 -0.007073 -0.007237 -0.007321 -0.007345 -0.007333 -0.007313 -0.007320 -0.007397 -0.007576 -0.007861 -0.008213 -0.008576 -0.008909 -0.009196 -0.009422 -0.008699 -0.008751 -0.008692 -0.008534 -0.008306 -0.008036 -0.007750 -0.007464 -0.007180 -0.006886 -0.006558 -0.006173 -0.005709 -0.005163 -0.004541 -0.003861 -0.003144 -0.002414 -0.001696 -0.001016 -0.000409 0.000091 0.000446 0.000631 0.000641 0.000494 0.000230 -0.000105 -0.000472 -0.000846 -0.001211 -0.001557 -0.001878 -0.002170 -0.002434 -0.002680 -0.002917 -0.003156 -0.003400 -0.003649 -0.003904 -0.004176 -0.004481 -0.004836 -0.005247 -0.005695 -0.006149 -0.006569 -0.006917 -0.007164 -0.007291 -0.007299 -0.007210 -0.007063 -0.006908 -0.006801 -0.006797 -0.006930 -0.007184 -0.007502 -0.007816 -0.008095 -0.008339 -0.008550 -0.007705 -0.007817 -0.007833 -0.007757 -0.007619 -0.007447 -0.007269 -0.007094 -0.006919 -0.006725 -0.006484 -0.006173 -0.005777 -0.005297 -0.004745 -0.004140 -0.003502 -0.002850 -0.002198 -0.001563 -0.000968 -0.000445 -0.000034 0.000227 0.000310 0.000218 -0.000024 -0.000365 -0.000755 -0.001151 -0.001529 -0.001874 -0.002184 -0.002463 -0.002720 -0.002962 -0.003194 -0.003412 -0.003611 -0.003789 -0.003960 -0.004150 -0.004391 -0.004705 -0.005093 -0.005530 -0.005976 -0.006393 -0.006742 -0.006985 -0.007091 -0.007047 -0.006872 -0.006613 -0.006335 -0.006114 -0.006016 -0.006076 -0.006276 -0.006552 -0.006832 -0.007080 -0.007306 -0.007521 -0.006667 -0.006862 -0.006981 -0.007018 -0.006993 -0.006935 -0.006863 -0.006787 -0.006698 -0.006576 -0.006395 -0.006138 -0.005798 -0.005381 -0.004903 -0.004386 -0.003849 -0.003307 -0.002765 -0.002226 -0.001697 -0.001199 -0.000766 -0.000443 -0.000273 -0.000277 -0.000442 -0.000732 -0.001091 -0.001468 -0.001828 -0.002155 -0.002447 -0.002713 -0.002964 -0.003204 -0.003427 -0.003617 -0.003761 -0.003860 -0.003935 -0.004030 -0.004186 -0.004432 -0.004765 -0.005157 -0.005567 -0.005958 -0.006291 -0.006529 -0.006634 -0.006579 -0.006370 -0.006049 -0.005689 -0.005372 -0.005175 -0.005141 -0.005261 -0.005480 -0.005728 -0.005964 -0.006192 -0.006431 -0.005656 -0.005941 -0.006174 -0.006334 -0.006429 -0.006480 -0.006504 -0.006509 -0.006485 -0.006414 -0.006277 -0.006064 -0.005772 -0.005414 -0.005007 -0.004579 -0.004151 -0.003736 -0.003330 -0.002922 -0.002500 -0.002067 -0.001651 -0.001297 -0.001055 -0.000961 -0.001024 -0.001220 -0.001502 -0.001820 -0.002135 -0.002426 -0.002693 -0.002944 -0.003187 -0.003419 -0.003622 -0.003772 -0.003852 -0.003864 -0.003841 -0.003832 -0.003888 -0.004042 -0.004292 -0.004611 -0.004958 -0.005298 -0.005596 -0.005819 -0.005928 -0.005894 -0.005707 -0.005395 -0.005016 -0.004650 -0.004376 -0.004246 -0.004269 -0.004410 -0.004615 -0.004842 -0.005086 -0.005359 -0.004718 -0.005089 -0.005428 -0.005703 -0.005908 -0.006056 -0.006162 -0.006232 -0.006260 -0.006232 -0.006135 -0.005960 -0.005712 -0.005405 -0.005067 -0.004728 -0.004415 -0.004137 -0.003882 -0.003623 -0.003329 -0.002990 -0.002622 -0.002267 -0.001981 -0.001806 -0.001764 -0.001847 -0.002024 -0.002252 -0.002496 -0.002737 -0.002970 -0.003200 -0.003424 -0.003631 -0.003795 -0.003887 -0.003891 -0.003814 -0.003692 -0.003579 -0.003529 -0.003575 -0.003723 -0.003947 -0.004211 -0.004480 -0.004725 -0.004915 -0.005021 -0.005015 -0.004882 -0.004633 -0.004304 -0.003955 -0.003654 -0.003457 -0.003390 -0.003445 -0.003592 -0.003799 -0.004054 -0.004363 -0.003880 -0.004318 -0.004744 -0.005114 -0.005413 -0.005644 -0.005821 -0.005950 -0.006026 -0.006039 -0.005977 -0.005839 -0.005630 -0.005376 -0.005110 -0.004870 -0.004682 -0.004550 -0.004451 -0.004344 -0.004186 -0.003952 -0.003652 -0.003325 -0.003024 -0.002794 -0.002662 -0.002633 -0.002693 -0.002814 -0.002971 -0.003148 -0.003336 -0.003531 -0.003718 -0.003875 -0.003971 -0.003981 -0.003895 -0.003726 -0.003511 -0.003300 -0.003145 -0.003081 -0.003117 -0.003235 -0.003405 -0.003595 -0.003775 -0.003920 -0.004008 -0.004018 -0.003939 -0.003771 -0.003531 -0.003254 -0.002987 -0.002774 -0.002653 -0.002636 -0.002719 -0.002892 -0.003145 -0.003478 -0.003147 -0.003631 -0.004119 -0.004563 -0.004938 -0.005243 -0.005486 -0.005671 -0.005794 -0.005846 -0.005818 -0.005713 -0.005549 -0.005358 -0.005181 -0.005056 -0.005002 -0.005015 -0.005067 -0.005108 -0.005084 -0.004961 -0.004743 -0.004467 -0.004179 -0.003921 -0.003722 -0.003595 -0.003541 -0.003550 -0.003611 -0.003712 -0.003841 -0.003980 -0.004102 -0.004177 -0.004175 -0.004081 -0.003893 -0.003631 -0.003328 -0.003030 -0.002781 -0.002614 -0.002540 -0.002551 -0.002625 -0.002735 -0.002851 -0.002951 -0.003015 -0.003028 -0.002984 -0.002882 -0.002731 -0.002544 -0.002347 -0.002168 -0.002037 -0.001981 -0.002014 -0.002146 -0.002381 -0.002719 -0.002516 -0.003021 -0.003549 -0.004049 -0.004490 -0.004864 -0.005173 -0.005414 -0.005582 -0.005668 -0.005672 -0.005605 -0.005497 -0.005387 -0.005316 -0.005314 -0.005393 -0.005544 -0.005736 -0.005914 -0.006020 -0.006013 -0.005890 -0.005683 -0.005433 -0.005174 -0.004931 -0.004725 -0.004570 -0.004473 -0.004436 -0.004452 -0.004503 -0.004560 -0.004587 -0.004549 -0.004426 -0.004214 -0.003921 -0.003570 -0.003191 -0.002820 -0.002491 -0.002232 -0.002058 -0.001969 -0.001952 -0.001985 -0.002044 -0.002106 -0.002149 -0.002162 -0.002138 -0.002079 -0.001991 -0.001879 -0.001753 -0.001627 -0.001519 -0.001455 -0.001459 -0.001555 -0.001761 -0.002085 -0.001975 -0.002481 -0.003030 -0.003573 -0.004075 -0.004519 -0.004894 -0.005191 -0.005400 -0.005517 -0.005552 -0.005531 -0.005491 -0.005474 -0.005516 -0.005634 -0.005835 -0.006105 -0.006418 -0.006721 -0.006954 -0.007068 -0.007054 -0.006934 -0.006739 -0.006498 -0.006233 -0.005970 -0.005732 -0.005543 -0.005411 -0.005334 -0.005289 -0.005238 -0.005143 -0.004975 -0.004724 -0.004399 -0.004015 -0.003593 -0.003155 -0.002726 -0.002332 -0.001996 -0.001735 -0.001554 -0.001450 -0.001411 -0.001417 -0.001446 -0.001476 -0.001491 -0.001482 -0.001450 -0.001399 -0.001332 -0.001254 -0.001170 -0.001091 -0.001035 -0.001026 -0.001093 -0.001266 -0.001561 -0.001508 -0.001998 -0.002556 -0.003134 -0.003695 -0.004207 -0.004648 -0.004996 -0.005241 -0.005387 -0.005457 -0.005488 -0.005524 -0.005604 -0.005750 -0.005973 -0.006272 -0.006638 -0.007049 -0.007461 -0.007814 -0.008054 -0.008158 -0.008133 -0.008001 -0.007788 -0.007517 -0.007218 -0.006921 -0.006654 -0.006434 -0.006258 -0.006100 -0.005924 -0.005698 -0.005404 -0.005047 -0.004641 -0.004200 -0.003739 -0.003269 -0.002803 -0.002360 -0.001960 -0.001619 -0.001353 -0.001165 -0.001051 -0.001000 -0.000994 -0.001008 -0.001024 -0.001026 -0.001010 -0.000977 -0.000931 -0.000876 -0.000816 -0.000755 -0.000706 -0.000689 -0.000733 -0.000871 -0.001126 -0.001097 -0.001558 -0.002114 -0.002720 -0.003333 -0.003909 -0.004409 -0.004802 -0.005078 -0.005252 -0.005360 -0.005449 -0.005561 -0.005728 -0.005963 -0.006268 -0.006639 -0.007071 -0.007552 -0.008049 -0.008510 -0.008872 -0.009094 -0.009164 -0.009092 -0.008905 -0.008634 -0.008312 -0.007972 -0.007642 -0.007340 -0.007062 -0.006788 -0.006491 -0.006152 -0.005769 -0.005354 -0.004922 -0.004478 -0.004022 -0.003554 -0.003077 -0.002603 -0.002149 -0.001738 -0.001387 -0.001111 -0.000914 -0.000793 -0.000735 -0.000718 -0.000719 -0.000719 -0.000705 -0.000676 -0.000636 -0.000588 -0.000538 -0.000487 -0.000443 -0.000421 -0.000444 -0.000546 -0.000757
SCALARS v float 1
LOOKUP_TABLE default
0.003822 0.003406 0.002626 0.001643 0.000628 -0.000329 -0.001233 -0.002135 -0.003076 -0.004053 -0.005013 -0.005867 -0.006511 -0.006857 -0.006865 -0.006550 -0.005991 -0.005317 -0.004687 -0.004232 -0.003949 -0.003684 -0.003226 -0.002459 -0.001420 -0.000240 0.000936 0.001999 0.002879 0.003542 0.003970 0.004152 0.004079 0.003757 0.003224 0.002557 0.001856 0.001223 0.000733 0.000429 0.000325 0.000402 0.000619 0.000915 0.001223 0.001479 0.001636 0.001675 0.001605 0.001462 0.001293 0.001148 0.001055 0.001022 0.001034 0.001076 0.001148 0.001273 0.001492 0.001841 0.002329 0.002906 0.003457 0.003815 0.004157 0.003874 0.003205 0.002290 0.001284 0.000276 -0.000729 -0.001754 -0.002808 -0.003858 -0.004841 -0.005671 -0.006264 -0.006551 -0.006502 -0.006139 -0.005533 -0.004812 -0.004139 -0.003660 -0.003403 -0.003233 -0.002934 -0.002358 -0.001501 -0.000467 0.000611 0.001616 0.002471 0.003127 0.003557 0.003738 0.003661 0.003337 0.002812 0.002164 0.001488 0.000870 0.000375 0.000046 -0.000098 -0.000062 0.000125 0.000411 0.000735 0.001033 0.001255 0.001372 0.001383 0.001311 0.001197 0.001084 0.001003 0.000969 0.000979 0.001025 0.001105 0.001240 0.001466 0.001823 0.002326 0.002939 0.003558 0.004020 0.004442 0.004300 0.003760 0.002931 0.001949 0.000895 -0.000207 -0.001352 -0.002512 -0.003627 -0.004622 -0.005421 -0.005959 -0.006190 -0.006097 -0.005699 -0.005066 -0.004313 -0.003599 -0.003081 -0.002819 -0.002714 -0.002562 -0.002192 -0.001552 -0.000701 0.000248 0.001179 0.002001 0.002650 0.003084 0.003277 0.003221 0.002931 0.002454 0.001862 0.001231 0.000634 0.000127 -0.000245 -0.000451 -0.000484 -0.000358 -0.000113 0.000195 0.000507 0.000772 0.000954 0.001042 0.001046 0.000996 0.000928 0.000874 0.000857 0.000883 0.000951 0.001061 0.001226 0.001474 0.001841 0.002349 0.002977 0.003639 0.004185 0.004680 0.004671 0.004266 0.003537 0.002590 0.001504 0.000317 -0.000935 -0.002188 -0.003358 -0.004358 -0.005121 -0.005602 -0.005781 -0.005652 -0.005238 -0.004598 -0.003836 -0.003098 -0.002538 -0.002246 -0.002168 -0.002134 -0.001961 -0.001554 -0.000922 -0.000139 0.000690 0.001467 0.002111 0.002567 0.002801 0.002802 0.002584 0.002190 0.001675 0.001100 0.000522 -0.000005 -0.000433 -0.000718 -0.000839 -0.000799 -0.000627 -0.000367 -0.000072 0.000207 0.000432 0.000582 0.000657 0.000672 0.000658 0.000645 0.000659 0.000719 0.000830 0.000996 0.001220 0.001516 0.001909 0.002420 0.003046 0.003723 0.004322 0.004875 0.004979 0.004701 0.004075 0.003177 0.002076 0.000827 -0.000507 -0.001836 -0.003050 -0.004051 -0.004776 -0.005201 -0.005326 -0.005168 -0.004752 -0.004128 -0.003385 -0.002648 -0.002063 -0.001733 -0.001651 -0.001690 -0.001679 -0.001493 -0.001092 -0.000506 0.000187 0.000897 0.001533 0.002024 0.002325 0.002415 0.002301 0.002011 0.001586 0.001070 0.000511 -0.000039 -0.000525 -0.000893 -0.001111 -0.001172 -0.001092 -0.000907 -0.000661 -0.000399 -0.000160 0.000030 0.000161 0.000237 0.000279 0.000313 0.000370 0.000473 0.000641 0.000880 0.001188 0.001563 0.002010 0.002541 0.003160 0.003828 0.004448 0.005033 0.005218 0.005049 0.004522 0.003683 0.002592 0.001312 -0.000074 -0.001453 -0.002699 -0.003701 -0.004392 -0.004760 -0.004831 -0.004644 -0.004235 -0.003646 -0.002948 -0.002246 -0.001664 -0.001309 -0.001207 -0.001279 -0.001380 -0.001376 -0.001189 -0.000807 -0.000271 0.000345 0.000955 0.001479 0.001856 0.002051 0.002055 0.001879 0.001549 0.001096 0.000562 -0.000003 -0.000536 -0.000979 -0.001289 -0.001451 -0.001474 -0.001383 -0.001211 -0.000995 -0.000771 -0.000565 -0.000396 -0.000268 -0.000174 -0.000093 0.000005 0.000151 0.000373 0.000685 0.001086 0.001562 0.002095 0.002676 0.003304 0.003957 0.004571 0.005149 0.005383 0.005298 0.004862 0.004092 0.003037 0.001761 0.000360 -0.001042 -0.002304 -0.003304 -0.003969 -0.004286 -0.004302 -0.004081 -0.003680 -0.003139 -0.002510 -0.001871 -0.001327 -0.000974 -0.000858 -0.000937 -0.001105 -0.001232 -0.001221 -0.001024 -0.000648 -0.000141 0.000423 0.000961 0.001402 0.001694 0.001811 0.001747 0.001512 0.001128 0.000631 0.000071 -0.000486 -0.000980 -0.001364 -0.001617 -0.001740 -0.001751 -0.001671 -0.001527 -0.001343 -0.001146 -0.000958 -0.000792 -0.000654 -0.000531 -0.000399 -0.000222 0.000036 0.000403 0.000883 0.001458 0.002094 0.002757 0.003424 0.004078 0.004679 0.005204 0.005467 0.005443 0.005088 0.004397 0.003403 0.002167 0.000788 -0.000605 -0.001865 -0.002860 -0.003504 -0.003781 -0.003745 -0.003485 -0.003086 -0.002595 -0.002049 -0.001500 -0.001024 -0.000705 -0.000591 -0.000673 -0.000875 -0.001087 -0.001206 -0.001163 -0.000933 -0.000539 -0.000039 0.000490 0.000969 0.001334 0.001543 0.001576 0.001431 0.001122 0.000681 0.000154 -0.000395 -0.000906 -0.001333 -0.001653 -0.001865 -0.001977 -0.002001 -0.001947 -0.001828 -0.001663 -0.001474 -0.001285 -0.001113 -0.000958 -0.000802 -0.000610 -0.000339 0.000049 0.000573 0.001220 0.001949 0.002706 0.003442 0.004128 0.004732 0.005157 0.005447 0.005476 0.005198 0.004596 0.003687 0.002525 0.001202 -0.000152 -0.001390 -0.002370 -0.002997 -0.003244 -0.003163 -0.002862 -0.002454 -0.002007 -0.001550 -0.001108 -0.000727 -0.000468 -0.000381 -0.000469 -0.000687 -0.000948 -0.001155 -0.001228 -0.001122 -0.000838 -0.000416 0.000076 0.000558 0.000961 0.001231 0.001337 0.001272 0.001043 0.000676 0.000214 -0.000288 -0.000776 -0.001209 -0.001565 -0.001841 -0.002043 -0.002171 -0.002220 -0.002185 -0.002073 -0.001904 -0.001708 -0.001514 -0.001337 -0.001169 -0.000979 -0.000719 -0.000343 0.000181 0.000853 0.001637 0.002470 0.003285 0.004030 0.004667 0.004954 0.005290 0.005381 0.005187 0.004686 0.003885 0.002826 0.001591 0.000304 -0.000889 -0.001841 -0.002446 -0.002669 -0.002554 -0.002216 -0.001791 -0.001374 -0.001002 -0.000677 -0.000410 -0.000236 -0.000195 -0.000300 -0.000525 -0.000807 -0.001063 -0.001214 -0.001204 -0.001019 -0.000685 -0.000259 0.000185 0.000578 0.000865 0.001013 0.001009 0.000858 0.000581 0.000212 -0.000204 -0.000626 -0.001022 -0.001376 -0.001689 -0.001960 -0.002182 -0.002333 -0.002392 -0.002348 -0.002216 -0.002029 -0.001829 -0.001643 -0.001476 -0.001302 -0.001074 -0.000739 -0.000255 0.000391 0.001176 0.002042 0.002915 0.003725 0.004419 0.004552 0.004960 0.005134 0.005041 0.004660 0.003989 0.003060 0.001942 0.000748 -0.000377 -0.001283 -0.001857 -0.002054 -0.001912 -0.001546 -0.001102 -0.000704 -0.000403 -0.000192 -0.000052 0.000016 -0.000008 -0.000139 -0.000368 -0.000651 -0.000924 -0.001114 -0.001168 -0.001063 -0.000818 -0.000481 -0.000118 0.000212 0.000462 0.000605 0.000632 0.000547 0.000366 0.000113 -0.000185 -0.000502 -0.000821 -0.001137 -0.001451 -0.001764 -0.002059 -0.002301 -0.002449 -0.002478 -0.002393 -0.002228 -0.002035 -0.001855 -0.001702 -0.001559 -0.001382 -0.001113 -0.000703 -0.000127 0.000605 0.001451 0.002340 0.003195 0.003950 0.003938 0.004435 0.004716 0.004747 0.004506 0.003988 0.003213 0.002238 0.001164 0.000132 -0.000708 -0.001235 -0.001399 -0.001234 -0.000848 -0.000392 -0.000005 0.000240 0.000348 0.000360 0.000310 0.000203 0.000032 -0.000201 -0.000472 -0.000734 -0.000930 -0.001013 -0.000963 -0.000797 -0.000562 -0.000313 -0.000095 0.000062 0.000147 0.000162 0.000117 0.000024 -0.000107 -0.000266 -0.000449 -0.000659 -0.000902 -0.001187 -0.001513 -0.001853 -0.002162 -0.002382 -0.002474 -0.002435 -0.002300 -0.002124 -0.001961 -0.001835 -0.001737 -0.001626 -0.001444 -0.001137 -0.000668 -0.000032 0.000742 0.001598 0.002463 0.003264 0.003128 0.003720 0.004122 0.004296 0.004216 0.003871 0.003272 0.002466 0.001541 0.000628 -0.000121 -0.000583 -0.000703 -0.000513 -0.000118 0.000337 0.000709 0.000909 0.000932 0.000828 0.000657 0.000456 0.000232 -0.000011 -0.000263 -0.000495 -0.000669 -0.000749 -0.000728 -0.000627 -0.000494 -0.000378 -0.000308 -0.000292 -0.000315 -0.000357 -0.000397 -0.000425 -0.000441 -0.000457 -0.000493 -0.000573 -0.000722 -0.000953 -0.001264 -0.001621 -0.001967 -0.002234 -0.002371 -0.002370 -0.002261 -0.002105 -0.001964 -0.001871 -0.001826 -0.001793 -0.001716 -0.001535 -0.001203 -0.000701 -0.000040 0.000739 0.001574 0.002393 0.002157 0.002836 0.003364 0.003693 0.003790 0.003636 0.003235 0.002622 0.001874 0.001108 0.000473 0.000096 0.000033 0.000250 0.000644 0.001082 0.001427 0.001585 0.001538 0.001336 0.001056 0.000758 0.000473 0.000210 -0.000025 -0.000218 -0.000348 -0.000402 -0.000384 -0.000329 -0.000291 -0.000313 -0.000411 -0.000566 -0.000734 -0.000871 -0.000941 -0.000930 -0.000851 -0.000736 -0.000630 -0.000579 -0.000625 -0.000789 -0.001065 -0.001414 -0.001771 -0.002059 -0.002223 -0.002245 -0.002155 -0.002016 -0.001894 -0.001831 -0.001837 -0.001882 -0.001915 -0.001872 -0.001698 -0.001358 -0.000847 -0.000185 0.000579 0.001382 0.001072 0.001817 0.002463 0.002951 0.003236 0.003290 0.003107 0.002711 0.002163 0.001570 0.001073 0.000800 0.000806 0.001051 0.001436 0.001838 0.002137 0.002246 0.002138 0.001859 0.001488 0.001103 0.000754 0.000463 0.000239 0.000086 0.000009 -0.000000 0.000033 0.000059 0.000018 -0.000136 -0.000403 -0.000740 -0.001074 -0.001331 -0.001456 -0.001433 -0.001284 -0.001060 -0.000831 -0.000663 -0.000613 -0.000708 -0.000942 -0.001269 -0.001619 -0.001911 -0.002086 -0.002121 -0.002045 -0.001917 -0.001805 -0.001761 -0.001802 -0.001911 -0.002039 -0.002126 -0.002110 -0.001946 -0.001610 -0.001103 -0.000452 0.000293 -0.000045 0.000727 0.001465 0.002101 0.002576 0.002847 0.002896 0.002733 0.002404 0.002003 0.001667 0.001519 0.001603 0.001878 0.002245 0.002594 0.002827 0.002871 0.002704 0.002362 0.001923 0.001469 0.001063 0.000740 0.000517 0.000399 0.000375 0.000419 0.000482 0.000498 0.000396 0.000129 -0.000294 -0.000808 -0.001311 -0.001698 -0.001896 -0.001881 -0.001686 -0.001379 -0.001053 -0.000793 -0.000666 -0.000704 -0.000899 -0.001202 -0.001539 -0.001829 -0.002008 -0.002055 -0.001991 -0.001871 -0.001763 -0.001724 -0.001781 -0.001924 -0.002116 -0.002301 -0.002418 -0.002415 -0.002255 -0.001923 -0.001423 -0.000782 -0.001088 -0.000336 0.000452 0.001205 0.001850 0.002331 0.002612 0.002686 0.002584 0.002394 0.002240 0.002233 0.002407 0.002711 0.003050 0.003331 0.003480 0.003445 0.003213 0.002817 0.002329 0.001827 0.001376 0.001023 0.000794 0.000699 0.000722 0.000820 0.000924 0.000949 0.000810 0.000458 -0.000095 -0.000766 -0.001427 -0.001947 -0.002227 -0.002237 -0.002014 -0.001649 -0.001253 -0.000928 -0.000750 -0.000752 -0.000924 -0.001213 -0.001542 -0.001831 -0.002018 -0.002080 -0.002032 -0.001925 -0.001822 -0.001780 -0.001832 -0.001979 -0.002194 -0.002431 -0.002635 -0.002754 -0.002747 -0.002582 -0.002246 -0.001739 -0.001976 -0.001275 -0.000474 0.000354 0.001133 0.001792 0.002281 0.002576 0.002699 0.002728 0.002773 0.002922 0.003190 0.003519 0.003824 0.004028 0.004081 0.003955 0.003650 0.003204 0.002679 0.002147 0.001667 0.001288 0.001047 0.000963 0.001023 0.001173 0.001325 0.001377 0.001230 0.000829 0.000186 -0.000610 -0.001412 -0.002061 -0.002433 -0.002481 -0.002249 -0.001844 -0.001400 -0.001036 -0.000833 -0.000825 -0.000994 -0.001284 -0.001617 -0.001913 -0.002113 -0.002196 -0.002173 -0.002088 -0.001997 -0.001952 -0.001990 -0.002118 -0.002321 -0.002565 -0.002807 -0.003001 -0.003105 -0.003081 -0.002894 -0.002525 -0.002698 -0.002047 -0.001246 -0.000367 0.000508 0.001302 0.001955 0.002438 0.002767 0.003010 0.003256 0.003563 0.003921 0.004271 0.004537 0.004662 0.004614 0.004391 0.004008 0.003511 0.002957 0.002405 0.001909 0.001511 0.001255 0.001171 0.001253 0.001448 0.001655 0.001754 0.001633 0.001225 0.000537 -0.000343 -0.001258 -0.002029 -0.002502 -0.002608 -0.002384 -0.001956 -0.001482 -0.001098 -0.000893 -0.000896 -0.001083 -0.001390 -0.001737 -0.002046 -0.002265 -0.002373 -0.002384 -0.002333 -0.002267 -0.002231 -0.002257 -0.002358 -0.002529 -0.002748 -0.002988 -0.003215 -0.003390 -0.003469 -0.003404 -0.003154 -0.003287 -0.002667 -0.001854 -0.000924 0.000031 0.000926 0.001700 0.002327 0.002829 0.003263 0.003692 0.004140 0.004576 0.004939 0.005165 0.005212 0.005070 0.004751 0.004290 0.003739 0.003155 0.002589 0.002082 0.001672 0.001401 0.001307 0.001398 0.001627 0.001891 0.002056 0.001994 0.001625 0.000943 0.000028 -0.000966 -0.001845 -0.002429 -0.002617 -0.002427 -0.001994 -0.001502 -0.001109 -0.000914 -0.000943 -0.001161 -0.001496 -0.001862 -0.002186 -0.002424 -0.002562 -0.002615 -0.002613 -0.002591 -0.002585 -0.002616 -0.002700 -0.002835 -0.003017 -0.003231 -0.003458 -0.003667 -0.003812 -0.003835 -0.003674 -0.003783 -0.003172 -0.002325 -0.001326 -0.000285 0.000700 0.001565 0.002297 0.002929 0.003514 0.004089 0.004646 0.005138 0.005503 0.005690 0.005669 0.005444 0.005039 0.004504 0.003898 0.003280 0.002695 0.002178 0.001759 0.001474 0.001365 0.001452 0.001704 0.002021 0.002264 0.002291 0.002003 0.001378 0.000481 -0.000546 -0.001510 -0.002209 -0.002503 -0.002380 -0.001968 -0.001470 -0.001074 -0.000892 -0.000949 -0.001200 -0.001561 -0.001944 -0.002280 -0.002537 -0.002711 -0.002819 -0.002885 -0.002934 -0.002985 -0.003051 -0.003140 -0.003256 -0.003402 -0.003579 -0.003781 -0.003990 -0.004162 -0.004234 -0.004128 -0.004203 -0.003585 -0.002693 -0.001612 -0.000469 0.000613 0.001563 0.002375 0.003097 0.003783 0.004454 0.005079 0.005600 0.005956 0.006106 0.006031 0.005739 0.005266 0.004665 0.004002 0.003341 0.002729 0.002197 0.001769 0.001473 0.001350 0.001425 0.001684 0.002046 0.002370 0.002505 0.002333 0.001812 0.000984 -0.000028 -0.001040 -0.001843 -0.002260 -0.002239 -0.001880 -0.001396 -0.001000 -0.000825 -0.000901 -0.001174 -0.001551 -0.001941 -0.002286 -0.002565 -0.002785 -0.002966 -0.003127 -0.003278 -0.003422 -0.003559 -0.003684 -0.003800 -0.003917 -0.004048 -0.004204 -0.004379 -0.004538 -0.004617 -0.004532 -0.004551 -0.003919 -0.002985 -0.001825 -0.000575 0.000619 0.001662 0.002547 0.003331 0.004074 0.004791 0.005442 0.005963 0.006299 0.006416 0.006301 0.005966 0.005443 0.004787 0.004068 0.003356 0.002704 0.002148 0.001708 0.001405 0.001270 0.001332 0.001590 0.001981 0.002379 0.002627 0.002593 0.002209 0.001495 0.000550 -0.000465 -0.001344 -0.001888 -0.001995 -0.001726 -0.001280 -0.000891 -0.000715 -0.000792 -0.001068 -0.001443 -0.001830 -0.002179 -0.002486 -0.002770 -0.003051 -0.003337 -0.003626 -0.003901 -0.004141 -0.004329 -0.004461 -0.004550 -0.004622 -0.004707 -0.004815 -0.004926 -0.004978 -0.004884 -0.004833 -0.004188 -0.003226 -0.002006 -0.000662 0.000645 0.001794 0.002760 0.003596 0.004367 0.005092 0.005735 0.006235 0.006542 0.006631 0.006491 0.006132 0.005579 0.004882 0.004110 0.003341 0.002640 0.002049 0.001592 0.001282 0.001142 0.001196 0.001448 0.001855 0.002309 0.002662 0.002769 0.002542 0.001976 0.001141 0.000173 -0.000743 -0.001398 -0.001647 -0.001497 -0.001119 -0.000748 -0.000564 -0.000625 -0.000883 -0.001238 -0.001610 -0.001963 -0.002309 -0.002676 -0.003082 -0.003524 -0.003980 -0.004413 -0.004779 -0.005045 -0.005196 -0.005249 -0.005246 -0.005235 -0.005253 -0.005292 -0.005298 -0.005178 -0.005061 -0.004412 -0.003441 -0.002191 -0.000780 0.000625 0.001883 0.002941 0.003834 0.004624 0.005339 0.005954 0.006419 0.006695 0.006760 0.006608 0.006243 0.005679 0.004955 0.004138 0.003313 0.002558 0.001927 0.001446 0.001128 0.000985 0.001036 0.001285 0.001699 0.002193 0.002630 0.002865 0.002796 0.002394 0.001703 0.000825 -0.000083 -0.000818 -0.001203 -0.001192 -0.000908 -0.000574 -0.000382 -0.000414 -0.000634 -0.000954 -0.001303 -0.001662 -0.002059 -0.002525 -0.003074 -0.003689 -0.004325 -0.004924 -0.005423 -0.005768 -0.005934 -0.005941 -0.005846 -0.005727 -0.005644 -0.005607 -0.005564 -0.005418 -0.005247 -0.004606 -0.003647 -0.002398 -0.000960 0.000512 0.001866 0.003020 0.003981 0.004798 0.005504 0.006087 0.006516 0.006761 0.006809 0.006656 0.006297 0.005737 0.005003 0.004155 0.003285 0.002482 0.001811 0.001303 0.000970 0.000823 0.000874 0.001123 0.001542 0.002060 0.002557 0.002897 0.002972 0.002735 0.002204 0.001447 0.000588 -0.000189 -0.000690 -0.000820 -0.000649 -0.000371 -0.000180 -0.000176 -0.000347 -0.000622 -0.000944 -0.001313 -0.001767 -0.002342 -0.003040 -0.003823 -0.004631 -0.005385 -0.006004 -0.006419 -0.006592 -0.006546 -0.006357 -0.006131 -0.005954 -0.005851 -0.005769 -0.005606 -0.005392 -0.004773 -0.003845 -0.002627 -0.001201 0.000296 0.001716 0.002956 0.003992 0.004849 0.005557 0.006119 0.006519 0.006741 0.006779 0.006630 0.006287 0.005743 0.005015 0.004158 0.003264 0.002431 0.001730 0.001195 0.000843 0.000684 0.000730 0.000978 0.001401 0.001932 0.002468 0.002886 0.003082 0.002996 0.002627 0.002008 0.001227 0.000442 -0.000146 -0.000406 -0.000356 -0.000149 0.000029 0.000064 -0.000054 -0.000277 -0.000571 -0.000952 -0.001467 -0.002150 -0.002987 -0.003923 -0.004876 -0.005757 -0.006471 -0.006936 -0.007106 -0.007004 -0.006726 -0.006407 -0.006157 -0.006010 -0.005908 -0.005742 -0.005492 -0.004907 -0.004027 -0.002863 -0.001483 -0.000000 0.001447 0.002748 0.003850 0.004755 0.005480 0.006036 0.006419 0.006628 0.006662 0.006524 0.006202 0.005685 0.004980 0.004139 0.003252 0.002417 0.001705 0.001152 0.000776 0.000595 0.000625 0.000865 0.001285 0.001821 0.002380 0.002853 0.003143 0.003189 0.002969 0.002487 0.001796 0.001031 0.000387 0.000019 -0.000048 0.000076 0.000227 0.000286 0.000219 0.000047 -0.000219 -0.000611 -0.001185 -0.001967 -0.002927 -0.003988 -0.005053 -0.006022 -0.006798 -0.007290 -0.007443 -0.007284 -0.006926 -0.006533 -0.006235 -0.006069 -0.005970 -0.005818 -0.005539 -0.005005 -0.004187 -0.003092 -0.001778 -0.000341 0.001097 0.002425 0.003575 0.004522 0.005272 0.005833 0.006211 0.006415 0.006453 0.006328 0.006033 0.005554 0.004894 0.004097 0.003250 0.002446 0.001748 0.001189 0.000788 0.000574 0.000573 0.000790 0.001196 0.001729 0.002301 0.002812 0.003175 0.003329 0.003236 0.002875 0.002273 0.001543 0.000871 0.000422 0.000251 0.000288 0.000401 0.000472 0.000450 0.000327 0.000089 -0.000314 -0.000939 -0.001807 -0.002867 -0.004022 -0.005162 -0.006182 -0.006986 -0.007479 -0.007602 -0.007382 -0.006953 -0.006504 -0.006181 -0.006020 -0.005944 -0.005824 -0.005530 -0.005063 -0.004320 -0.003307 -0.002070 -0.000695 0.000708 0.002035 0.003205 0.004180 0.004950 0.005520 0.005900 0.006107 0.006153 0.006049 0.005788 0.005358 0.004760 0.004034 0.003261 0.002519 0.001858 0.001302 0.000876 0.000618 0.000570 0.000747 0.001128 0.001652 0.002231 0.002772 0.003193 0.003432 0.003438 0.003174 0.002648 0.001960 0.001281 0.000777 0.000519 0.000473 0.000539 0.000612 0.000627 0.000549 0.000339 -0.000070 -0.000737 -0.001672 -0.002807 -0.004026 -0.005205 -0.006242 -0.007043 -0.007517 -0.007600 -0.007319 -0.006827 -0.006335 -0.006005 -0.005865 -0.005829 -0.005759 -0.005464 -0.005078 -0.004426 -0.003504 -0.002354 -0.001050 0.000305 0.001609 0.002779 0.003765 0.004545 0.005122 0.005507 0.005721 0.005784 0.005707 0.005488 0.005116 0.004595 0.003964 0.003290 0.002633 0.002021 0.001471 0.001013 0.000703 0.000595 0.000721 0.001068 0.001580 0.002169 0.002740 0.003209 0.003511 0.003587 0.003390 0.002923 0.002276 0.001608 0.001070 0.000743 0.000620 0.000635 0.000702 0.000747 0.000711 0.000528 0.000119 -0.000578 -0.001561 -0.002745 -0.003997 -0.005186 -0.006211 -0.006987 -0.007426 -0.007462 -0.007124 -0.006578 -0.006055 -0.005727 -0.005619 -0.005633 -0.005622 -0.005342 -0.005046 -0.004494 -0.003676 -0.002621 -0.001397 -0.000101 0.001167 0.002321 0.003304 0.004087 0.004669 0.005063 0.005292 0.005378 0.005335 0.005163 0.004857 0.004425 0.003904 0.003343 0.002773 0.002204 0.001648 0.001150 0.000780 0.000611 0.000686 0.001003 0.001509 0.002114 0.002718 0.003230 0.003577 0.003695 0.003538 0.003112 0.002503 0.001853 0.001297 0.000915 0.000725 0.000691 0.000748 0.000817 0.000817 0.000661 0.000255 -0.000461 -0.001472 -0.002680 -0.003939 -0.005114 -0.006106 -0.006838 -0.007227 -0.007210 -0.006820 -0.006232 -0.005691 -0.005375 -0.005304 -0.005370 -0.005424 -0.005166 -0.004959 -0.004509 -0.003800 -0.002851 -0.001720 -0.000495 0.000724 0.001849 0.002819 0.003602 0.004190 0.004599 0.004850 0.004966 0.004964 0.004845 0.004612 0.004278 0.003870 0.003413 0.002907 0.002350 0.001766 0.001219 0.000796 0.000580 0.000622 0.000926 0.001440 0.002072 0.002713 0.003262 0.003638 0.003776 0.003637 0.003237 0.002659 0.002027 0.001460 0.001035 0.000789 0.000713 0.000760 0.000849 0.000880 0.000745 0.000342 -0.000385 -0.001408 -0.002618 -0.003862 -0.005003 -0.005943 -0.006612 -0.006934 -0.006857 -0.006422 -0.005808 -0.005268 -0.004975 -0.004944 -0.005061 -0.005175 -0.004944 -0.004810 -0.004451 -0.003847 -0.003009 -0.001983 -0.000847 0.000305 0.001388 0.002335 0.003112 0.003709 0.004136 0.004417 0.004571 0.004615 0.004558 0.004406 0.004169 0.003856 0.003461 0.002969 0.002384 0.001753 0.001160 0.000706 0.000477 0.000524 0.000844 0.001385 0.002052 0.002729 0.003308 0.003699 0.003839 0.003702 0.003315 0.002758 0.002141 0.001564 0.001107 0.000820 0.000714 0.000755 0.000859 0.000911 0.000787 0.000381 -0.000354 -0.001379 -0.002574 -0.003784 -0.004871 -0.005738 -0.006320 -0.006557 -0.006412 -0.005938 -0.005321 -0.004804 -0.004551 -0.004565 -0.004729 -0.004893 -0.004686 -0.004601 -0.004309 -0.003794 -0.003061 -0.002146 -0.001114 -0.000048 0.000972 0.001882 0.002644 0.003246 0.003695 0.004009 0.004209 0.004310 0.004322 0.004247 0.004082 0.003812 0.003414 0.002878 0.002233 0.001553 0.000941 0.000501 0.000311 0.000408 0.000779 0.001366 0.002070 0.002775 0.003368 0.003757 0.003885 0.003739 0.003353 0.002808 0.002198 0.001616 0.001141 0.000832 0.000712 0.000751 0.000862 0.000919 0.000788 0.000367 -0.000379 -0.001398 -0.002564 -0.003721 -0.004729 -0.005495 -0.005963 -0.006095 -0.005875 -0.005375 -0.004780 -0.004316 -0.004123 -0.004190 -0.004395 -0.004596 -0.004405 -0.004338 -0.004080 -0.003627 -0.002985 -0.002180 -0.001262 -0.000297 0.000642 0.001498 0.002232 0.002831 0.003299 0.003650 0.003901 0.004061 0.004132 0.004103 0.003952 0.003652 0.003186 0.002568 0.001862 0.001163 0.000582 0.000214 0.000118 0.000309 0.000758 0.001399 0.002135 0.002851 0.003437 0.003806 0.003908 0.003740 0.003347 0.002805 0.002201 0.001623 0.001148 0.000838 0.000719 0.000758 0.000863 0.000900 0.000739 0.000286 -0.000476 -0.001483 -0.002603 -0.003678 -0.004574 -0.005205 -0.005532 -0.005543 -0.005251 -0.004745 -0.004202 -0.003822 -0.003710 -0.003837 -0.004079 -0.004301 -0.004116 -0.004033 -0.003774 -0.003351 -0.002778 -0.002074 -0.001271 -0.000417 0.000428 0.001216 0.001910 0.002497 0.002978 0.003360 0.003652 0.003850 0.003941 0.003898 0.003692 0.003300 0.002732 0.002037 0.001302 0.000639 0.000150 -0.000090 -0.000049 0.000263 0.000800 0.001492 0.002242 0.002946 0.003500 0.003826 0.003887 0.003689 0.003283 0.002744 0.002155 0.001596 0.001143 0.000853 0.000744 0.000777 0.000853 0.000843 0.000625 0.000124 -0.000658 -0.001641 -0.002686 -0.003643 -0.004385 -0.004846 -0.005013 -0.004901 -0.004551 -0.004065 -0.003608 -0.003340 -0.003329 -0.003523 -0.003798 -0.004025 -0.003831 -0.003700 -0.003406 -0.002984 -0.002458 -0.001840 -0.001145 -0.000403 0.000345 0.001058 0.001703 0.002266 0.002745 0.003137 0.003438 0.003629 0.003681 0.003563 0.003249 0.002743 0.002083 0.001348 0.000643 0.000076 -0.000267 -0.000342 -0.000144 0.000292 0.000908 0.001631 0.002372 0.003035 0.003530 0.003794 0.003801 0.003570 0.003154 0.002626 0.002065 0.001545 0.001133 0.000875 0.000778 0.000791 0.000813 0.000726 0.000428 -0.000131 -0.000924 -0.001856 -0.002789 -0.003580 -0.004129 -0.004397 -0.004399 -0.004177 -0.003796 -0.003363 -0.003023 -0.002892 -0.002996 -0.003261 -0.003562 -0.003778 -0.003557 -0.003353 -0.003000 -0.002557 -0.002059 -0.001511 -0.000912 -0.000272 0.000383 0.001019 0.001608 0.002133 0.002585 0.002953 0.003217 0.003347 0.003310 0.003078 0.002644 0.002039 0.001328 0.000612 -0.000003 -0.000421 -0.000586 -0.000484 -0.000139 0.000398 0.001065 0.001790 0.002490 0.003085 0.003500 0.003688 0.003638 0.003377 0.002960 0.002457 0.001940 0.001474 0.001115 0.000894 0.000800 0.000772 0.000715 0.000529 0.000140 -0.000469 -0.001248 -0.002089 -0.002861 -0.003445 -0.003775 -0.003846 -0.003698 -0.003395 -0.003018 -0.002674 -0.002478 -0.002500 -0.002725 -0.003061 -0.003379 -0.003566 -0.003297 -0.003003 -0.002580 -0.002106 -0.001624 -0.001134 -0.000617 -0.000066 0.000505 0.001068 0.001595 0.002065 0.002463 0.002768 0.002954 0.002985 0.002832 0.002480 0.001946 0.001283 0.000580 -0.000057 -0.000529 -0.000768 -0.000750 -0.000491 -0.000034 0.000564 0.001241 0.001932 0.002564 0.003070 0.003393 0.003502 0.003399 0.003117 0.002711 0.002244 0.001782 0.001379 0.001078 0.000887 0.000780 0.000692 0.000538 0.000246 -0.000225 -0.000856 -0.001577 -0.002279 -0.002849 -0.003203 -0.003313 -0.003203 -0.002936 -0.002591 -0.002257 -0.002033 -0.001999 -0.002180 -0.002525 -0.002925 -0.003248 -0.003388 -0.003045 -0.002656 -0.002167 -0.001667 -0.001201 -0.000759 -0.000312 0.000163 0.000660 0.001154 0.001615 0.002017 0.002338 0.002554 0.002636 0.002553 0.002285 0.001835 0.001242 0.000579 -0.000054 -0.000558 -0.000857 -0.000915 -0.000740 -0.000369 0.000148 0.000757 0.001404 0.002029 0.002573 0.002979 0.003208 0.003243 0.003096 0.002803 0.002416 0.001994 0.001593 0.001257 0.001007 0.000833 0.000696 0.000533 0.000280 -0.000105 -0.000625 -0.001234 -0.001849 -0.002372 -0.002720 -0.002847 -0.002758 -0.002501 -0.002154 -0.001806 -0.001551 -0.001469 -0.001605 -0.001942 -0.002399 -0.002850 -0.003159 -0.003231 -0.002787 -0.002315 -0.001778 -0.001272 -0.000830 -0.000436 -0.000048 0.000361 0.000793 0.001221 0.001614 0.001940 0.002174 0.002291 0.002265 0.002075 0.001716 0.001210 0.000614 0.000014 -0.000496 -0.000835 -0.000958 -0.000862 -0.000579 -0.000151 0.000373 0.000950 0.001532 0.002069 0.002512 0.002818 0.002959 0.002930 0.002748 0.002452 0.002091 0.001719 0.001382 0.001107 0.000896 0.000723 0.000543 0.000304 -0.000035 -0.000481 -0.001005 -0.001543 -0.002016 -0.002345 -0.002478 -0.002402 -0.002148 -0.001782 -0.001393 -0.001078 -0.000927 -0.000999 -0.001303 -0.001787 -0.002341 -0.002821 -0.003091 -0.003076 -0.002509 -0.001981 -0.001433 -0.000947 -0.000545 -0.000200 0.000134 0.000486 0.000857 0.001221 0.001545 0.001794 0.001941 0.001964 0.001845 0.001576 0.001169 0.000663 0.000125 -0.000360 -0.000714 -0.000885 -0.000859 -0.000656 -0.000316 0.000118 0.000609 0.001121 0.001617 0.002055 0.002396 0.002606 0.002668 0.002586 0.002380 0.002090 0.001763 0.001443 0.001164 0.000938 0.000751 0.000566 0.000339 0.000035 -0.000359 -0.000825 -0.001310 -0.001748 -0.002067 -0.002211 -0.002155 -0.001910 -0.001525 -0.001083 -0.000684 -0.000429 -0.000397 -0.000624 -0.001087 -0.001702 -0.002330 -0.002810 -0.003012 -0.002893 -0.002204 -0.001663 -0.001147 -0.000713 -0.000366 -0.000072 0.000211 0.000509 0.000821 0.001120 0.001373 0.001548 0.001618 0.001566 0.001384 0.001079 0.000677 0.000228 -0.000202 -0.000542 -0.000739 -0.000766 -0.000633 -0.000368 -0.000015 0.000393 0.000825 0.001257 0.001659 0.001998 0.002241 0.002367 0.002366 0.002245 0.002030 0.001756 0.001465 0.001195 0.000964 0.000773 0.000594 0.000391 0.000125 -0.000222 -0.000640 -0.001092 -0.001516 -0.001847 -0.002024 -0.002008 -0.001792 -0.001407 -0.000921 -0.000430 -0.000044 0.000136 0.000044 -0.000331 -0.000939 -0.001664 -0.002335 -0.002777 -0.002882 -0.002656 -0.001875 -0.001376 -0.000933 -0.000578 -0.000298 -0.000059 0.000173 0.000417 0.000667 0.000898 0.001082 0.001188 0.001197 0.001098 0.000893 0.000600 0.000254 -0.000096 -0.000393 -0.000588 -0.000650 -0.000572 -0.000372 -0.000082 0.000261 0.000628 0.000998 0.001350 0.001663 0.001911 0.002073 0.002132 0.002087 0.001947 0.001736 0.001487 0.001234 0.001004 0.000809 0.000638 0.000462 0.000242 -0.000048 -0.000415 -0.000836 -0.001262 -0.001628 -0.001866 -0.001922 -0.001770 -0.001419 -0.000918 -0.000352 0.000169 0.000528 0.000628 0.000417 -0.000097 -0.000835 -0.001641 -0.002312 -0.002673 -0.002660 -0.002347 -0.001539 -0.001133 -0.000797 -0.000535 -0.000329 -0.000150 0.000027 0.000210 0.000393 0.000554 0.000669 0.000718 0.000685 0.000568 0.000379 0.000138 -0.000119 -0.000350 -0.000516 -0.000585 -0.000544 -0.000398 -0.000163 0.000132 0.000458 0.000789 0.001107 0.001396 0.001638 0.001817 0.001918 0.001935 0.001868 0.001728 0.001535 0.001315 0.001094 0.000894 0.000723 0.000567 0.000394 0.000169 -0.000132 -0.000510 -0.000932 -0.001342 -0.001665 -0.001829 -0.001783 -0.001514 -0.001049 -0.000452 0.000177 0.000715 0.001042 0.001065 0.000742 0.000101 -0.000744 -0.001592 -0.002211 -0.002452 -0.002326 -0.001970 -0.001219 -0.000941 -0.000726 -0.000564 -0.000437 -0.000324 -0.000213 -0.000099 0.000010 0.000098 0.000150 0.000150 0.000094 -0.000015 -0.000164 -0.000331 -0.000486 -0.000601 -0.000650 -0.000619 -0.000505 -0.000315 -0.000063 0.000230 0.000544 0.000856 0.001146 0.001400 0.001601 0.001739 0.001807 0.001805 0.001738 0.001614 0.001447 0.001254 0.001058 0.000880 0.000727 0.000587 0.000427 0.000205 -0.000103 -0.000496 -0.000935 -0.001348 -0.001644 -0.001746 -0.001615 -0.001249 -0.000689 -0.000015 0.000664 0.001214 0.001512 0.001465 0.001039 0.000284 -0.000637 -0.001475 -0.001989 -0.002093 -0.001888 -0.001552 -0.000934 -0.000798 -0.000704 -0.000640 -0.000596 -0.000560 -0.000526 -0.000493 -0.000464 -0.000450 -0.000458 -0.000496 -0.000563 -0.000653 -0.000751 -0.000840 -0.000898 -0.000908 -0.000858 -0.000745 -0.000574 -0.000351 -0.000087 0.000208 0.000519 0.000830 0.001122 0.001374 0.001570 0.001701 0.001766 0.001768 0.001716 0.001615 0.001473 0.001302 0.001123 0.000962 0.000830 0.000714 0.000574 0.000360 0.000037 -0.000388 -0.000861 -0.001288 -0.001564 -0.001615 -0.001415 -0.000976 -0.000346 0.000390 0.001110 0.001673 0.001947 0.001836 0.001316 0.000470 -0.000485 -0.001256 -0.001632 -0.001616 -0.001386 -0.001131 -0.000693 -0.000694 -0.000714 -0.000748 -0.000794 -0.000846 -0.000900 -0.000955 -0.001010 -0.001067 -0.001130 -0.001200 -0.001273 -0.001342 -0.001394 -0.001414 -0.001388 -0.001306 -0.001169 -0.000980 -0.000751 -0.000491 -0.000207 0.000098 0.000418 0.000743 0.001057 0.001338 0.001563 0.001721 0.001808 0.001833 0.001803 0.001724 0.001599 0.001440 0.001272 0.001128 0.001024 0.000942 0.000828 0.000617 0.000269 -0.000202 -0.000718 -0.001158 -0.001416 -0.001429 -0.001185 -0.000700 -0.000023 0.000758 0.001513 0.002089 0.002343 0.002176 0.001576 0.000671 -0.000268 -0.000933 -0.001169 -0.001072 -0.000875 -0.000741 -0.000500 -0.000627 -0.000756 -0.000889 -0.001031 -0.001178 -0.001326 -0.001469 -0.001603 -0.001724 -0.001834 -0.001932 -0.002013 -0.002070 -0.002089 -0.002058 -0.001964 -0.001805 -0.001584 -0.001315 -0.001013 -0.000695 -0.000370 -0.000040 0.000300 0.000648 0.000995 0.001321 0.001598 0.001806 0.001935 0.001993 0.001986 0.001921 0.001801 0.001643 0.001481 0.001357 0.001289 0.001248 0.001161 0.000948 0.000565 0.000047 -0.000504 -0.000951 -0.001193 -0.001187 -0.000928 -0.000428 0.000273 0.001084 0.001865 0.002450 0.002685 0.002472 0.001818 0.000895 0.000013 -0.000532 -0.000655 -0.000528 -0.000403 -0.000403 -0.000353 -0.000601 -0.000838 -0.001073 -0.001312 -0.001554 -0.001790 -0.002009 -0.002206 -0.002377 -0.002525 -0.002649 -0.002748 -0.002809 -0.002820 -0.002761 -0.002622 -0.002398 -0.002097 -0.001737 -0.001341 -0.000935 -0.000536 -0.000150 0.000228 0.000607 0.000989 0.001361 0.001694 0.001959 0.002137 0.002228 0.002239 0.002176 0.002049 0.001882 0.001723 0.001623 0.001597 0.001599 0.001538 0.001318 0.000905 0.000350 -0.000218 -0.000664 -0.000899 -0.000897 -0.000652 -0.000166 0.000534 0.001354 0.002146 0.002732 0.002952 0.002710 0.002038 0.001139 0.000338 -0.000101 -0.000153 -0.000035 0.000004 -0.000124 -0.000249 -0.000615 -0.000963 -0.001300 -0.001631 -0.001954 -0.002258 -0.002530 -0.002767 -0.002971 -0.003149 -0.003306 -0.003438 -0.003531 -0.003561 -0.003506 -0.003346 -0.003076 -0.002702 -0.002245 -0.001735 -0.001207 -0.000693 -0.000212 0.000236 0.000664 0.001083 0.001493 0.001871 0.002182 0.002401 0.002516 0.002534 0.002461 0.002315 0.002133 0.001978 0.001903 0.001918 0.001960 0.001920 0.001698 0.001267 0.000700 0.000132 -0.000304 -0.000543 -0.000566 -0.000364 0.000080 0.000749 0.001551 0.002332 0.002910 0.003121 0.002878 0.002230 0.001393 0.000678 0.000317 0.000295 0.000383 0.000341 0.000102 -0.000170 -0.000654 -0.001114 -0.001547 -0.001957 -0.002340 -0.002683 -0.002981 -0.003236 -0.003460 -0.003668 -0.003870 -0.004057 -0.004208 -0.004287 -0.004262 -0.004108 -0.003813 -0.003382 -0.002834 -0.002204 -0.001534 -0.000871 -0.000250 0.000312 0.000818 0.001288 0.001732 0.002138 0.002475 0.002713 0.002836 0.002845 0.002751 0.002580 0.002383 0.002230 0.002178 0.002226 0.002298 0.002276 0.002060 0.001634 0.001080 0.000534 0.000111 -0.000139 -0.000205 -0.000069 0.000302 0.000904 0.001656 0.002403 0.002962 0.003176 0.002966 0.002385 0.001639 0.001010 0.000696 0.000673 0.000724 0.000618 0.000291 -0.000086 -0.000682 -0.001251 -0.001774 -0.002246 -0.002665 -0.003024 -0.003325 -0.003584 -0.003825 -0.004072 -0.004335 -0.004598 -0.004825 -0.004971 -0.004993 -0.004861 -0.004561 -0.004095 -0.003478 -0.002742 -0.001932 -0.001104 -0.000313 0.000402 0.001028 0.001576 0.002061 0.002485 0.002827 0.003060 0.003170 0.003156 0.003035 0.002839 0.002627 0.002474 0.002434 0.002498 0.002586 0.002577 0.002380 0.001984 0.001472 0.000965 0.000560 0.000294 0.000175 0.000228 0.000498 0.000997 0.001659 0.002344 0.002877 0.003108 0.002962 0.002486 0.001858 0.001315 0.001031 0.000990 0.001003 0.000854 0.000466 0.000032 -0.000661 -0.001330 -0.001933 -0.002456 -0.002895 -0.003255 -0.003552 -0.003815 -0.004082 -0.004381 -0.004719 -0.005067 -0.005376 -0.005590 -0.005660 -0.005555 -0.005261 -0.004780 -0.004121 -0.003311 -0.002389 -0.001411 -0.000445 0.000448 0.001229 0.001887 0.002435 0.002879 0.003214 0.003424 0.003503 0.003458 0.003307 0.003090 0.002866 0.002706 0.002661 0.002719 0.002803 0.002803 0.002636 0.002295 0.001846 0.001394 0.001014 0.000735 0.000563 0.000526 0.000676 0.001039 0.001574 0.002167 0.002660 0.002914 0.002855 0.002514 0.002026 0.001582 0.001328 0.001266 0.001246 0.001073 0.000650 0.000210 -0.000555 -0.001311 -0.001988 -0.002556 -0.003015 -0.003377 -0.003675 -0.003953 -0.004260 -0.004624 -0.005042 -0.005474 -0.005857 -0.006128 -0.006236 -0.006151 -0.005866 -0.005381 -0.004707 -0.003859 -0.002866 -0.001776 -0.000657 0.000411 0.001362 0.002159 0.002793 0.003272 0.003601 0.003782 0.003825 0.003745 0.003571 0.003338 0.003101 0.002924 0.002851 0.002876 0.002935 0.002938 0.002810 0.002540 0.002174 0.001789 0.001443 0.001157 0.000940 0.000820 0.000847 0.001060 0.001441 0.001910 0.002340 0.002609 0.002643 0.002448 0.002118 0.001792 0.001586 0.001518 0.001477 0.001296 0.000865 0.000463 -0.000347 -0.001174 -0.001920 -0.002539 -0.003025 -0.003402 -0.003716 -0.004026 -0.004385 -0.004819 -0.005316 -0.005824 -0.006271 -0.006584 -0.006713 -0.006634 -0.006346 -0.005860 -0.005189 -0.004338 -0.003321 -0.002166 -0.000937 0.000282 0.001398 0.002343 0.003083 0.003615 0.003951 0.004111 0.004122 0.004016 0.003824 0.003581 0.003329 0.003119 0.002995 0.002961 0.002977 0.002973 0.002887 0.002697 0.002425 0.002119 0.001816 0.001535 0.001286 0.001098 0.001018 0.001088 0.001311 0.001637 0.001979 0.002237 0.002342 0.002283 0.002112 0.001921 0.001794 0.001749 0.001711 0.001540 0.001125 0.000793 -0.000037 -0.000919 -0.001732 -0.002410 -0.002939 -0.003348 -0.003695 -0.004049 -0.004467 -0.004974 -0.005547 -0.006124 -0.006622 -0.006963 -0.007092 -0.006995 -0.006687 -0.006195 -0.005538 -0.004714 -0.003715 -0.002546 -0.001254 0.000075 0.001332 0.002417 0.003271 0.003872 0.004233 0.004389 0.004383 0.004263 0.004064 0.003812 0.003536 0.003277 0.003081 0.002968 0.002925 0.002905 0.002857 0.002750 0.002578 0.002358 0.002109 0.001844 0.001578 0.001341 0.001180 0.001134 0.001220 0.001411 0.001649 0.001865 0.002003 0.002043 0.002010 0.001956 0.001933 0.001950 0.001948 0.001812 0.001436 0.001189 0.000362 -0.000561 -0.001440 -0.002186 -0.002771 -0.003226 -0.003618 -0.004026 -0.004510 -0.005091 -0.005739 -0.006379 -0.006916 -0.007262 -0.007365 -0.007225 -0.006878 -0.006375 -0.005742 -0.004971 -0.004028 -0.002889 -0.001578 -0.000180 0.001181 0.002384 0.003343 0.004020 0.004424 0.004596 0.004596 0.004479 0.004278 0.004013 0.003699 0.003375 0.003091 0.002888 0.002778 0.002738 0.002723 0.002693 0.002619 0.002490 0.002305 0.002069 0.001800 0.001533 0.001314 0.001188 0.001172 0.001256 0.001401 0.001559 0.001692 0.001785 0.001847 0.001909 0.001996 0.002103 0.002173 0.002104 0.001790 0.001633 0.000827 -0.000123 -0.001064 -0.001881 -0.002531 -0.003042 -0.003489 -0.003960 -0.004516 -0.005174 -0.005894 -0.006587 -0.007143 -0.007468 -0.007520 -0.007315 -0.006918 -0.006401 -0.005802 -0.005106 -0.004249 -0.003173 -0.001882 -0.000456 0.000969 0.002257 0.003302 0.004053 0.004512 0.004722 0.004748 0.004646 0.004446 0.004156 0.003789 0.003384 0.003005 0.002713 0.002540 0.002478 0.002492 0.002531 0.002549 0.002512 0.002398 0.002204 0.001948 0.001667 0.001413 0.001232 0.001151 0.001163 0.001241 0.001348 0.001458 0.001563 0.001676 0.001817 0.002000 0.002206 0.002373 0.002398 0.002171 0.002101 0.001334 0.000371 -0.000621 -0.001506 -0.002224 -0.002798 -0.003310 -0.003852 -0.004487 -0.005223 -0.006007 -0.006734 -0.007284 -0.007564 -0.007545 -0.007265 -0.006813 -0.006281 -0.005725 -0.005119 -0.004369 -0.003383 -0.002142 -0.000726 0.000724 0.002058 0.003162 0.003976 0.004495 0.004758 0.004826 0.004746 0.004539 0.004210 0.003773 0.003279 0.002809 0.002438 0.002213 0.002137 0.002176 0.002276 0.002378 0.002428 0.002391 0.002252 0.002026 0.001750 0.001478 0.001264 0.001141 0.001110 0.001148 0.001221 0.001308 0.001408 0.001538 0.001722 0.001973 0.002269 0.002540 0.002677 0.002556 0.002570 0.001860 0.000904 -0.000123 -0.001066 -0.001848 -0.002492 -0.003080 -0.003706 -0.004426 -0.005237 -0.006069 -0.006805 -0.007324 -0.007541 -0.007442 -0.007085 -0.006576 -0.006031 -0.005518 -0.005008 -0.004379 -0.003502 -0.002338 -0.000966 0.000467 0.001808 0.002941 0.003801 0.004378 0.004701 0.004816 0.004754 0.004529 0.004145 0.003629 0.003049 0.002500 0.002069 0.001810 0.001728 0.001791 0.001943 0.002117 0.002249 0.002291 0.002220 0.002040 0.001788 0.001518 0.001288 0.001139 0.001081 0.001094 0.001148 0.001220 0.001311 0.001442 0.001646 0.001940 0.002306 0.002676 0.002928 0.002926 0.003021 0.002389 0.001464 0.000424 -0.000561 -0.001404 -0.002125 -0.002804 -0.003526 -0.004335 -0.005209 -0.006068 -0.006791 -0.007259 -0.007404 -0.007226 -0.006794 -0.006229 -0.005665 -0.005189 -0.004772 -0.004269 -0.003517 -0.002457 -0.001162 0.000218 0.001530 0.002661 0.003549 0.004174 0.004550 0.004703 0.004650 0.004393 0.003946 0.003354 0.002704 0.002099 0.001632 0.001353 0.001270 0.001353 0.001546 0.001780 0.001986 0.002106 0.002109 0.001993 0.001784 0.001537 0.001309 0.001147 0.001069 0.001064 0.001103 0.001164 0.001246 0.001375 0.001586 0.001907 0.002327 0.002781 0.003144 0.003265 0.003442 0.002907 0.002041 0.001016 0.000007 -0.000895 -0.001702 -0.002487 -0.003316 -0.004211 -0.005136 -0.006001 -0.006690 -0.007098 -0.007171 -0.006920 -0.006420 -0.005799 -0.005208 -0.004753 -0.004414 -0.004035 -0.003424 -0.002495 -0.001311 -0.000017 0.001238 0.002344 0.003237 0.003892 0.004305 0.004481 0.004421 0.004127 0.003625 0.002978 0.002285 0.001653 0.001168 0.000878 0.000792 0.000882 0.001100 0.001376 0.001642 0.001836 0.001918 0.001876 0.001730 0.001526 0.001319 0.001157 0.001067 0.001045 0.001069 0.001119 0.001195 0.001320 0.001536 0.001874 0.002334 0.002857 0.003321 0.003563
SCALARS p float 1
LOOKUP_TABLE default
0.059550 0.109619 0.143304 0.152852 0.144341 0.131468 0.124298 0.124341 0.127268 0.126773 0.117046 0.094726 0.060303 0.018224 -0.024533 -0.060865 -0.084830 -0.091366 -0.079324 -0.058855 -0.050930 -0.071062 -0.113648 -0.157599 -0.185443 -0.192660 -0.183304 -0.163368 -0.137444 -0.107886 -0.075399 -0.040375 -0.004556 0.027769 0.050512 0.058696 0.051289 0.031478 0.004523 -0.024426 -0.051059 -0.071775 -0.083771 -0.085470 -0.076907 -0.059831 -0.037433 -0.013761 0.007128 0.022131 0.029992 0.031681 0.029882 0.027559 0.026277 0.025276 0.021980 0.013715 -0.000300 -0.017719 -0.032916 -0.037889 -0.024733 0.009757 0.046067 0.097889 0.136914 0.154480 0.155436 0.151645 0.150807 0.152691 0.152921 0.146911 0.131502 0.105584 0.070358 0.029454 -0.011384 -0.045762 -0.067932 -0.072419 -0.056453 -0.028167 -0.008664 -0.016860 -0.051592 -0.093925 -0.125035 -0.137078 -0.131373 -0.113205 -0.087961 -0.058939 -0.027497 0.005185 0.036385 0.061441 0.075281 0.075065 0.061706 0.038884 0.010783 -0.019117 -0.047703 -0.071758 -0.088263 -0.095075 -0.091484 -0.078447 -0.058456 -0.035048 -0.012060 0.007247 0.020987 0.029088 0.033059 0.035011 0.036326 0.036671 0.034016 0.025824 0.010932 -0.008835 -0.028076 -0.038508 -0.031313 -0.001690 0.036418 0.088209 0.132080 0.158564 0.170508 0.176922 0.182704 0.186108 0.183164 0.171365 0.150366 0.121266 0.085800 0.046485 0.007536 -0.025412 -0.046744 -0.050910 -0.033822 -0.000508 0.030060 0.036636 0.014293 -0.023182 -0.057583 -0.077685 -0.080323 -0.067838 -0.045294 -0.017536 0.012207 0.041493 0.067282 0.085727 0.093549 0.089839 0.076379 0.056059 0.031171 0.003393 -0.025132 -0.051397 -0.072159 -0.084754 -0.087693 -0.080991 -0.066197 -0.046074 -0.024000 -0.003205 0.013956 0.026492 0.034796 0.040122 0.043657 0.045588 0.044659 0.038613 0.025633 0.006281 -0.015089 -0.030388 -0.029928 -0.007024 0.032104 0.081876 0.129424 0.164622 0.187708 0.204225 0.216288 0.221011 0.215011 0.197693 0.171264 0.139031 0.103572 0.066426 0.029879 -0.001649 -0.022745 -0.028009 -0.012702 0.021485 0.059845 0.081202 0.074808 0.047228 0.013255 -0.014606 -0.029228 -0.028547 -0.014790 0.007489 0.033617 0.059647 0.082117 0.098000 0.105456 0.104573 0.096850 0.083624 0.065229 0.041939 0.015318 -0.011713 -0.035780 -0.053909 -0.064029 -0.065301 -0.058274 -0.044756 -0.027415 -0.009181 0.007396 0.020670 0.030140 0.036322 0.040254 0.042753 0.043663 0.041499 0.033993 0.019855 0.001096 -0.015698 -0.020659 -0.005137 0.033709 0.079632 0.128930 0.171293 0.204197 0.229611 0.247190 0.253288 0.245008 0.223069 0.191584 0.155973 0.120306 0.085841 0.052755 0.023389 0.002539 -0.004540 0.006888 0.037628 0.078201 0.110376 0.119937 0.106211 0.078607 0.048262 0.023913 0.010990 0.011138 0.022542 0.041345 0.063187 0.084153 0.101314 0.113161 0.119608 0.121065 0.117171 0.106702 0.089040 0.065459 0.038870 0.012699 -0.009959 -0.026743 -0.036248 -0.038199 -0.033467 -0.023877 -0.011804 0.000329 0.010558 0.017764 0.021850 0.023646 0.024502 0.025549 0.026768 0.026416 0.021785 0.011720 -0.000495 -0.006565 0.003280 0.039821 0.081020 0.129837 0.176746 0.216973 0.249313 0.271437 0.279223 0.270008 0.245039 0.209390 0.170148 0.133441 0.101506 0.072970 0.047228 0.027424 0.018648 0.025491 0.049953 0.087035 0.123285 0.144311 0.144172 0.126549 0.099581 0.071596 0.049384 0.037254 0.036484 0.045627 0.061565 0.080733 0.100103 0.117714 0.132522 0.143509 0.148815 0.146111 0.134193 0.114119 0.088774 0.061607 0.035698 0.013455 -0.003446 -0.014142 -0.018679 -0.018008 -0.013802 -0.008124 -0.003000 0.000022 0.000252 -0.001897 -0.004911 -0.006593 -0.005105 -0.000391 0.005066 0.007699 0.006476 0.005857 0.014584 0.046279 0.083702 0.130454 0.179018 0.223545 0.260517 0.286170 0.296071 0.287519 0.261596 0.223377 0.180752 0.141885 0.111287 0.087590 0.067164 0.050029 0.040423 0.043133 0.060693 0.090863 0.124851 0.150612 0.159833 0.151520 0.130221 0.102776 0.076157 0.056087 0.046009 0.046720 0.056811 0.073644 0.094368 0.116551 0.138151 0.156918 0.169907 0.174069 0.167746 0.151703 0.128678 0.102041 0.074715 0.048885 0.026191 0.007873 -0.005326 -0.013378 -0.017073 -0.017935 -0.017915 -0.018939 -0.022387 -0.028569 -0.036336 -0.043048 -0.045302 -0.040591 -0.029289 -0.015093 -0.002337 0.008403 0.022196 0.046717 0.083203 0.127835 0.175943 0.222051 0.261541 0.289820 0.302231 0.295795 0.270992 0.232261 0.187374 0.145751 0.114674 0.094758 0.080687 0.068360 0.059531 0.059099 0.070478 0.093058 0.121298 0.146196 0.159492 0.157386 0.141088 0.115280 0.086339 0.060728 0.043516 0.037374 0.042428 0.056913 0.078144 0.103279 0.129527 0.153854 0.172778 0.182939 0.182379 0.171490 0.152700 0.129153 0.103430 0.077163 0.051508 0.027713 0.007205 -0.008815 -0.019921 -0.026774 -0.031054 -0.035016 -0.040813 -0.049721 -0.061416 -0.073556 -0.082042 -0.082375 -0.072021 -0.052453 -0.028571 -0.004836 0.018778 0.035212 0.074035 0.117975 0.164976 0.211002 0.251568 0.281912 0.297222 0.294027 0.271970 0.234643 0.189229 0.145370 0.112438 0.094251 0.086165 0.080521 0.074817 0.072706 0.078802 0.094293 0.115869 0.136960 0.150420 0.151365 0.138625 0.114619 0.084439 0.054486 0.030822 0.017688 0.016775 0.027383 0.047173 0.073021 0.101560 0.129273 0.152512 0.167948 0.173521 0.169247 0.157100 0.139840 0.119565 0.097102 0.072645 0.046882 0.021546 -0.000998 -0.018782 -0.031173 -0.039221 -0.045301 -0.052255 -0.062333 -0.076207 -0.092320 -0.106831 -0.114471 -0.110521 -0.093371 -0.065832 -0.033307 0.000310 0.010408 0.052829 0.097591 0.143968 0.189505 0.230637 0.262984 0.281663 0.282554 0.264290 0.229641 0.185291 0.140574 0.105658 0.087261 0.083441 0.085149 0.085147 0.083711 0.085683 0.094479 0.109189 0.125260 0.136742 0.138593 0.128270 0.106388 0.076567 0.044494 0.016300 -0.003090 -0.010914 -0.006717 0.008031 0.030583 0.057551 0.085337 0.110401 0.129643 0.141041 0.144260 0.140667 0.132416 0.120982 0.106293 0.087338 0.063774 0.037122 0.010595 -0.012280 -0.029322 -0.040621 -0.048379 -0.055871 -0.066090 -0.080539 -0.098496 -0.116890 -0.130841 -0.134972 -0.125499 -0.102249 -0.068844 -0.030254 -0.021831 0.022038 0.067404 0.113469 0.158685 0.200452 0.234965 0.257343 0.262793 0.248837 0.217407 0.175008 0.130852 0.094964 0.075546 0.073850 0.081992 0.089430 0.091718 0.091821 0.094697 0.102279 0.112427 0.120589 0.121992 0.113372 0.094079 0.066488 0.035402 0.006418 -0.015873 -0.028763 -0.031369 -0.024297 -0.009310 0.011064 0.033953 0.056500 0.076194 0.091277 0.101141 0.106420 0.108363 0.107566 0.102997 0.092479 0.074539 0.050160 0.022988 -0.002225 -0.021874 -0.035046 -0.043602 -0.051017 -0.060737 -0.074787 -0.093027 -0.113112 -0.130981 -0.141741 -0.141008 -0.126562 -0.099413 -0.063164 -0.051470 -0.010261 0.033496 0.078341 0.122857 0.164950 0.201222 0.226857 0.236594 0.226902 0.198729 0.158528 0.115892 0.080524 0.060615 0.059599 0.072236 0.087188 0.095770 0.097283 0.096386 0.097357 0.100929 0.104577 0.104359 0.096818 0.080484 0.056764 0.029660 0.004047 -0.016424 -0.030129 -0.036868 -0.037097 -0.031666 -0.021747 -0.008702 0.006083 0.021331 0.036017 0.049554 0.061874 0.073087 0.082595 0.088298 0.087027 0.076427 0.056970 0.032429 0.008304 -0.010812 -0.023254 -0.030609 -0.036472 -0.044612 -0.057428 -0.075189 -0.096029 -0.116473 -0.132217 -0.139084 -0.134110 -0.116514 -0.087926 -0.073122 -0.037827 0.001864 0.043904 0.086581 0.127830 0.164442 0.191864 0.204824 0.198950 0.173981 0.136141 0.095721 0.062408 0.043490 0.042955 0.058176 0.079191 0.095003 0.100945 0.099553 0.095955 0.093395 0.091830 0.088893 0.081644 0.068309 0.049590 0.028759 0.009909 -0.004504 -0.014521 -0.021470 -0.026484 -0.029988 -0.031843 -0.031561 -0.028526 -0.022214 -0.012403 0.000749 0.016703 0.034426 0.051970 0.066105 0.072901 0.069525 0.056182 0.036638 0.016690 0.001422 -0.007087 -0.010290 -0.011957 -0.016235 -0.026037 -0.042216 -0.063453 -0.086654 -0.107687 -0.122292 -0.127017 -0.120011 -0.101422 -0.089420 -0.062733 -0.029195 0.008603 0.048327 0.087515 0.123004 0.150806 0.166112 0.163898 0.142521 0.107729 0.070542 0.040906 0.024932 0.025807 0.042503 0.067455 0.089597 0.101430 0.102609 0.097494 0.090654 0.084266 0.078001 0.070224 0.059555 0.046337 0.033128 0.023147 0.017558 0.014445 0.010537 0.003502 -0.007097 -0.020018 -0.032934 -0.043101 -0.048041 -0.046088 -0.036731 -0.020714 -0.000007 0.022216 0.041739 0.054155 0.056537 0.049073 0.035448 0.021404 0.012143 0.009977 0.013579 0.019036 0.021748 0.018049 0.006123 -0.013687 -0.038997 -0.065900 -0.089799 -0.106370 -0.112451 -0.106640 -0.099975 -0.086886 -0.063662 -0.033016 0.001997 0.038143 0.072021 0.100157 0.118163 0.120260 0.103468 0.073117 0.040832 0.016777 0.005845 0.009688 0.027700 0.054660 0.081033 0.098297 0.103689 0.099882 0.091404 0.081700 0.072326 0.063471 0.054892 0.047052 0.041838 0.041468 0.045796 0.051100 0.052099 0.045038 0.029222 0.006843 -0.018000 -0.040537 -0.056521 -0.063074 -0.059119 -0.045502 -0.024852 -0.001234 0.020489 0.035752 0.041787 0.038882 0.030531 0.022167 0.018884 0.023230 0.034228 0.048074 0.059840 0.065083 0.060865 0.046253 0.022434 -0.007555 -0.039420 -0.068395 -0.090060 -0.101120 -0.095255 -0.100877 -0.094078 -0.076261 -0.050215 -0.019579 0.011883 0.040661 0.061970 0.068887 0.057511 0.033203 0.007923 -0.008464 -0.012399 -0.003968 0.015815 0.043453 0.071632 0.092437 0.101907 0.101040 0.093371 0.082437 0.070925 0.060850 0.053668 0.050525 0.052802 0.061616 0.075569 0.089392 0.095990 0.090132 0.070674 0.040611 0.005789 -0.027034 -0.052092 -0.065757 -0.066812 -0.056339 -0.037442 -0.014690 0.006788 0.022529 0.030033 0.029666 0.024635 0.019890 0.020275 0.028601 0.044519 0.064764 0.084476 0.098753 0.103804 0.097602 0.080115 0.053105 0.019686 -0.016161 -0.050024 -0.077580 -0.071846 -0.094731 -0.106378 -0.105727 -0.093666 -0.072803 -0.046591 -0.018954 0.004081 0.014386 0.008020 -0.009145 -0.025485 -0.032384 -0.027885 -0.013683 0.008448 0.036002 0.063837 0.085686 0.097728 0.099960 0.094635 0.084422 0.072109 0.060989 0.054411 0.054779 0.063326 0.080090 0.102503 0.124131 0.136440 0.132758 0.111198 0.075218 0.032312 -0.008609 -0.040203 -0.058448 -0.062581 -0.054327 -0.037276 -0.016263 0.003592 0.018068 0.024958 0.024713 0.020265 0.016051 0.016535 0.024673 0.040837 0.062674 0.085953 0.105907 0.118443 0.120933 0.112479 0.093690 0.066232 0.032529 -0.004288 -0.040442 -0.041883 -0.073885 -0.098443 -0.112762 -0.115500 -0.107109 -0.089688 -0.067210 -0.046720 -0.036568 -0.039544 -0.049227 -0.055439 -0.051892 -0.038441 -0.018051 0.006716 0.033746 0.059629 0.080142 0.092622 0.096952 0.094341 0.086124 0.074243 0.062375 0.055487 0.057699 0.070710 0.093719 0.123093 0.151593 0.169731 0.169524 0.147909 0.108075 0.058708 0.011110 -0.025190 -0.045590 -0.050258 -0.042195 -0.025832 -0.006305 0.011346 0.023210 0.027473 0.024843 0.018188 0.011543 0.008898 0.013091 0.025006 0.043303 0.064850 0.085683 0.102073 0.111296 0.111901 0.103484 0.086283 0.061063 0.029380 -0.006132 -0.019194 -0.053111 -0.082480 -0.104366 -0.116825 -0.118961 -0.111449 -0.097642 -0.084194 -0.077814 -0.079112 -0.081593 -0.077658 -0.064010 -0.042224 -0.016121 0.011090 0.037265 0.060179 0.077582 0.088469 0.093312 0.092783 0.086916 0.076253 0.063886 0.055692 0.057671 0.072779 0.099988 0.134778 0.169334 0.193673 0.198768 0.179982 0.139159 0.085099 0.031354 -0.009388 -0.030902 -0.034179 -0.024170 -0.006853 0.011938 0.027127 0.035212 0.035034 0.027929 0.017040 0.006188 -0.001154 -0.002543 0.003038 0.015033 0.031525 0.049794 0.067012 0.080781 0.089300 0.091151 0.085061 0.070075 0.046254 0.015350 -0.007670 -0.042145 -0.072303 -0.095119 -0.109749 -0.116348 -0.115797 -0.110820 -0.106153 -0.105126 -0.105653 -0.101758 -0.088954 -0.066867 -0.038407 -0.007832 0.021169 0.046202 0.065742 0.079137 0.087018 0.090778 0.091062 0.087025 0.077757 0.065040 0.054651 0.054135 0.068433 0.097311 0.135818 0.175648 0.206585 0.218931 0.206384 0.168451 0.112424 0.053067 0.006827 -0.016769 -0.018449 -0.005326 0.014225 0.032985 0.045588 0.049089 0.043385 0.030866 0.015245 0.000253 -0.011179 -0.017196 -0.017001 -0.010762 0.000550 0.015415 0.032055 0.048623 0.063165 0.073414 0.076706 0.070447 0.053215 0.025946 -0.006479 -0.043436 -0.075119 -0.096697 -0.107978 -0.111922 -0.112132 -0.111980 -0.113906 -0.117144 -0.116887 -0.107882 -0.088436 -0.060443 -0.027607 0.005718 0.035600 0.059359 0.075787 0.085237 0.089536 0.090952 0.090508 0.087114 0.078829 0.065832 0.052779 0.047839 0.058176 0.085541 0.125503 0.169444 0.206909 0.227832 0.224581 0.193932 0.140072 0.076981 0.024266 -0.003789 -0.005670 0.010108 0.032290 0.051510 0.061761 0.060775 0.049868 0.032787 0.013909 -0.003181 -0.016207 -0.024045 -0.026367 -0.023348 -0.015481 -0.003489 0.011684 0.028760 0.045900 0.060457 0.068965 0.067736 0.054167 0.028259 -0.017731 -0.057642 -0.092210 -0.113609 -0.120022 -0.116409 -0.110556 -0.108533 -0.111776 -0.116093 -0.114285 -0.101488 -0.077866 -0.046676 -0.011896 0.022368 0.052267 0.074973 0.089240 0.095684 0.096599 0.094850 0.092113 0.087742 0.079499 0.066192 0.050653 0.040388 0.044155 0.066487 0.104813 0.150845 0.193849 0.223458 0.231263 0.211718 0.165029 0.102077 0.043616 0.008923 0.003858 0.020327 0.044573 0.064616 0.073382 0.069249 0.055120 0.036158 0.017238 0.001505 -0.009679 -0.016132 -0.018230 -0.016481 -0.011302 -0.002969 0.008244 0.021760 0.036286 0.049454 0.057762 0.057144 0.044312 0.018434 -0.043970 -0.084836 -0.121437 -0.143786 -0.146789 -0.134675 -0.118386 -0.107991 -0.106209 -0.107359 -0.102594 -0.086884 -0.061105 -0.028998 0.005639 0.039319 0.068711 0.091039 0.104672 0.109667 0.107969 0.102654 0.096225 0.089071 0.079458 0.065490 0.048107 0.033016 0.029167 0.043636 0.076828 0.121964 0.168367 0.205338 0.224149 0.217877 0.182922 0.125330 0.064228 0.022503 0.011566 0.026039 0.051058 0.072150 0.080822 0.075850 0.061611 0.044491 0.029458 0.018734 0.012361 0.009279 0.008168 0.007982 0.008275 0.009287 0.011728 0.016247 0.022721 0.029636 0.033875 0.031224 0.017834 -0.007869 -0.080454 -0.120110 -0.156900 -0.180386 -0.182565 -0.164658 -0.137909 -0.115713 -0.103896 -0.097808 -0.088285 -0.069840 -0.043096 -0.011551 0.021556 0.053715 0.082535 0.105499 0.120276 0.125635 0.122446 0.113636 0.102571 0.091006 0.078323 0.062762 0.043980 0.025495 0.014949 0.020616 0.045969 0.086878 0.133603 0.175336 0.203354 0.210384 0.190013 0.142843 0.083869 0.037080 0.019129 0.029201 0.053328 0.075399 0.085391 0.082088 0.070983 0.059259 0.051436 0.048273 0.048089 0.048369 0.046786 0.041813 0.033160 0.021980 0.010608 0.001686 -0.003100 -0.004136 -0.004342 -0.008555 -0.021631 -0.046022 -0.114670 -0.152523 -0.188757 -0.213648 -0.217793 -0.198937 -0.165894 -0.133033 -0.109474 -0.093620 -0.077708 -0.056137 -0.028768 0.001650 0.032715 0.063117 0.091679 0.116285 0.133741 0.141089 0.137675 0.125994 0.110171 0.093311 0.076094 0.057535 0.037009 0.016405 0.001293 -0.000584 0.016166 0.050354 0.094153 0.137311 0.171518 0.190007 0.184809 0.151540 0.099602 0.051427 0.027267 0.031553 0.053142 0.075681 0.087904 0.088232 0.082729 0.078835 0.080092 0.085388 0.091188 0.093686 0.089871 0.078017 0.058146 0.032458 0.005228 -0.018388 -0.034435 -0.042157 -0.044809 -0.048631 -0.060023 -0.082354 -0.134801 -0.171420 -0.207385 -0.234260 -0.242745 -0.228025 -0.195129 -0.156725 -0.123741 -0.098247 -0.075337 -0.050177 -0.021956 0.007540 0.036859 0.065870 0.094601 0.121405 0.142300 0.152603 0.150049 0.136593 0.116917 0.095125 0.072895 0.050187 0.026968 0.004629 -0.013029 -0.019946 -0.010528 0.016147 0.054578 0.095911 0.132905 0.159943 0.168561 0.150419 0.109123 0.063617 0.035514 0.033880 0.051625 0.073710 0.088313 0.093272 0.094640 0.099560 0.110235 0.123578 0.134443 0.138294 0.132065 0.114162 0.084745 0.046582 0.005544 -0.030666 -0.055669 -0.067690 -0.070833 -0.073265 -0.082978 -0.103858 -0.137073 -0.172944 -0.208704 -0.237514 -0.251279 -0.244087 -0.217319 -0.180138 -0.143065 -0.110909 -0.082114 -0.053521 -0.024182 0.004942 0.033235 0.061455 0.090526 0.119255 0.143194 0.156372 0.155213 0.141215 0.119417 0.094389 0.068163 0.041325 0.014813 -0.009455 -0.028485 -0.038034 -0.033655 -0.013714 0.018242 0.055369 0.092240 0.124820 0.144731 0.140818 0.111692 0.072037 0.042768 0.036081 0.049190 0.069663 0.086056 0.095648 0.103972 0.117423 0.136711 0.156911 0.171660 0.176316 0.168407 0.146794 0.111517 0.065224 0.014757 -0.029935 -0.060235 -0.073747 -0.075919 -0.076961 -0.085967 -0.106588 -0.125338 -0.160388 -0.195418 -0.225115 -0.243143 -0.243901 -0.226338 -0.195761 -0.160496 -0.126332 -0.094413 -0.063612 -0.033447 -0.004459 0.023246 0.050839 0.079695 0.109034 0.134432 0.149305 0.149312 0.135775 0.113964 0.088341 0.060541 0.031201 0.002059 -0.023988 -0.043837 -0.054455 -0.052998 -0.038305 -0.012734 0.019070 0.054016 0.089722 0.117971 0.125796 0.108255 0.076062 0.048033 0.037660 0.045846 0.063515 0.080572 0.093999 0.108472 0.129308 0.155712 0.181101 0.198155 0.202504 0.192803 0.168817 0.130498 0.079926 0.024381 -0.024270 -0.055563 -0.067154 -0.066426 -0.065597 -0.074229 -0.095058 -0.106101 -0.140164 -0.174094 -0.203565 -0.223789 -0.230301 -0.221212 -0.198979 -0.169201 -0.137116 -0.105302 -0.074329 -0.044493 -0.016340 0.010142 0.036141 0.063177 0.090939 0.115444 0.130080 0.130379 0.117973 0.098303 0.075151 0.049079 0.020183 -0.009512 -0.036326 -0.056575 -0.067593 -0.067780 -0.056928 -0.036880 -0.010248 0.022221 0.059384 0.092927 0.109000 0.100830 0.076125 0.050885 0.038209 0.041543 0.055338 0.071653 0.087620 0.106928 0.133597 0.165356 0.194123 0.211726 0.214252 0.201885 0.175805 0.136061 0.083832 0.026352 -0.022821 -0.051569 -0.058094 -0.052227 -0.048227 -0.055752 -0.076315 -0.084590 -0.117770 -0.151041 -0.180345 -0.201568 -0.211207 -0.207599 -0.191922 -0.167812 -0.139455 -0.109850 -0.080620 -0.052787 -0.027115 -0.003635 0.018796 0.041876 0.065815 0.087103 0.099393 0.098902 0.088271 0.072987 0.055490 0.034704 0.009719 -0.017765 -0.043831 -0.064159 -0.075674 -0.077165 -0.069147 -0.053285 -0.030638 -0.000247 0.037166 0.072945 0.093377 0.091561 0.073299 0.051527 0.037637 0.036365 0.045410 0.059542 0.076577 0.099277 0.130224 0.165707 0.196326 0.213219 0.213062 0.197763 0.170116 0.130278 0.078194 0.020573 -0.027504 -0.052118 -0.051989 -0.039527 -0.031073 -0.036354 -0.055751 -0.063708 -0.096101 -0.129605 -0.160062 -0.183101 -0.195256 -0.195053 -0.183422 -0.163232 -0.138097 -0.111165 -0.084683 -0.060180 -0.038549 -0.019705 -0.002295 0.015656 0.034547 0.050919 0.059131 0.057354 0.049905 0.041723 0.033019 0.020658 0.002460 -0.020632 -0.044914 -0.065499 -0.078302 -0.081514 -0.075707 -0.062444 -0.041995 -0.012848 0.023770 0.058940 0.080210 0.081907 0.068731 0.050493 0.036064 0.030442 0.034097 0.044794 0.061547 0.086373 0.120329 0.158275 0.189743 0.205509 0.202967 0.185555 0.157359 0.118505 0.067639 0.010716 -0.035912 -0.056447 -0.049781 -0.030564 -0.017057 -0.019150 -0.036415 -0.044984 -0.076246 -0.110367 -0.143259 -0.169969 -0.186246 -0.190093 -0.182185 -0.165237 -0.142871 -0.118559 -0.095039 -0.074149 -0.056723 -0.042367 -0.029461 -0.016143 -0.002558 0.007831 0.011465 0.009897 0.008783 0.011016 0.013638 0.011356 0.000866 -0.017558 -0.040408 -0.062196 -0.077521 -0.083255 -0.079315 -0.067130 -0.047064 -0.018335 0.016659 0.049176 0.068997 0.072383 0.063210 0.048201 0.033447 0.023643 0.021566 0.028009 0.043539 0.069636 0.105756 0.145317 0.177110 0.191998 0.188126 0.169847 0.141874 0.104279 0.054905 -0.000861 -0.045838 -0.062794 -0.050608 -0.025521 -0.007194 -0.005647 -0.019981 -0.029772 -0.059197 -0.093335 -0.128592 -0.159794 -0.181818 -0.191649 -0.189221 -0.176906 -0.158349 -0.137314 -0.116897 -0.099128 -0.084784 -0.073376 -0.063534 -0.054198 -0.046142 -0.041447 -0.039757 -0.036271 -0.026284 -0.010926 0.003376 0.009820 0.004801 -0.011277 -0.034563 -0.058913 -0.077770 -0.086576 -0.084211 -0.071920 -0.050854 -0.021877 0.011230 0.040469 0.058304 0.062834 0.056956 0.044518 0.029158 0.015252 0.007550 0.009644 0.023717 0.050800 0.088673 0.129332 0.161223 0.175737 0.171572 0.153170 0.125264 0.088222 0.040040 -0.013996 -0.056508 -0.069873 -0.053230 -0.023716 -0.001537 0.003440 -0.007643 -0.019474 -0.046461 -0.079372 -0.115434 -0.149893 -0.177304 -0.193761 -0.198217 -0.192301 -0.179275 -0.162829 -0.146162 -0.131446 -0.119644 -0.110649 -0.103787 -0.098585 -0.094986 -0.091813 -0.084978 -0.069532 -0.044982 -0.017295 0.004797 0.014596 0.009662 -0.008292 -0.034472 -0.062230 -0.084517 -0.095927 -0.094444 -0.081137 -0.058197 -0.028380 0.003391 0.030212 0.046953 0.052834 0.049514 0.038522 0.021893 0.004088 -0.008424 -0.009762 0.003542 0.031933 0.071462 0.112867 0.144681 0.159052 0.154809 0.135815 0.106743 0.068973 0.021658 -0.029595 -0.067978 -0.076906 -0.056471 -0.024116 0.000431 0.007945 -0.000263 -0.014991 -0.039358 -0.069720 -0.104213 -0.139124 -0.169467 -0.190995 -0.201840 -0.202753 -0.196293 -0.185727 -0.174092 -0.163622 -0.155515 -0.149975 -0.146409 -0.143528 -0.138970 -0.128795 -0.108715 -0.077803 -0.041146 -0.007869 0.013533 0.018516 0.007199 -0.016647 -0.047186 -0.077767 -0.101771 -0.113900 -0.111814 -0.096513 -0.071081 -0.039783 -0.008217 0.017754 0.034581 0.041759 0.039763 0.028753 0.010261 -0.010659 -0.026159 -0.028879 -0.014788 0.015636 0.056760 0.098419 0.129596 0.143096 0.137480 0.116043 0.083997 0.044482 -0.001625 -0.048324 -0.080233 -0.083262 -0.059286 -0.025588 -0.000403 0.008254 0.001900 -0.016365 -0.038360 -0.065087 -0.095514 -0.127473 -0.157216 -0.180817 -0.195956 -0.202612 -0.202587 -0.198540 -0.193084 -0.188147 -0.184604 -0.182100 -0.179007 -0.172486 -0.158837 -0.134759 -0.099831 -0.058587 -0.019606 0.008185 0.019049 0.011899 -0.010159 -0.041469 -0.075678 -0.106821 -0.129515 -0.139432 -0.134574 -0.116077 -0.087592 -0.054273 -0.021996 0.004076 0.021156 0.028634 0.026335 0.014134 -0.006006 -0.028196 -0.043779 -0.044982 -0.028149 0.004931 0.047156 0.087918 0.116794 0.127037 0.117117 0.090678 0.054377 0.013341 -0.030026 -0.069683 -0.092511 -0.088111 -0.060743 -0.027062 -0.002956 0.005229 -0.000711 -0.022988 -0.043166 -0.065538 -0.089767 -0.115580 -0.141125 -0.163383 -0.179930 -0.190131 -0.195053 -0.196624 -0.196692 -0.196298 -0.195251 -0.192004 -0.183894 -0.167824 -0.141550 -0.105418 -0.063698 -0.024055 0.005074 0.017557 0.011388 -0.011075 -0.044260 -0.081412 -0.116496 -0.144865 -0.162831 -0.167506 -0.157711 -0.134935 -0.103181 -0.068019 -0.035361 -0.009852 0.006254 0.012477 0.008678 -0.004781 -0.025057 -0.045591 -0.057739 -0.054448 -0.033353 0.002191 0.043963 0.081310 0.104469 0.107416 0.089639 0.056480 0.016439 -0.024052 -0.061915 -0.091670 -0.103151 -0.090357 -0.060037 -0.027652 -0.006164 -0.000067 -0.007221 -0.034114 -0.053167 -0.070855 -0.087453 -0.104757 -0.123198 -0.141042 -0.155954 -0.166728 -0.173690 -0.177963 -0.180436 -0.181010 -0.178347 -0.170159 -0.153995 -0.128410 -0.094249 -0.055462 -0.018726 0.008348 0.019607 0.012265 -0.012227 -0.048634 -0.089743 -0.128750 -0.160824 -0.183073 -0.193574 -0.190932 -0.174989 -0.147791 -0.113649 -0.078241 -0.047112 -0.024054 -0.010498 -0.006501 -0.011826 -0.025332 -0.043289 -0.058932 -0.064530 -0.054771 -0.029259 0.007034 0.045164 0.074833 0.087465 0.078935 0.051289 0.012259 -0.028565 -0.064855 -0.093847 -0.111146 -0.109997 -0.088913 -0.056631 -0.026786 -0.009235 -0.006763 -0.016815 -0.049326 -0.067820 -0.080760 -0.089128 -0.096789 -0.106477 -0.117811 -0.128558 -0.136893 -0.142390 -0.145475 -0.146311 -0.144044 -0.136840 -0.122631 -0.100238 -0.070442 -0.036593 -0.004375 0.019380 0.028519 0.019469 -0.007347 -0.047258 -0.092794 -0.136312 -0.172244 -0.197710 -0.211638 -0.213570 -0.203358 -0.181863 -0.151781 -0.117613 -0.084635 -0.057338 -0.038217 -0.027865 -0.026040 -0.032086 -0.043986 -0.057303 -0.065692 -0.063186 -0.046958 -0.018920 0.014524 0.044256 0.061178 0.059197 0.037602 0.001696 -0.039213 -0.076141 -0.104170 -0.121380 -0.124772 -0.111180 -0.083158 -0.050455 -0.024363 -0.011936 -0.014625 -0.029241 -0.068738 -0.086745 -0.094877 -0.095152 -0.093350 -0.094147 -0.098277 -0.103508 -0.107344 -0.108655 -0.107435 -0.103637 -0.096363 -0.084035 -0.065375 -0.040568 -0.011998 0.015715 0.036464 0.044086 0.034246 0.006291 -0.035880 -0.084834 -0.132306 -0.171991 -0.200691 -0.217625 -0.223061 -0.217451 -0.201517 -0.176944 -0.146858 -0.115493 -0.087105 -0.064771 -0.049917 -0.042780 -0.042960 -0.049141 -0.058325 -0.065779 -0.066320 -0.056439 -0.036137 -0.009514 0.016180 0.032697 0.033558 0.016557 -0.015135 -0.054023 -0.091182 -0.119727 -0.136542 -0.140489 -0.130162 -0.105911 -0.073337 -0.042061 -0.020924 -0.014898 -0.024415 -0.045112 -0.092725 -0.109484 -0.112512 -0.105367 -0.095410 -0.088566 -0.086189 -0.085921 -0.084647 -0.080633 -0.073663 -0.063914 -0.051010 -0.034101 -0.012837 0.011548 0.035701 0.054432 0.061812 0.052995 0.026323 -0.015301 -0.064927 -0.114092 -0.155938 -0.186950 -0.206486 -0.215204 -0.213911 -0.203382 -0.184803 -0.160271 -0.132863 -0.106109 -0.083130 -0.066014 -0.055742 -0.052391 -0.055026 -0.061307 -0.067484 -0.069266 -0.063374 -0.049077 -0.028993 -0.008689 0.004926 0.005951 -0.008231 -0.035797 -0.071100 -0.106667 -0.135588 -0.153319 -0.157959 -0.148958 -0.126779 -0.094898 -0.060649 -0.032652 -0.017780 -0.019787 -0.037936 -0.065741 -0.121117 -0.134916 -0.132337 -0.118889 -0.102931 -0.090674 -0.083455 -0.078696 -0.072866 -0.063817 -0.051225 -0.035640 -0.017465 0.003167 0.025602 0.047714 0.065556 0.073968 0.068127 0.045660 0.008331 -0.037934 -0.085088 -0.126038 -0.156896 -0.177103 -0.187759 -0.189966 -0.184392 -0.171728 -0.153253 -0.131066 -0.107893 -0.086575 -0.069523 -0.058362 -0.053758 -0.055200 -0.060762 -0.067209 -0.070762 -0.068394 -0.059119 -0.044739 -0.029634 -0.019508 -0.019415 -0.031826 -0.055669 -0.086795 -0.119434 -0.147751 -0.166955 -0.173914 -0.167218 -0.147088 -0.116133 -0.080158 -0.046938 -0.023894 -0.016927 -0.029060 -0.057455 -0.092332 -0.151995 -0.160524 -0.152086 -0.134055 -0.114844 -0.099885 -0.089880 -0.082026 -0.072734 -0.059763 -0.042784 -0.022684 -0.000638 0.022167 0.044041 0.062166 0.072576 0.071132 0.055276 0.025737 -0.012967 -0.053889 -0.090233 -0.117729 -0.135504 -0.145028 -0.148070 -0.145498 -0.137539 -0.124634 -0.107956 -0.089429 -0.071429 -0.056345 -0.046143 -0.041979 -0.043842 -0.050300 -0.058584 -0.065234 -0.067245 -0.063286 -0.054475 -0.044287 -0.037492 -0.038416 -0.049318 -0.069672 -0.096608 -0.125954 -0.153177 -0.173946 -0.184512 -0.182185 -0.165973 -0.137403 -0.101142 -0.064219 -0.034046 -0.017517 -0.020626 -0.045183 -0.084454 -0.124535 -0.180635 -0.181965 -0.168465 -0.148409 -0.129032 -0.114082 -0.103263 -0.093694 -0.082158 -0.066740 -0.047290 -0.024971 -0.001548 0.020962 0.040154 0.053079 0.056611 0.048541 0.028935 0.000849 -0.030340 -0.058792 -0.080208 -0.093023 -0.098327 -0.098469 -0.095230 -0.089106 -0.079952 -0.067974 -0.054168 -0.040232 -0.028207 -0.020035 -0.017118 -0.019905 -0.027593 -0.038094 -0.048431 -0.055614 -0.057782 -0.055133 -0.050113 -0.046594 -0.048334 -0.057538 -0.074333 -0.097177 -0.123456 -0.149835 -0.172500 -0.187492 -0.191221 -0.181305 -0.157682 -0.123510 -0.084870 -0.048990 -0.023078 -0.014850 -0.030732 -0.069343 -0.117867 -0.158795 -0.199599 -0.193569 -0.177445 -0.158608 -0.141979 -0.129245 -0.119200 -0.109187 -0.096731 -0.080571 -0.060915 -0.039128 -0.017234 0.002457 0.017518 0.025627 0.025106 0.015734 -0.000656 -0.020375 -0.039001 -0.052827 -0.059862 -0.060159 -0.055499 -0.048289 -0.040183 -0.031573 -0.022226 -0.012188 -0.002200 0.006417 0.012138 0.013667 0.010313 0.002272 -0.009259 -0.022185 -0.033934 -0.042257 -0.046221 -0.046848 -0.046810 -0.049220 -0.056344 -0.069163 -0.087696 -0.111057 -0.137053 -0.162168 -0.182206 -0.193014 -0.191205 -0.175151 -0.146105 -0.108559 -0.069084 -0.034830 -0.014069 -0.016599 -0.047841 -0.099741 -0.152267 -0.187409 -0.200991 -0.190053 -0.174884 -0.160172 -0.148156 -0.138817 -0.130520 -0.121168 -0.109198 -0.094087 -0.076392 -0.057507 -0.039296 -0.023743 -0.012648 -0.007284 -0.007989 -0.013820 -0.022572 -0.031355 -0.037499 -0.039264 -0.036048 -0.028355 -0.017679 -0.005995 0.005125 0.015011 0.023617 0.030900 0.036461 0.039598 0.039580 0.035938 0.028629 0.018082 0.005226 -0.008466 -0.021085 -0.030873 -0.037148 -0.040816 -0.043911 -0.048603 -0.056751 -0.070124 -0.089935 -0.115396 -0.143153 -0.168518 -0.186873 -0.194234 -0.187780 -0.166860 -0.133844 -0.093833 -0.053385 -0.020510 -0.006411 -0.022713 -0.069918 -0.129871 -0.177471 -0.199993 -0.180283 -0.168489 -0.157134 -0.147633 -0.140226 -0.134034 -0.127564 -0.119480 -0.109080 -0.096409 -0.082176 -0.067547 -0.053883 -0.042470 -0.034250 -0.029585 -0.028089 -0.028625 -0.029587 -0.029406 -0.027030 -0.022038 -0.014419 -0.004416 0.007323 0.019656 0.031255 0.041049 0.048387 0.052913 0.054443 0.052973 0.048747 0.042198 0.033730 0.023502 0.011569 -0.001552 -0.014444 -0.025206 -0.032569 -0.036680 -0.038974 -0.041827 -0.048624 -0.063017 -0.086362 -0.115835 -0.145986 -0.171564 -0.188370 -0.192874 -0.182715 -0.157899 -0.121333 -0.078200 -0.035600 -0.004327 0.000493 -0.031525 -0.090812 -0.148871 -0.181886 -0.188228 -0.138737 -0.129208 -0.122066 -0.116417 -0.111728 -0.107101 -0.101603 -0.094716 -0.086400 -0.076991 -0.067082 -0.057394 -0.048629 -0.041316 -0.035671 -0.031514 -0.028274 -0.025137 -0.021325 -0.016425 -0.010537 -0.004081 0.002651 0.009779 0.017630 0.026245 0.035074 0.043046 0.048909 0.051646 0.050836 0.046857 0.040792 0.033896 0.026799 0.019007 0.009391 -0.002417 -0.014945 -0.025362 -0.031250 -0.032104 -0.029832 -0.028780 -0.034934 -0.052737 -0.081208 -0.114334 -0.145647 -0.170837 -0.186497 -0.189075 -0.176084 -0.147654 -0.106783 -0.058990 -0.013453 0.014584 0.007537 -0.038545 -0.101184 -0.146377 -0.159202 -0.151001 -0.082524 -0.075951 -0.071229 -0.066720 -0.062186 -0.057308 -0.051970 -0.046387 -0.040885 -0.035753 -0.031202 -0.027355 -0.024234 -0.021726 -0.019556 -0.017293 -0.014419 -0.010486 -0.005334 0.000712 0.006809 0.011881 0.015177 0.016772 0.017603 0.018957 0.021670 0.025544 0.029333 0.031360 0.030470 0.026776 0.021673 0.016888 0.012994 0.008642 0.001589 -0.008917 -0.020558 -0.028955 -0.030543 -0.025042 -0.016346 -0.011883 -0.019527 -0.042117 -0.074747 -0.109219 -0.140127 -0.164904 -0.180296 -0.181836 -0.166374 -0.133858 -0.087453 -0.033984 0.013717 0.036094 0.016888 -0.037384 -0.093513 -0.119332 -0.112776 -0.095091 -0.020184 -0.015800 -0.011631 -0.006409 -0.000831 0.004478 0.008814 0.011537 0.012389 0.011519 0.009344 0.006395 0.003202 0.000260 -0.001957 -0.002975 -0.002358 0.000179 0.004576 0.010236 0.015952 0.020106 0.021210 0.018626 0.013075 0.006536 0.001394 -0.000810 -0.000267 0.001308 0.001946 0.000911 -0.000807 -0.001631 -0.001451 -0.002548 -0.007866 -0.017722 -0.028171 -0.033067 -0.028300 -0.015018 -0.000165 0.005972 -0.004484 -0.030916 -0.064887 -0.098172 -0.127844 -0.152697 -0.168548 -0.169387 -0.151274 -0.114100 -0.061708 -0.003219 0.044551 0.059914 0.031580 -0.023545 -0.067210 -0.073997 -0.053257 -0.031131 0.039950 0.042466 0.046037 0.051303 0.056475 0.059982 0.060631 0.057877 0.052009 0.043922 0.034716 0.025361 0.016519 0.008583 0.001845 -0.003331 -0.006462 -0.007072 -0.004930 -0.000351 0.005589 0.011033 0.013719 0.011762 0.004644 -0.006129 -0.017326 -0.025472 -0.028767 -0.027951 -0.025293 -0.022511 -0.019572 -0.015707 -0.011715 -0.010741 -0.015794 -0.025896 -0.035008 -0.035513 -0.023664 -0.002957 0.016534 0.022933 0.010119 -0.017537 -0.049763 -0.080107 -0.108307 -0.133584 -0.150090 -0.150149 -0.129281 -0.087743 -0.030576 0.030649 0.076438 0.085753 0.053317 0.002582 -0.028462 -0.021418 0.007537 0.031031 0.092027 0.091937 0.092807 0.095226 0.096755 0.095283 0.089664 0.079952 0.067287 0.053309 0.039469 0.026556 0.014631 0.003349 -0.007531 -0.017766 -0.026581 -0.032897 -0.035691 -0.034407 -0.029347 -0.021965 -0.014837 -0.011076 -0.013128 -0.021304 -0.033002 -0.043658 -0.049328 -0.048961 -0.044305 -0.037685 -0.030161 -0.022161 -0.015615 -0.014266 -0.020503 -0.031497 -0.039192 -0.035201 -0.016935 0.009570 0.031967 0.038313 0.025019 -0.000808 -0.028879 -0.055245 -0.081740 -0.107369 -0.124545 -0.124113 -0.101290 -0.057072 0.002140 0.063194 0.106112 0.112292 0.080732 0.036427 0.014268 0.028475 0.061012 0.084846 0.133431 0.129965 0.125584 0.121921 0.116871 0.108462 0.096088 0.080668 0.064147 0.048512 0.034857 0.022927 0.011407 -0.001221 -0.015761 -0.031871 -0.048240 -0.063021 -0.074258 -0.080245 -0.079977 -0.073690 -0.063301 -0.052342 -0.044985 -0.044123 -0.049369 -0.056745 -0.061089 -0.059501 -0.052587 -0.042671 -0.031612 -0.020963 -0.013596 -0.013368 -0.021563 -0.033504 -0.039750 -0.031971 -0.009064 0.021008 0.044979 0.051966 0.040632 0.019261 -0.003049 -0.024670 -0.048858 -0.074458 -0.092750 -0.093331 -0.070887 -0.026997 0.030854 0.089195 0.129522 0.136122 0.109430 0.071855 0.054154 0.069679 0.102658 0.127070 0.163341 0.156948 0.146166 0.134652 0.121824 0.106607 0.089230 0.071410 0.055499 0.043145 0.034252 0.026815 0.017840 0.004852 -0.013002 -0.034869 -0.058852 -0.082649 -0.103824 -0.119889 -0.128564 -0.128397 -0.119634 -0.104858 -0.088737 -0.076311 -0.070197 -0.068715 -0.067184 -0.061728 -0.051789 -0.039200 -0.026069 -0.014542 -0.007840 -0.009388 -0.019266 -0.031552 -0.036413 -0.026233 -0.001133 0.030162 0.054855 0.063631 0.056496 0.041447 0.025889 0.009800 -0.010978 -0.035788 -0.055986 -0.060379 -0.042411 -0.003141 0.049736 0.103395 0.141793 0.151793 0.133025 0.102748 0.086878 0.099763 0.130839 0.156255 0.181281 0.173886 0.157779 0.138878 0.119038 0.098700 0.079016 0.062175 0.050319 0.044037 0.041480 0.038799 0.031839 0.018043 -0.002751 -0.028953 -0.058349 -0.088735 -0.117890 -0.143295 -0.162040 -0.171273 -0.169210 -0.156363 -0.136234 -0.114485 -0.096203 -0.082853 -0.071922 -0.060041 -0.046119 -0.031351 -0.017502 -0.006511 -0.001146 -0.003983 -0.014234 -0.025760 -0.029401 -0.018590 0.006026 0.036320 0.061083 0.072616 0.071224 0.063540 0.055218 0.045395 0.029514 0.007058 -0.014953 -0.025698 -0.017064 0.012086 0.055631 0.102325 0.138664 0.153492 0.144650 0.123252 0.109454 0.118297 0.145691 0.171878 0.187576 0.181847 0.163340 0.139497 0.114811 0.091572 0.071826 0.057848 0.051037 0.050511 0.052733 0.052675 0.046026 0.030927 0.008053 -0.020565 -0.052697 -0.086414 -0.119996 -0.151481 -0.178197 -0.196762 -0.203841 -0.197591 -0.179179 -0.153147 -0.125559 -0.100658 -0.079022 -0.059212 -0.040607 -0.023971 -0.010279 -0.000450 0.003939 0.001329 -0.007285 -0.016689 -0.019290 -0.009611 0.012019 0.039267 0.063290 0.077865 0.082809 0.082727 0.081570 0.078280 0.068549 0.050676 0.029013 0.012292 0.009056 0.023285 0.052395 0.088274 0.120185 0.138575 0.139564 0.128506 0.119162 0.125371 0.148612 0.174839 0.184187 0.182658 0.165401 0.140030 0.113113 0.088789 0.070008 0.058977 0.056169 0.059372 0.063983 0.064689 0.057597 0.041388 0.016995 -0.013377 -0.047157 -0.082192 -0.117118 -0.150942 -0.182090 -0.207665 -0.223610 -0.226078 -0.213552 -0.188348 -0.155976 -0.122323 -0.090971 -0.063211 -0.039784 -0.021422 -0.008082 0.000909 0.005621 0.005375 0.000604 -0.005354 -0.007016 0.000156 0.016827 0.039238 0.061342 0.078321 0.089155 0.096156 0.101517 0.104198 0.100709 0.088941 0.070868 0.052132 0.039681 0.038790 0.050574 0.071331 0.094071 0.111375 0.118655 0.117029 0.114253 0.120941 0.141497 0.167589 0.174121 0.178748 0.165961 0.142207 0.115156 0.090624 0.072662 0.063590 0.063190 0.068378 0.074091 0.075031 0.067339 0.049465 0.022308 -0.011141 -0.046991 -0.082246 -0.115914 -0.148522 -0.180450 -0.210137 -0.233395 -0.244702 -0.239984 -0.219077 -0.186100 -0.147432 -0.108898 -0.074504 -0.046769 -0.026695 -0.013195 -0.003804 0.003179 0.007518 0.008396 0.006772 0.005967 0.009847 0.020404 0.036655 0.055425 0.073340 0.088676 0.101580 0.112395 0.119827 0.121275 0.115081 0.102174 0.085818 0.070397 0.060102 0.057527 0.062533 0.072263 0.082475 0.089623 0.092991 0.096100 0.105646 0.126100 0.153064 0.160126 0.172225 0.166042 0.145951 0.119836 0.095086 0.077222 0.069074 0.070086 0.076617 0.083191 0.084047 0.074617 0.052906 0.020546 -0.017535 -0.055483 -0.089500 -0.119346 -0.147652 -0.177465 -0.209087 -0.238297 -0.257800 -0.261140 -0.246050 -0.215264 -0.174999 -0.132397 -0.093544 -0.062543 -0.040680 -0.025894 -0.014172 -0.002735 0.007893 0.015194 0.017861 0.017541 0.017823 0.022006 0.031536 0.045772 0.062818 0.080669 0.097814 0.112836 0.123739 0.128319 0.125577 0.116584 0.103876 0.090226 0.077923 0.068596 0.063026 0.060917 0.061110 0.062407 0.064709 0.069992 0.082183 0.104360 0.133748 0.144054 0.164293 0.165667 0.150058 0.125071 0.099723 0.081383 0.073697 0.075916 0.083758 0.090897 0.090514 0.077232 0.049436 0.010673 -0.031722 -0.070359 -0.101222 -0.125115 -0.147033 -0.173119 -0.205776 -0.240415 -0.267484 -0.278251 -0.269078 -0.241918 -0.202694 -0.159070 -0.118277 -0.085321 -0.061471 -0.043841 -0.027564 -0.009854 0.007619 0.020560 0.026125 0.025226 0.021667 0.019838 0.022912 0.032111 0.046830 0.065220 0.084806 0.102801 0.116269 0.122783 0.121572 0.114114 0.103352 0.092065 0.081697 0.072390 0.063769 0.055610 0.048125 0.042147 0.039382 0.042571 0.055051 0.078929 0.111657 0.126995 0.155331 0.164279 0.153165 0.129215 0.103196 0.084452 0.077403 0.080934 0.089814 0.096498 0.093127 0.074303 0.039957 -0.003997 -0.048520 -0.085741 -0.111862 -0.128536 -0.142978 -0.164663 -0.198182 -0.238078 -0.271954 -0.288978 -0.285038 -0.262125 -0.225964 -0.184074 -0.143797 -0.110124 -0.083892 -0.061743 -0.039068 -0.014398 0.008784 0.024846 0.030562 0.027189 0.019195 0.011799 0.009156 0.013558 0.025283 0.042831 0.063379 0.083328 0.098920 0.107160 0.106959 0.099799 0.089121 0.078538 0.070010 0.063214 0.056445 0.048134 0.037970 0.027345 0.019323 0.018223 0.028523 0.052751 0.088564 0.109581 0.145305 0.161289 0.154491 0.131885 0.105949 0.087677 0.081807 0.086512 0.095456 0.100067 0.092206 0.067559 0.028163 -0.018310 -0.062371 -0.096518 -0.117110 -0.126047 -0.132388 -0.149046 -0.182880 -0.227218 -0.266495 -0.288103 -0.288306 -0.269831 -0.238273 -0.200377 -0.162584 -0.129006 -0.099838 -0.071962 -0.042344 -0.011918 0.013958 0.029256 0.031594 0.023408 0.010049 -0.002743 -0.010427 -0.010290 -0.001601 0.014455 0.035071 0.056338 0.074005 0.084507 0.086151 0.079939 0.069305 0.058526 0.050558 0.045638 0.041637 0.035776 0.026497 0.014565 0.003304 -0.001885 0.005050 0.028124 0.065911 0.092218 0.134152 0.156483 0.154169 0.134055 0.109942 0.093664 0.089541 0.094769 0.102198 0.103049 0.090017 0.060570 0.018490 -0.027923 -0.069734 -0.100104 -0.115170 -0.116365 -0.114042 -0.124452 -0.156914 -0.203730 -0.246366 -0.270724 -0.273800 -0.259400 -0.233055 -0.200309 -0.165949 -0.132683 -0.100294 -0.066849 -0.031932 0.000834 0.024925 0.035112 0.030794 0.015905 -0.003510 -0.021623 -0.033959 -0.037750 -0.032058 -0.017806 0.002387 0.024639 0.044534 0.058131 0.063123 0.059768 0.050958 0.040993 0.033461 0.029408 0.027044 0.023171 0.015331 0.003454 -0.009510 -0.017863 -0.014460 0.006371 0.044700 0.075315 0.122056 0.150204 0.153160 0.137574 0.117759 0.105252 0.103210 0.107881 0.112057 0.107912 0.089894 0.057238 0.014546 -0.030262 -0.069198 -0.095977 -0.106175 -0.100141 -0.088703 -0.090984 -0.119157 -0.165573 -0.209581 -0.235528 -0.240497 -0.229068 -0.206951 -0.178708 -0.147407 -0.114407 -0.079585 -0.042892 -0.006709 0.023374 0.040952 0.042653 0.029998 0.008086 -0.017014 -0.039968 -0.056682 -0.064429 -0.062042 -0.050105 -0.030905 -0.008081 0.014038 0.031353 0.041081 0.042690 0.038186 0.031267 0.025485 0.022361 0.020660 0.017373 0.009762 -0.002722 -0.017496 -0.028901 -0.029263 -0.011631 0.025676