# vtk DataFile Version 3.0
PINNeAPPle SolverOutput — cavity_Re400
ASCII
DATASET RECTILINEAR_GRID
DIMENSIONS 64 64 1
X_COORDINATES 64 float
0.000000 0.015873 0.031746 0.047619 0.063492 0.079365 0.095238 0.111111 0.126984 0.142857 0.158730 0.174603 0.190476 0.206349 0.222222 0.238095 0.253968 0.269841 0.285714 0.301587 0.317460 0.333333 0.349206 0.365079 0.380952 0.396825 0.412698 0.428571 0.444444 0.460317 0.476190 0.492063 0.507937 0.523810 0.539683 0.555556 0.571429 0.587302 0.603175 0.619048 0.634921 0.650794 0.666667 0.682540 0.698413 0.714286 0.730159 0.746032 0.761905 0.777778 0.793651 0.809524 0.825397 0.841270 0.857143 0.873016 0.888889 0.904762 0.920635 0.936508 0.952381 0.968254 0.984127 1.000000
Y_COORDINATES 64 float
0.000000 0.015873 0.031746 0.047619 0.063492 0.079365 0.095238 0.111111 0.126984 0.142857 0.158730 0.174603 0.190476 0.206349 0.222222 0.238095 0.253968 0.269841 0.285714 0.301587 0.317460 0.333333 0.349206 0.365079 0.380952 0.396825 0.412698 0.428571 0.444444 0.460317 0.476190 0.492063 0.507937 0.523810 0.539683 0.555556 0.571429 0.587302 0.603175 0.619048 0.634921 0.650794 0.666667 0.682540 0.698413 0.714286 0.730159 0.746032 0.761905 0.777778 0.793651 0.809524 0.825397 0.841270 0.857143 0.873016 0.888889 0.904762 0.920635 0.936508 0.952381 0.968254 0.984127 1.000000
Z_COORDINATES 1 float
0.0
POINT_DATA 4096
SCALARS velocity_u float 1
LOOKUP_TABLE default
0.000433 0.001099 0.001715 0.002240 0.002631 0.002858 0.002920 0.002845 0.002687 0.002521 0.002426 0.002459 0.002631 0.002906 0.003222 0.003514 0.003732 0.003851 0.003866 0.003801 0.003699 0.003610 0.003561 0.003538 0.003475 0.003279 0.002880 0.002263 0.001480 0.000619 -0.000232 -0.001000 -0.001630 -0.002082 -0.002335 -0.002386 -0.002249 -0.001951 -0.001524 -0.001001 -0.000427 0.000150 0.000676 0.001108 0.001421 0.001604 0.001663 0.001610 0.001462 0.001239 0.000963 0.000652 0.000307 -0.000091 -0.000566 -0.001107 -0.001644 -0.002066 -0.002275 -0.002230 -0.001949 -0.001485 -0.000899 -0.000245 0.001632 0.002239 0.002736 0.003085 0.003259 0.003257 0.003107 0.002860 0.002586 0.002367 0.002281 0.002373 0.002634 0.003010 0.003423 0.003801 0.004092 0.004269 0.004325 0.004272 0.004138 0.003957 0.003762 0.003560 0.003326 0.002998 0.002512 0.001833 0.000991 0.000063 -0.000848 -0.001652 -0.002284 -0.002707 -0.002906 -0.002886 -0.002665 -0.002275 -0.001752 -0.001139 -0.000485 0.000157 0.000733 0.001203 0.001539 0.001734 0.001792 0.001725 0.001554 0.001302 0.001002 0.000689 0.000383 0.000080 -0.000249 -0.000617 -0.000987 -0.001275 -0.001386 -0.001264 -0.000913 -0.000380 0.000266 0.000957 0.002544 0.003055 0.003413 0.003588 0.003574 0.003393 0.003095 0.002743 0.002413 0.002185 0.002126 0.002262 0.002565 0.002971 0.003403 0.003798 0.004115 0.004340 0.004464 0.004488 0.004408 0.004227 0.003956 0.003615 0.003219 0.002753 0.002173 0.001438 0.000552 -0.000419 -0.001369 -0.002191 -0.002812 -0.003195 -0.003335 -0.003246 -0.002954 -0.002495 -0.001911 -0.001251 -0.000566 0.000091 0.000674 0.001147 0.001488 0.001690 0.001756 0.001696 0.001524 0.001264 0.000952 0.000638 0.000363 0.000142 -0.000045 -0.000225 -0.000397 -0.000512 -0.000500 -0.000306 0.000080 0.000624 0.001263 0.001926 0.003057 0.003451 0.003680 0.003724 0.003591 0.003320 0.002968 0.002600 0.002286 0.002096 0.002077 0.002231 0.002520 0.002880 0.003248 0.003582 0.003869 0.004109 0.004303 0.004434 0.004465 0.004355 0.004082 0.003660 0.003135 0.002541 0.001871 0.001085 0.000170 -0.000826 -0.001797 -0.002627 -0.003232 -0.003578 -0.003667 -0.003523 -0.003181 -0.002684 -0.002080 -0.001417 -0.000743 -0.000106 0.000457 0.000916 0.001256 0.001470 0.001558 0.001523 0.001370 0.001118 0.000806 0.000490 0.000230 0.000063 -0.000014 -0.000030 -0.000008 0.000059 0.000208 0.000476 0.000876 0.001387 0.001963 0.002541 0.003174 0.003461 0.003600 0.003580 0.003421 0.003162 0.002857 0.002559 0.002329 0.002215 0.002238 0.002383 0.002607 0.002859 0.003097 0.003309 0.003510 0.003724 0.003959 0.004185 0.004334 0.004322 0.004090 0.003639 0.003031 0.002339 0.001594 0.000771 -0.000156 -0.001156 -0.002131 -0.002960 -0.003552 -0.003873 -0.003932 -0.003761 -0.003404 -0.002907 -0.002316 -0.001678 -0.001034 -0.000424 0.000118 0.000569 0.000913 0.001144 0.001257 0.001248 0.001119 0.000879 0.000567 0.000243 -0.000021 -0.000169 -0.000184 -0.000085 0.000089 0.000315 0.000593 0.000934 0.001343 0.001809 0.002300 0.002771 0.002993 0.003212 0.003320 0.003315 0.003220 0.003066 0.002889 0.002730 0.002627 0.002605 0.002660 0.002766 0.002888 0.002993 0.003067 0.003125 0.003208 0.003357 0.003585 0.003855 0.004076 0.004138 0.003953 0.003507 0.002861 0.002113 0.001324 0.000486 -0.000430 -0.001409 -0.002364 -0.003179 -0.003763 -0.004079 -0.004140 -0.003981 -0.003648 -0.003185 -0.002630 -0.002022 -0.001398 -0.000795 -0.000247 0.000215 0.000574 0.000819 0.000944 0.000945 0.000821 0.000582 0.000260 -0.000083 -0.000370 -0.000530 -0.000529 -0.000373 -0.000103 0.000237 0.000618 0.001024 0.001448 0.001879 0.002298 0.002679 0.002666 0.002872 0.003011 0.003091 0.003129 0.003140 0.003141 0.003151 0.003186 0.003245 0.003307 0.003348 0.003345 0.003293 0.003202 0.003109 0.003068 0.003126 0.003298 0.003541 0.003759 0.003833 0.003668 0.003235 0.002589 0.001830 0.001035 0.000214 -0.000661 -0.001585 -0.002490 -0.003271 -0.003843 -0.004170 -0.004263 -0.004155 -0.003883 -0.003479 -0.002971 -0.002387 -0.001761 -0.001134 -0.000549 -0.000049 0.000337 0.000590 0.000705 0.000687 0.000540 0.000278 -0.000067 -0.000439 -0.000758 -0.000948 -0.000960 -0.000791 -0.000476 -0.000069 0.000379 0.000835 0.001276 0.001690 0.002067 0.002395 0.002328 0.002570 0.002791 0.003001 0.003207 0.003406 0.003593 0.003765 0.003916 0.004024 0.004066 0.004021 0.003892 0.003697 0.003470 0.003258 0.003113 0.003075 0.003151 0.003299 0.003433 0.003447 0.003255 0.002825 0.002201 0.001470 0.000710 -0.000059 -0.000858 -0.001690 -0.002506 -0.003222 -0.003765 -0.004105 -0.004245 -0.004210 -0.004020 -0.003694 -0.003242 -0.002686 -0.002055 -0.001394 -0.000758 -0.000203 0.000222 0.000487 0.000584 0.000525 0.000332 0.000029 -0.000348 -0.000748 -0.001096 -0.001315 -0.001350 -0.001190 -0.000868 -0.000440 0.000035 0.000512 0.000963 0.001373 0.001736 0.002053 0.002018 0.002333 0.002664 0.003021 0.003397 0.003772 0.004122 0.004423 0.004650 0.004775 0.004774 0.004646 0.004411 0.004112 0.003796 0.003512 0.003299 0.003177 0.003138 0.003144 0.003129 0.003017 0.002747 0.002299 0.001705 0.001031 0.000341 -0.000343 -0.001031 -0.001733 -0.002419 -0.003030 -0.003514 -0.003846 -0.004024 -0.004059 -0.003955 -0.003713 -0.003333 -0.002827 -0.002222 -0.001559 -0.000894 -0.000292 0.000179 0.000472 0.000565 0.000474 0.000236 -0.000108 -0.000513 -0.000929 -0.001290 -0.001523 -0.001579 -0.001444 -0.001147 -0.000745 -0.000292 0.000166 0.000602 0.001005 0.001370 0.001704 0.001663 0.002062 0.002510 0.003008 0.003537 0.004061 0.004538 0.004929 0.005198 0.005317 0.005276 0.005088 0.004791 0.004440 0.004092 0.003790 0.003549 0.003362 0.003207 0.003048 0.002846 0.002564 0.002180 0.001693 0.001128 0.000527 -0.000068 -0.000639 -0.001190 -0.001730 -0.002249 -0.002715 -0.003100 -0.003387 -0.003571 -0.003650 -0.003613 -0.003449 -0.003153 -0.002730 -0.002201 -0.001598 -0.000965 -0.000363 0.000138 0.000471 0.000595 0.000510 0.000258 -0.000101 -0.000513 -0.000922 -0.001273 -0.001507 -0.001581 -0.001489 -0.001257 -0.000932 -0.000560 -0.000173 0.000211 0.000584 0.000943 0.001297 0.001132 0.001605 0.002158 0.002780 0.003439 0.004084 0.004658 0.005113 0.005407 0.005522 0.005463 0.005256 0.004952 0.004610 0.004284 0.004005 0.003765 0.003532 0.003268 0.002944 0.002549 0.002086 0.001574 0.001038 0.000501 -0.000018 -0.000503 -0.000943 -0.001338 -0.001698 -0.002026 -0.002317 -0.002566 -0.002767 -0.002915 -0.002996 -0.002993 -0.002888 -0.002673 -0.002354 -0.001944 -0.001465 -0.000940 -0.000410 0.000071 0.000429 0.000605 0.000575 0.000367 0.000040 -0.000337 -0.000710 -0.001029 -0.001251 -0.001351 -0.001326 -0.001200 -0.001008 -0.000775 -0.000517 -0.000238 0.000060 0.000380 0.000731 0.000358 0.000881 0.001518 0.002244 0.003011 0.003753 0.004403 0.004905 0.005222 0.005347 0.005300 0.005120 0.004860 0.004576 0.004313 0.004081 0.003852 0.003578 0.003216 0.002745 0.002178 0.001555 0.000932 0.000357 -0.000146 -0.000577 -0.000942 -0.001242 -0.001476 -0.001651 -0.001783 -0.001888 -0.001979 -0.002064 -0.002137 -0.002182 -0.002176 -0.002102 -0.001952 -0.001735 -0.001461 -0.001141 -0.000781 -0.000392 -0.000002 0.000335 0.000554 0.000607 0.000495 0.000262 -0.000032 -0.000329 -0.000593 -0.000797 -0.000928 -0.000994 -0.001010 -0.000994 -0.000952 -0.000877 -0.000759 -0.000589 -0.000358 -0.000050 -0.000580 -0.000030 0.000668 0.001473 0.002320 0.003131 0.003830 0.004360 0.004693 0.004837 0.004824 0.004700 0.004518 0.004322 0.004136 0.003950 0.003723 0.003405 0.002957 0.002371 0.001677 0.000942 0.000248 -0.000338 -0.000792 -0.001127 -0.001367 -0.001524 -0.001599 -0.001602 -0.001552 -0.001480 -0.001412 -0.001368 -0.001344 -0.001325 -0.001288 -0.001218 -0.001112 -0.000980 -0.000832 -0.000673 -0.000494 -0.000284 -0.000040 0.000214 0.000431 0.000558 0.000568 0.000472 0.000311 0.000127 -0.000055 -0.000227 -0.000389 -0.000552 -0.000725 -0.000909 -0.001086 -0.001230 -0.001311 -0.001309 -0.001203 -0.000967 -0.001460 -0.000901 -0.000172 0.000673 0.001553 0.002383 0.003083 0.003604 0.003929 0.004081 0.004103 0.004044 0.003948 0.003839 0.003717 0.003555 0.003310 0.002944 0.002430 0.001773 0.001012 0.000229 -0.000480 -0.001039 -0.001422 -0.001653 -0.001765 -0.001781 -0.001708 -0.001557 -0.001351 -0.001126 -0.000918 -0.000749 -0.000623 -0.000527 -0.000444 -0.000365 -0.000290 -0.000228 -0.000185 -0.000162 -0.000144 -0.000107 -0.000029 0.000100 0.000261 0.000417 0.000529 0.000581 0.000579 0.000538 0.000463 0.000346 0.000171 -0.000074 -0.000391 -0.000763 -0.001154 -0.001513 -0.001794 -0.001961 -0.001979 -0.001819 -0.002026 -0.001482 -0.000768 0.000051 0.000891 0.001665 0.002300 0.002756 0.003035 0.003170 0.003212 0.003205 0.003177 0.003126 0.003032 0.002860 0.002582 0.002175 0.001630 0.000953 0.000188 -0.000579 -0.001246 -0.001738 -0.002031 -0.002149 -0.002133 -0.002013 -0.001803 -0.001519 -0.001184 -0.000836 -0.000511 -0.000234 -0.000014 0.000154 0.000279 0.000364 0.000407 0.000405 0.000359 0.000276 0.000175 0.000079 0.000017 0.000015 0.000082 0.000211 0.000373 0.000539 0.000686 0.000795 0.000846 0.000808 0.000653 0.000365 -0.000052 -0.000566 -0.001120 -0.001645 -0.002077 -0.002366 -0.002470 -0.002360 -0.002106 -0.001614 -0.000983 -0.000275 0.000432 0.001065 0.001563 0.001901 0.002095 0.002187 0.002225 0.002242 0.002241 0.002201 0.002088 0.001880 0.001566 0.001142 0.000604 -0.000043 -0.000754 -0.001449 -0.002029 -0.002423 -0.002610 -0.002613 -0.002472 -0.002223 -0.001886 -0.001483 -0.001040 -0.000591 -0.000172 0.000193 0.000487 0.000707 0.000851 0.000920 0.000915 0.000843 0.000718 0.000559 0.000383 0.000211 0.000062 -0.000038 -0.000064 0.000000 0.000153 0.000372 0.000620 0.000855 0.001027 0.001085 0.000985 0.000703 0.000252 -0.000325 -0.000955 -0.001555 -0.002049 -0.002379 -0.002506 -0.002413 -0.001656 -0.001261 -0.000784 -0.000273 0.000218 0.000635 0.000939 0.001119 0.001200 0.001224 0.001229 0.001228 0.001202 0.001120 0.000953 0.000697 0.000361 -0.000053 -0.000551 -0.001129 -0.001748 -0.002331 -0.002792 -0.003070 -0.003145 -0.003037 -0.002780 -0.002410 -0.001956 -0.001444 -0.000904 -0.000369 0.000126 0.000555 0.000894 0.001132 0.001261 0.001282 0.001207 0.001057 0.000861 0.000648 0.000438 0.000244 0.000071 -0.000069 -0.000153 -0.000153 -0.000048 0.000160 0.000443 0.000749 0.001010 0.001156 0.001128 0.000900 0.000487 -0.000058 -0.000653 -0.001213 -0.001660 -0.001941 -0.002029 -0.001925 -0.000736 -0.000470 -0.000195 0.000063 0.000281 0.000436 0.000510 0.000508 0.000455 0.000386 0.000322 0.000255 0.000157 -0.000005 -0.000241 -0.000541 -0.000886 -0.001275 -0.001716 -0.002207 -0.002711 -0.003161 -0.003488 -0.003644 -0.003612 -0.003403 -0.003046 -0.002574 -0.002019 -0.001411 -0.000786 -0.000179 0.000374 0.000841 0.001195 0.001417 0.001499 0.001449 0.001291 0.001061 0.000805 0.000559 0.000346 0.000170 0.000025 -0.000095 -0.000183 -0.000215 -0.000161 -0.000003 0.000251 0.000557 0.000847 0.001042 0.001081 0.000937 0.000627 0.000210 -0.000239 -0.000643 -0.000941 -0.001093 -0.001091 -0.000958 0.000518 0.000649 0.000713 0.000707 0.000639 0.000517 0.000350 0.000153 -0.000049 -0.000236 -0.000403 -0.000571 -0.000772 -0.001027 -0.001334 -0.001671 -0.002023 -0.002389 -0.002777 -0.003179 -0.003562 -0.003874 -0.004066 -0.004105 -0.003976 -0.003687 -0.003256 -0.002712 -0.002086 -0.001410 -0.000724 -0.000065 0.000524 0.001007 0.001351 0.001538 0.001561 0.001438 0.001204 0.000909 0.000610 0.000350 0.000152 0.000015 -0.000075 -0.000136 -0.000177 -0.000196 -0.000169 -0.000071 0.000109 0.000349 0.000596 0.000786 0.000865 0.000817 0.000662 0.000450 0.000241 0.000084 0.000014 0.000046 0.000168 0.000342 0.001926 0.001940 0.001818 0.001577 0.001250 0.000872 0.000477 0.000089 -0.000268 -0.000585 -0.000872 -0.001157 -0.001468 -0.001815 -0.002186 -0.002562 -0.002931 -0.003290 -0.003639 -0.003964 -0.004234 -0.004416 -0.004483 -0.004417 -0.004209 -0.003863 -0.003391 -0.002815 -0.002160 -0.001458 -0.000746 -0.000068 0.000533 0.001013 0.001339 0.001489 0.001465 0.001289 0.001006 0.000675 0.000358 0.000099 -0.000077 -0.000174 -0.000206 -0.000198 -0.000171 -0.000141 -0.000109 -0.000058 0.000031 0.000162 0.000310 0.000443 0.000534 0.000581 0.000607 0.000648 0.000733 0.000874 0.001072 0.001314 0.001568 0.001790 0.003306 0.003229 0.002966 0.002545 0.002015 0.001431 0.000843 0.000288 -0.000211 -0.000652 -0.001055 -0.001450 -0.001860 -0.002287 -0.002719 -0.003138 -0.003536 -0.003907 -0.004236 -0.004501 -0.004681 -0.004757 -0.004721 -0.004570 -0.004303 -0.003924 -0.003440 -0.002867 -0.002224 -0.001538 -0.000844 -0.000181 0.000404 0.000867 0.001172 0.001299 0.001251 0.001057 0.000764 0.000433 0.000123 -0.000120 -0.000275 -0.000343 -0.000336 -0.000275 -0.000187 -0.000101 -0.000042 -0.000013 -0.000002 0.000012 0.000042 0.000093 0.000177 0.000312 0.000522 0.000822 0.001206 0.001648 0.002111 0.002555 0.002933 0.003198 0.004507 0.004367 0.004011 0.003474 0.002811 0.002086 0.001360 0.000679 0.000070 -0.000469 -0.000964 -0.001447 -0.001936 -0.002429 -0.002913 -0.003374 -0.003805 -0.004196 -0.004522 -0.004757 -0.004881 -0.004890 -0.004789 -0.004585 -0.004283 -0.003889 -0.003413 -0.002866 -0.002264 -0.001626 -0.000983 -0.000369 0.000174 0.000604 0.000887 0.001006 0.000965 0.000790 0.000527 0.000231 -0.000045 -0.000261 -0.000398 -0.000453 -0.000432 -0.000350 -0.000229 -0.000103 -0.000011 0.000019 -0.000013 -0.000083 -0.000149 -0.000165 -0.000086 0.000130 0.000504 0.001031 0.001671 0.002366 0.003047 0.003652 0.004125 0.004422 0.005424 0.005243 0.004837 0.004244 0.003517 0.002721 0.001921 0.001169 0.000495 -0.000104 -0.000654 -0.001191 -0.001732 -0.002272 -0.002794 -0.003285 -0.003740 -0.004146 -0.004480 -0.004713 -0.004825 -0.004818 -0.004701 -0.004484 -0.004177 -0.003790 -0.003335 -0.002826 -0.002278 -0.001709 -0.001140 -0.000601 -0.000123 0.000260 0.000520 0.000644 0.000634 0.000512 0.000315 0.000084 -0.000138 -0.000320 -0.000441 -0.000495 -0.000482 -0.000407 -0.000285 -0.000143 -0.000027 0.000024 -0.000009 -0.000105 -0.000208 -0.000246 -0.000145 0.000148 0.000651 0.001341 0.002157 0.003016 0.003833 0.004532 0.005055 0.005360 0.005993 0.005789 0.005367 0.004766 0.004036 0.003234 0.002424 0.001661 0.000976 0.000365 -0.000200 -0.000754 -0.001316 -0.001879 -0.002420 -0.002921 -0.003378 -0.003784 -0.004122 -0.004368 -0.004504 -0.004528 -0.004443 -0.004257 -0.003981 -0.003625 -0.003208 -0.002749 -0.002266 -0.001778 -0.001300 -0.000852 -0.000456 -0.000132 0.000101 0.000236 0.000274 0.000227 0.000115 -0.000033 -0.000189 -0.000330 -0.000436 -0.000495 -0.000499 -0.000446 -0.000342 -0.000205 -0.000072 0.000011 0.000018 -0.000041 -0.000111 -0.000108 0.000048 0.000414 0.001003 0.001780 0.002672 0.003588 0.004440 0.005152 0.005669 0.005955 0.006185 0.005967 0.005556 0.004985 0.004298 0.003546 0.002787 0.002073 0.001430 0.000856 0.000319 -0.000217 -0.000772 -0.001332 -0.001870 -0.002359 -0.002792 -0.003172 -0.003494 -0.003748 -0.003919 -0.003998 -0.003980 -0.003863 -0.003652 -0.003359 -0.003006 -0.002619 -0.002218 -0.001823 -0.001446 -0.001099 -0.000794 -0.000538 -0.000336 -0.000191 -0.000103 -0.000073 -0.000095 -0.000160 -0.000252 -0.000353 -0.000444 -0.000505 -0.000524 -0.000492 -0.000406 -0.000275 -0.000127 0.000002 0.000080 0.000109 0.000134 0.000228 0.000466 0.000898 0.001528 0.002314 0.003185 0.004055 0.004846 0.005493 0.005948 0.006182 0.006003 0.005772 0.005385 0.004871 0.004265 0.003608 0.002953 0.002342 0.001796 0.001303 0.000827 0.000335 -0.000186 -0.000721 -0.001233 -0.001690 -0.002080 -0.002410 -0.002691 -0.002929 -0.003118 -0.003248 -0.003306 -0.003280 -0.003165 -0.002971 -0.002719 -0.002434 -0.002139 -0.001850 -0.001579 -0.001334 -0.001116 -0.000926 -0.000757 -0.000608 -0.000483 -0.000391 -0.000341 -0.000340 -0.000383 -0.000454 -0.000530 -0.000590 -0.000613 -0.000587 -0.000505 -0.000367 -0.000188 0.000001 0.000175 0.000325 0.000482 0.000698 0.001031 0.001514 0.002141 0.002874 0.003647 0.004393 0.005049 0.005565 0.005907 0.006053 0.005483 0.005230 0.004873 0.004431 0.003929 0.003404 0.002897 0.002437 0.002031 0.001651 0.001259 0.000827 0.000353 -0.000137 -0.000603 -0.001011 -0.001347 -0.001616 -0.001840 -0.002037 -0.002216 -0.002374 -0.002496 -0.002563 -0.002564 -0.002500 -0.002385 -0.002236 -0.002069 -0.001898 -0.001730 -0.001573 -0.001427 -0.001288 -0.001146 -0.000999 -0.000853 -0.000724 -0.000634 -0.000598 -0.000617 -0.000675 -0.000746 -0.000802 -0.000821 -0.000786 -0.000685 -0.000515 -0.000284 -0.000014 0.000272 0.000561 0.000864 0.001211 0.001635 0.002151 0.002746 0.003383 0.004013 0.004586 0.005058 0.005397 0.005581 0.005607 0.004678 0.004395 0.004066 0.003703 0.003324 0.002957 0.002631 0.002356 0.002113 0.001860 0.001556 0.001185 0.000767 0.000337 -0.000065 -0.000411 -0.000687 -0.000901 -0.001070 -0.001221 -0.001373 -0.001535 -0.001700 -0.001851 -0.001971 -0.002051 -0.002093 -0.002099 -0.002071 -0.002016 -0.001940 -0.001849 -0.001748 -0.001635 -0.001505 -0.001359 -0.001206 -0.001068 -0.000971 -0.000935 -0.000960 -0.001028 -0.001109 -0.001169 -0.001183 -0.001128 -0.000991 -0.000767 -0.000463 -0.000095 0.000314 0.000743 0.001189 0.001660 0.002163 0.002697 0.003242 0.003768 0.004238 0.004618 0.004882 0.005015 0.005014 0.004893 0.003667 0.003350 0.003046 0.002765 0.002520 0.002327 0.002197 0.002113 0.002030 0.001890 0.001662 0.001350 0.000994 0.000638 0.000315 0.000041 -0.000179 -0.000349 -0.000483 -0.000603 -0.000733 -0.000892 -0.001084 -0.001300 -0.001526 -0.001744 -0.001938 -0.002093 -0.002194 -0.002236 -0.002227 -0.002174 -0.002089 -0.001976 -0.001840 -0.001688 -0.001536 -0.001408 -0.001331 -0.001322 -0.001380 -0.001482 -0.001592 -0.001672 -0.001689 -0.001618 -0.001441 -0.001154 -0.000767 -0.000297 0.000229 0.000787 0.001359 0.001933 0.002499 0.003041 0.003536 0.003955 0.004272 0.004464 0.004519 0.004440 0.004248 0.003977 0.002543 0.002198 0.001921 0.001724 0.001614 0.001593 0.001644 0.001722 0.001759 0.001701 0.001531 0.001280 0.001000 0.000735 0.000501 0.000301 0.000131 -0.000012 -0.000136 -0.000252 -0.000382 -0.000546 -0.000760 -0.001027 -0.001335 -0.001664 -0.001981 -0.002251 -0.002445 -0.002551 -0.002574 -0.002528 -0.002430 -0.002295 -0.002138 -0.001976 -0.001828 -0.001720 -0.001676 -0.001710 -0.001816 -0.001967 -0.002122 -0.002237 -0.002272 -0.002196 -0.001990 -0.001654 -0.001200 -0.000649 -0.000032 0.000624 0.001289 0.001939 0.002551 0.003098 0.003552 0.003886 0.004075 0.004104 0.003973 0.003704 0.003340 0.002937 0.001406 0.001046 0.000802 0.000685 0.000694 0.000810 0.000990 0.001165 0.001268 0.001260 0.001149 0.000978 0.000799 0.000638 0.000496 0.000363 0.000229 0.000093 -0.000044 -0.000184 -0.000338 -0.000525 -0.000764 -0.001068 -0.001432 -0.001832 -0.002224 -0.002558 -0.002795 -0.002919 -0.002937 -0.002867 -0.002733 -0.002560 -0.002373 -0.002196 -0.002052 -0.001965 -0.001956 -0.002033 -0.002188 -0.002390 -0.002595 -0.002751 -0.002812 -0.002745 -0.002534 -0.002182 -0.001702 -0.001120 -0.000462 0.000238 0.000949 0.001639 0.002277 0.002829 0.003262 0.003541 0.003640 0.003546 0.003270 0.002853 0.002360 0.001858 0.000327 -0.000033 -0.000245 -0.000301 -0.000217 -0.000029 0.000202 0.000409 0.000541 0.000583 0.000556 0.000499 0.000443 0.000392 0.000332 0.000247 0.000129 -0.000019 -0.000189 -0.000372 -0.000569 -0.000791 -0.001059 -0.001388 -0.001779 -0.002205 -0.002616 -0.002956 -0.003184 -0.003284 -0.003265 -0.003148 -0.002963 -0.002743 -0.002520 -0.002325 -0.002183 -0.002112 -0.002128 -0.002235 -0.002423 -0.002662 -0.002903 -0.003093 -0.003181 -0.003137 -0.002949 -0.002625 -0.002178 -0.001629 -0.001003 -0.000326 0.000373 0.001061 0.001704 0.002262 0.002692 0.002949 0.002999 0.002827 0.002456 0.001944 0.001369 0.000809 -0.000671 -0.001028 -0.001225 -0.001263 -0.001166 -0.000978 -0.000754 -0.000543 -0.000373 -0.000246 -0.000148 -0.000064 0.000008 0.000054 0.000052 -0.000011 -0.000137 -0.000316 -0.000532 -0.000767 -0.001014 -0.001275 -0.001567 -0.001905 -0.002291 -0.002697 -0.003072 -0.003364 -0.003539 -0.003586 -0.003514 -0.003342 -0.003103 -0.002835 -0.002577 -0.002362 -0.002214 -0.002148 -0.002170 -0.002284 -0.002478 -0.002725 -0.002981 -0.003190 -0.003305 -0.003297 -0.003162 -0.002909 -0.002552 -0.002104 -0.001578 -0.000990 -0.000360 0.000286 0.000913 0.001475 0.001916 0.002177 0.002209 0.002000 0.001580 0.001019 0.000406 -0.000179 -0.001622 -0.001989 -0.002205 -0.002271 -0.002209 -0.002054 -0.001841 -0.001599 -0.001348 -0.001096 -0.000852 -0.000629 -0.000450 -0.000339 -0.000315 -0.000384 -0.000539 -0.000762 -0.001029 -0.001315 -0.001605 -0.001895 -0.002194 -0.002517 -0.002861 -0.003199 -0.003489 -0.003692 -0.003787 -0.003770 -0.003645 -0.003429 -0.003150 -0.002847 -0.002561 -0.002327 -0.002166 -0.002088 -0.002095 -0.002187 -0.002355 -0.002581 -0.002828 -0.003046 -0.003191 -0.003238 -0.003183 -0.003037 -0.002810 -0.002507 -0.002129 -0.001676 -0.001155 -0.000581 0.000013 0.000573 0.001028 0.001300 0.001332 0.001109 0.000671 0.000095 -0.000529 -0.001122 -0.002580 -0.002979 -0.003237 -0.003349 -0.003323 -0.003177 -0.002933 -0.002615 -0.002251 -0.001867 -0.001495 -0.001170 -0.000924 -0.000785 -0.000766 -0.000862 -0.001058 -0.001326 -0.001636 -0.001958 -0.002270 -0.002563 -0.002844 -0.003118 -0.003381 -0.003609 -0.003776 -0.003865 -0.003870 -0.003790 -0.003628 -0.003392 -0.003102 -0.002791 -0.002496 -0.002251 -0.002075 -0.001973 -0.001946 -0.001990 -0.002106 -0.002285 -0.002504 -0.002726 -0.002910 -0.003029 -0.003075 -0.003055 -0.002973 -0.002828 -0.002611 -0.002307 -0.001909 -0.001422 -0.000879 -0.000339 0.000112 0.000384 0.000413 0.000184 -0.000259 -0.000837 -0.001462 -0.002062 -0.003572 -0.004005 -0.004296 -0.004425 -0.004390 -0.004201 -0.003886 -0.003478 -0.003017 -0.002541 -0.002095 -0.001720 -0.001454 -0.001319 -0.001321 -0.001449 -0.001679 -0.001977 -0.002305 -0.002630 -0.002930 -0.003193 -0.003419 -0.003610 -0.003755 -0.003845 -0.003871 -0.003839 -0.003757 -0.003630 -0.003455 -0.003230 -0.002965 -0.002679 -0.002405 -0.002167 -0.001983 -0.001855 -0.001781 -0.001763 -0.001808 -0.001922 -0.002100 -0.002319 -0.002544 -0.002741 -0.002892 -0.002993 -0.003043 -0.003038 -0.002962 -0.002794 -0.002516 -0.002129 -0.001661 -0.001176 -0.000766 -0.000524 -0.000519 -0.000762 -0.001209 -0.001786 -0.002414 -0.003027 -0.004556 -0.004995 -0.005271 -0.005360 -0.005261 -0.005000 -0.004617 -0.004157 -0.003661 -0.003168 -0.002718 -0.002351 -0.002101 -0.001985 -0.002005 -0.002147 -0.002381 -0.002669 -0.002972 -0.003257 -0.003502 -0.003696 -0.003835 -0.003913 -0.003923 -0.003868 -0.003759 -0.003620 -0.003470 -0.003318 -0.003155 -0.002972 -0.002763 -0.002536 -0.002309 -0.002102 -0.001925 -0.001778 -0.001661 -0.001577 -0.001543 -0.001581 -0.001705 -0.001905 -0.002155 -0.002414 -0.002650 -0.002845 -0.002992 -0.003086 -0.003113 -0.003053 -0.002886 -0.002611 -0.002254 -0.001875 -0.001559 -0.001393 -0.001438 -0.001708 -0.002165 -0.002743 -0.003375 -0.003999 -0.005431 -0.005821 -0.006022 -0.006019 -0.005835 -0.005516 -0.005119 -0.004686 -0.004244 -0.003816 -0.003430 -0.003116 -0.002901 -0.002799 -0.002811 -0.002925 -0.003113 -0.003338 -0.003562 -0.003758 -0.003908 -0.004002 -0.004030 -0.003986 -0.003867 -0.003687 -0.003473 -0.003259 -0.003071 -0.002919 -0.002793 -0.002673 -0.002543 -0.002394 -0.002235 -0.002075 -0.001920 -0.001768 -0.001617 -0.001475 -0.001366 -0.001324 -0.001376 -0.001532 -0.001771 -0.002052 -0.002331 -0.002577 -0.002775 -0.002921 -0.003010 -0.003029 -0.002966 -0.002821 -0.002616 -0.002398 -0.002231 -0.002182 -0.002305 -0.002614 -0.003084 -0.003662 -0.004287 -0.004899 -0.006071 -0.006357 -0.006439 -0.006329 -0.006078 -0.005756 -0.005422 -0.005103 -0.004799 -0.004508 -0.004235 -0.004000 -0.003821 -0.003711 -0.003677 -0.003712 -0.003798 -0.003905 -0.004004 -0.004072 -0.004099 -0.004074 -0.003989 -0.003837 -0.003619 -0.003356 -0.003080 -0.002829 -0.002630 -0.002496 -0.002418 -0.002373 -0.002333 -0.002273 -0.002189 -0.002084 -0.001961 -0.001816 -0.001647 -0.001462 -0.001289 -0.001165 -0.001131 -0.001209 -0.001390 -0.001639 -0.001908 -0.002157 -0.002363 -0.002523 -0.002641 -0.002719 -0.002756 -0.002756 -0.002734 -0.002717 -0.002740 -0.002843 -0.003062 -0.003416 -0.003895 -0.004459 -0.005055 -0.005616 -0.006374 -0.006521 -0.006475 -0.006277 -0.006006 -0.005744 -0.005542 -0.005401 -0.005290 -0.005175 -0.005041 -0.004893 -0.004743 -0.004606 -0.004495 -0.004415 -0.004361 -0.004315 -0.004261 -0.004184 -0.004079 -0.003940 -0.003757 -0.003525 -0.003249 -0.002946 -0.002646 -0.002384 -0.002186 -0.002070 -0.002035 -0.002062 -0.002112 -0.002147 -0.002144 -0.002098 -0.002011 -0.001882 -0.001709 -0.001499 -0.001276 -0.001077 -0.000947 -0.000917 -0.000994 -0.001156 -0.001363 -0.001572 -0.001754 -0.001906 -0.002038 -0.002165 -0.002299 -0.002447 -0.002618 -0.002817 -0.003048 -0.003316 -0.003639 -0.004036 -0.004511 -0.005040 -0.005572 -0.006040 -0.006291 -0.006299 -0.006146 -0.005902 -0.005661 -0.005504 -0.005469 -0.005530 -0.005627 -0.005695 -0.005702 -0.005640 -0.005518 -0.005352 -0.005161 -0.004961 -0.004762 -0.004561 -0.004356 -0.004142 -0.003919 -0.003684 -0.003429 -0.003149 -0.002845 -0.002529 -0.002223 -0.001952 -0.001745 -0.001627 -0.001610 -0.001685 -0.001814 -0.001944 -0.002029 -0.002051 -0.002008 -0.001905 -0.001742 -0.001524 -0.001268 -0.001008 -0.000782 -0.000628 -0.000569 -0.000602 -0.000703 -0.000838 -0.000978 -0.001115 -0.001260 -0.001435 -0.001661 -0.001946 -0.002294 -0.002694 -0.003122 -0.003553 -0.003975 -0.004404 -0.004856 -0.005322 -0.005758 -0.006101 -0.005840 -0.005736 -0.005520 -0.005277 -0.005105 -0.005075 -0.005207 -0.005456 -0.005737 -0.005969 -0.006102 -0.006124 -0.006040 -0.005865 -0.005623 -0.005335 -0.005022 -0.004697 -0.004371 -0.004049 -0.003735 -0.003429 -0.003124 -0.002814 -0.002494 -0.002168 -0.001849 -0.001555 -0.001314 -0.001158 -0.001117 -0.001197 -0.001374 -0.001584 -0.001762 -0.001864 -0.001881 -0.001817 -0.001680 -0.001474 -0.001209 -0.000907 -0.000600 -0.000328 -0.000124 -0.000006 0.000025 -0.000012 -0.000097 -0.000218 -0.000381 -0.000607 -0.000915 -0.001315 -0.001805 -0.002365 -0.002955 -0.003522 -0.004030 -0.004477 -0.004886 -0.005265 -0.005582 -0.005788 -0.005102 -0.004932 -0.004707 -0.004512 -0.004434 -0.004531 -0.004805 -0.005199 -0.005619 -0.005977 -0.006218 -0.006323 -0.006294 -0.006147 -0.005899 -0.005577 -0.005206 -0.004810 -0.004408 -0.004016 -0.003641 -0.003284 -0.002940 -0.002601 -0.002259 -0.001912 -0.001565 -0.001228 -0.000927 -0.000698 -0.000582 -0.000609 -0.000774 -0.001027 -0.001283 -0.001473 -0.001566 -0.001563 -0.001474 -0.001305 -0.001058 -0.000746 -0.000390 -0.000025 0.000307 0.000570 0.000740 0.000812 0.000792 0.000692 0.000513 0.000243 -0.000132 -0.000615 -0.001200 -0.001864 -0.002561 -0.003226 -0.003797 -0.004249 -0.004605 -0.004884 -0.005077 -0.005156 -0.004199 -0.004022 -0.003842 -0.003736 -0.003769 -0.003978 -0.004351 -0.004832 -0.005335 -0.005778 -0.006104 -0.006290 -0.006335 -0.006247 -0.006042 -0.005742 -0.005372 -0.004960 -0.004531 -0.004105 -0.003692 -0.003295 -0.002912 -0.002535 -0.002157 -0.001775 -0.001388 -0.001002 -0.000633 -0.000311 -0.000081 0.000008 -0.000072 -0.000296 -0.000587 -0.000853 -0.001032 -0.001109 -0.001091 -0.000984 -0.000789 -0.000506 -0.000146 0.000264 0.000681 0.001056 0.001345 0.001520 0.001572 0.001505 0.001324 0.001030 0.000619 0.000093 -0.000534 -0.001240 -0.001982 -0.002694 -0.003300 -0.003751 -0.004054 -0.004241 -0.004328 -0.004312 -0.003268 -0.003141 -0.003056 -0.003068 -0.003216 -0.003512 -0.003938 -0.004446 -0.004970 -0.005448 -0.005830 -0.006087 -0.006209 -0.006200 -0.006069 -0.005831 -0.005509 -0.005127 -0.004710 -0.004278 -0.003843 -0.003411 -0.002983 -0.002555 -0.002128 -0.001700 -0.001272 -0.000844 -0.000421 -0.000019 0.000327 0.000563 0.000634 0.000520 0.000267 -0.000033 -0.000289 -0.000455 -0.000524 -0.000501 -0.000385 -0.000169 0.000147 0.000545 0.000985 0.001412 0.001771 0.002019 0.002134 0.002110 0.001953 0.001670 0.001267 0.000751 0.000139 -0.000547 -0.001271 -0.001977 -0.002587 -0.003034 -0.003304 -0.003428 -0.003445 -0.003383 -0.002417 -0.002388 -0.002433 -0.002579 -0.002836 -0.003193 -0.003625 -0.004100 -0.004584 -0.005041 -0.005431 -0.005724 -0.005903 -0.005964 -0.005911 -0.005752 -0.005503 -0.005179 -0.004801 -0.004383 -0.003938 -0.003472 -0.002992 -0.002503 -0.002011 -0.001527 -0.001058 -0.000606 -0.000167 0.000264 0.000678 0.001035 0.001269 0.001319 0.001178 0.000910 0.000613 0.000366 0.000204 0.000132 0.000153 0.000276 0.000510 0.000843 0.001240 0.001648 0.002008 0.002274 0.002420 0.002435 0.002324 0.002094 0.001752 0.001306 0.000768 0.000159 -0.000491 -0.001139 -0.001721 -0.002161 -0.002424 -0.002530 -0.002532 -0.002479 -0.001698 -0.001800 -0.001992 -0.002274 -0.002627 -0.003019 -0.003419 -0.003813 -0.004196 -0.004562 -0.004891 -0.005155 -0.005334 -0.005424 -0.005422 -0.005331 -0.005154 -0.004898 -0.004571 -0.004181 -0.003736 -0.003242 -0.002710 -0.002152 -0.001588 -0.001041 -0.000533 -0.000076 0.000337 0.000727 0.001119 0.001507 0.001842 0.002045 0.002054 0.001878 0.001591 0.001290 0.001043 0.000875 0.000795 0.000813 0.000940 0.001171 0.001474 0.001797 0.002088 0.002309 0.002439 0.002475 0.002419 0.002275 0.002043 0.001722 0.001314 0.000833 0.000303 -0.000245 -0.000766 -0.001193 -0.001475 -0.001611 -0.001653 -0.001663 -0.001105 -0.001351 -0.001690 -0.002100 -0.002534 -0.002940 -0.003283 -0.003559 -0.003790 -0.003997 -0.004180 -0.004325 -0.004421 -0.004465 -0.004457 -0.004393 -0.004265 -0.004066 -0.003791 -0.003436 -0.003004 -0.002498 -0.001929 -0.001317 -0.000694 -0.000095 0.000440 0.000886 0.001241 0.001534 0.001814 0.002122 0.002446 0.002721 0.002853 0.002791 0.002559 0.002242 0.001926 0.001666 0.001482 0.001390 0.001399 0.001506 0.001682 0.001879 0.002053 0.002179 0.002253 0.002284 0.002279 0.002237 0.002146 0.001988 0.001751 0.001436 0.001060 0.000642 0.000211 -0.000187 -0.000497 -0.000700 -0.000828 -0.000944 -0.000593 -0.000981 -0.001456 -0.001976 -0.002474 -0.002881 -0.003155 -0.003299 -0.003348 -0.003344 -0.003311 -0.003253 -0.003176 -0.003087 -0.002994 -0.002891 -0.002763 -0.002590 -0.002354 -0.002039 -0.001638 -0.001150 -0.000585 0.000033 0.000670 0.001280 0.001814 0.002233 0.002520 0.002697 0.002824 0.002973 0.003181 0.003418 0.003594 0.003617 0.003455 0.003151 0.002790 0.002445 0.002157 0.001947 0.001828 0.001799 0.001832 0.001886 0.001924 0.001938 0.001940 0.001952 0.001989 0.002046 0.002099 0.002115 0.002064 0.001934 0.001730 0.001463 0.001145 0.000801 0.000472 0.000191 -0.000049 -0.000293 -0.000116 -0.000632 -0.001221 -0.001829 -0.002374 -0.002773 -0.002980 -0.002998 -0.002870 -0.002649 -0.002374 -0.002073 -0.001767 -0.001476 -0.001219 -0.000997 -0.000800 -0.000603 -0.000376 -0.000094 0.000260 0.000693 0.001198 0.001758 0.002338 0.002895 0.003381 0.003751 0.003977 0.004062 0.004054 0.004034 0.004074 0.004190 0.004319 0.004364 0.004247 0.003967 0.003581 0.003164 0.002773 0.002439 0.002184 0.002009 0.001895 0.001804 0.001713 0.001623 0.001561 0.001557 0.001629 0.001770 0.001948 0.002119 0.002242 0.002292 0.002263 0.002156 0.001968 0.001702 0.001381 0.001038 0.000690 0.000317 0.000342 -0.000276 -0.000950 -0.001617 -0.002187 -0.002574 -0.002728 -0.002653 -0.002392 -0.001999 -0.001524 -0.001007 -0.000479 0.000031 0.000495 0.000897 0.001236 0.001526 0.001795 0.002073 0.002383 0.002740 0.003145 0.003589 0.004048 0.004490 0.004878 0.005175 0.005350 0.005388 0.005307 0.005169 0.005058 0.005024 0.005047 0.005046 0.004931 0.004660 0.004259 0.003785 0.003300 0.002845 0.002450 0.002127 0.001863 0.001636 0.001432 0.001261 0.001154 0.001144 0.001245 0.001446 0.001714 0.002001 0.002263 0.002471 0.002605 0.002655 0.002604 0.002438 0.002158 0.001791 0.001364 0.000885 0.000755 0.000072 -0.000648 -0.001342 -0.001915 -0.002286 -0.002411 -0.002294 -0.001970 -0.001491 -0.000906 -0.000257 0.000424 0.001104 0.001754 0.002347 0.002865 0.003303 0.003673 0.003995 0.004294 0.004590 0.004892 0.005201 0.005508 0.005799 0.006058 0.006267 0.006404 0.006444 0.006371 0.006205 0.006008 0.005850 0.005749 0.005659 0.005500 0.005215 0.004796 0.004280 0.003717 0.003154 0.002628 0.002162 0.001756 0.001403 0.001102 0.000871 0.000737 0.000727 0.000847 0.001082 0.001398 0.001753 0.002109 0.002435 0.002706 0.002898 0.002980 0.002925 0.002718 0.002370 0.001912 0.001370 0.001065 0.000366 -0.000359 -0.001042 -0.001596 -0.001952 -0.002074 -0.001965 -0.001652 -0.001174 -0.000573 0.000111 0.000848 0.001609 0.002366 0.003093 0.003760 0.004347 0.004842 0.005249 0.005582 0.005856 0.006087 0.006284 0.006452 0.006599 0.006735 0.006868 0.006993 0.007081 0.007087 0.006985 0.006793 0.006570 0.006365 0.006172 0.005940 0.005615 0.005172 0.004624 0.004006 0.003359 0.002725 0.002133 0.001600 0.001135 0.000752 0.000474 0.000323 0.000312 0.000438 0.000680 0.001005 0.001380 0.001778 0.002174 0.002540 0.002842 0.003039 0.003093 0.002976 0.002687 0.002250 0.001701 0.001204 0.000539 -0.000144 -0.000779 -0.001292 -0.001631 -0.001768 -0.001699 -0.001437 -0.001008 -0.000448 0.000203 0.000914 0.001662 0.002427 0.003186 0.003913 0.004580 0.005165 0.005652 0.006039 0.006330 0.006535 0.006666 0.006741 0.006789 0.006845 0.006944 0.007094 0.007268 0.007400 0.007424 0.007309 0.007087 0.006817 0.006531 0.006216 0.005838 0.005367 0.004798 0.004149 0.003451 0.002741 0.002054 0.001420 0.000865 0.000417 0.000102 -0.000064 -0.000079 0.000040 0.000265 0.000566 0.000918 0.001306 0.001714 0.002119 0.002482 0.002757 0.002899 0.002874 0.002671 0.002303 0.001804 0.001114 0.000535 -0.000061 -0.000610 -0.001060 -0.001372 -0.001521 -0.001485 -0.001265 -0.000881 -0.000376 0.000206 0.000835 0.001496 0.002179 0.002871 0.003555 0.004207 0.004805 0.005325 0.005750 0.006071 0.006286 0.006403 0.006445 0.006456 0.006493 0.006608 0.006818 0.007094 0.007358 0.007517 0.007506 0.007326 0.007028 0.006674 0.006286 0.005856 0.005361 0.004787 0.004134 0.003420 0.002675 0.001935 0.001237 0.000623 0.000133 -0.000204 -0.000380 -0.000404 -0.000302 -0.000111 0.000139 0.000428 0.000753 0.001112 0.001489 0.001849 0.002149 0.002343 0.002396 0.002290 0.002026 0.001624 0.000768 0.000320 -0.000143 -0.000573 -0.000935 -0.001197 -0.001319 -0.001270 -0.001045 -0.000678 -0.000227 0.000264 0.000770 0.001292 0.001832 0.002390 0.002957 0.003521 0.004064 0.004566 0.005003 0.005354 0.005604 0.005749 0.005814 0.005845 0.005912 0.006073 0.006349 0.006706 0.007061 0.007312 0.007379 0.007239 0.006937 0.006540 0.006103 0.005640 0.005139 0.004580 0.003952 0.003261 0.002526 0.001780 0.001065 0.000435 -0.000065 -0.000405 -0.000582 -0.000614 -0.000539 -0.000397 -0.000223 -0.000032 0.000183 0.000433 0.000715 0.001005 0.001269 0.001470 0.001575 0.001562 0.001418 0.001147 0.000187 -0.000089 -0.000385 -0.000669 -0.000915 -0.001082 -0.001117 -0.000987 -0.000709 -0.000341 0.000051 0.000426 0.000780 0.001130 0.001498 0.001893 0.002316 0.002764 0.003226 0.003689 0.004127 0.004512 0.004816 0.005022 0.005145 0.005228 0.005337 0.005533 0.005836 0.006214 0.006584 0.006850 0.006933 0.006806 0.006501 0.006089 0.005636 0.005171 0.004692 0.004175 0.003604 0.002975 0.002297 0.001596 0.000917 0.000317 -0.000154 -0.000470 -0.000636 -0.000678 -0.000638 -0.000562 -0.000487 -0.000424 -0.000359 -0.000267 -0.000136 0.000026 0.000199 0.000361 0.000488 0.000552 0.000528 0.000404 -0.000550 -0.000634 -0.000744 -0.000861 -0.000954 -0.000969 -0.000851 -0.000593 -0.000242 0.000124 0.000441 0.000686 0.000876 0.001049 0.001242 0.001477 0.001763 0.002103 0.002494 0.002926 0.003375 0.003804 0.004175 0.004456 0.004645 0.004773 0.004898 0.005076 0.005334 0.005647 0.005944 0.006143 0.006177 0.006026 0.005716 0.005312 0.004879 0.004451 0.004027 0.003585 0.003104 0.002574 0.001996 0.001390 0.000799 0.000278 -0.000125 -0.000393 -0.000537 -0.000589 -0.000594 -0.000598 -0.000638 -0.000724 -0.000835 -0.000933 -0.000990 -0.000996 -0.000952 -0.000865 -0.000747 -0.000628 -0.000541 -0.000513 -0.001325 -0.001218 -0.001139 -0.001071 -0.000970 -0.000781 -0.000474 -0.000080 0.000327 0.000669 0.000899 0.001018 0.001059 0.001076 0.001117 0.001215 0.001387 0.001642 0.001980 0.002393 0.002858 0.003335 0.003771 0.004122 0.004363 0.004507 0.004599 0.004693 0.004827 0.004993 0.005141 0.005207 0.005143 0.004940 0.004623 0.004248 0.003868 0.003513 0.003178 0.002840 0.002479 0.002083 0.001645 0.001177 0.000718 0.000316 0.000010 -0.000191 -0.000306 -0.000369 -0.000424 -0.000516 -0.000677 -0.000917 -0.001210 -0.001506 -0.001761 -0.001949 -0.002051 -0.002057 -0.001971 -0.001818 -0.001638 -0.001466 -0.001998 -0.001717 -0.001452 -0.001180 -0.000858 -0.000452 0.000027 0.000517 0.000937 0.001229 0.001372 0.001387 0.001319 0.001225 0.001158 0.001156 0.001243 0.001429 0.001718 0.002104 0.002569 0.003072 0.003555 0.003956 0.004228 0.004358 0.004376 0.004336 0.004291 0.004255 0.004205 0.004098 0.003909 0.003639 0.003317 0.002985 0.002683 0.002426 0.002203 0.001994 0.001780 0.001545 0.001277 0.000980 0.000682 0.000421 0.000226 0.000096 0.000012 -0.000063 -0.000167 -0.000340 -0.000613 -0.000993 -0.001451 -0.001930 -0.002366 -0.002717 -0.002951 -0.003049 -0.003005 -0.002837 -0.002585 -0.002294 -0.002408 -0.001975 -0.001531 -0.001056 -0.000528 0.000051 0.000632 0.001144 0.001524 0.001743 0.001807 0.001754 0.001632 0.001493 0.001381 0.001331 0.001363 0.001488 0.001713 0.002040 0.002461 0.002945 0.003435 0.003856 0.004136 0.004235 0.004162 0.003970 0.003726 0.003471 0.003207 0.002916 0.002592 0.002252 0.001926 0.001645 0.001431 0.001284 0.001189 0.001126 0.001077 0.001022 0.000942 0.000831 0.000704 0.000585 0.000494 0.000426 0.000363 0.000275 0.000129 -0.000108 -0.000465 -0.000950 -0.001536 -0.002157 -0.002734 -0.003205 -0.003531 -0.003691 -0.003678 -0.003504 -0.003205 -0.002826 -0.002388 -0.001831 -0.001236 -0.000603 0.000058 0.000712 0.001294 0.001745 0.002032 0.002159 0.002157 0.002077 0.001965 0.001856 0.001776 0.001740 0.001758 0.001835 0.001980 0.002206 0.002525 0.002925 0.003363 0.003758 0.004018 0.004073 0.003911 0.003577 0.003148 0.002687 0.002222 0.001759 0.001313 0.000911 0.000585 0.000356 0.000230 0.000197 0.000237 0.000329 0.000454 0.000586 0.000697 0.000768 0.000799 0.000805 0.000794 0.000764 0.000705 0.000596 0.000416 0.000138 -0.000263 -0.000803 -0.001460 -0.002166 -0.002828 -0.003364 -0.003724 -0.003894 -0.003874 -0.003681 -0.003344 -0.002900 -0.001839 -0.001196 -0.000515 0.000185 0.000865 0.001472 0.001949 0.002263 0.002416 0.002439 0.002387 0.002319 0.002274 0.002265 0.002288 0.002331 0.002383 0.002439 0.002507 0.002610 0.002779 0.003032 0.003347 0.003654 0.003853 0.003850 0.003607 0.003155 0.002572 0.001938 0.001305 0.000703 0.000160 -0.000285 -0.000602 -0.000777 -0.000816 -0.000736 -0.000560 -0.000311 -0.000015 0.000296 0.000581 0.000811 0.000974 0.001072 0.001109 0.001090 0.001013 0.000872 0.000661 0.000363 -0.000044 -0.000581 -0.001241 -0.001964 -0.002650 -0.003195 -0.003536 -0.003659 -0.003580 -0.003326 -0.002930 -0.002425 -0.000822 -0.000143 0.000543 0.001200 0.001779 0.002229 0.002518 0.002644 0.002639 0.002559 0.002476 0.002450 0.002509 0.002642 0.002812 0.002978 0.003105 0.003177 0.003196 0.003190 0.003202 0.003273 0.003412 0.003572 0.003660 0.003574 0.003255 0.002711 0.002012 0.001245 0.000485 -0.000219 -0.000822 -0.001284 -0.001577 -0.001694 -0.001645 -0.001453 -0.001145 -0.000748 -0.000297 0.000166 0.000593 0.000946 0.001203 0.001358 0.001415 0.001384 0.001272 0.001090 0.000846 0.000540 0.000156 -0.000328 -0.000922 -0.001588 -0.002232 -0.002739 -0.003025 -0.003067 -0.002887 -0.002532 -0.002045 -0.001465
SCALARS velocity_v float 1
LOOKUP_TABLE default
0.006139 0.005555 0.004717 0.003622 0.002312 0.000874 -0.000571 -0.001897 -0.003017 -0.003916 -0.004649 -0.005280 -0.005830 -0.006268 -0.006551 -0.006663 -0.006652 -0.006620 -0.006692 -0.006945 -0.007355 -0.007774 -0.007992 -0.007851 -0.007368 -0.006743 -0.006231 -0.005939 -0.005704 -0.005200 -0.004197 -0.002753 -0.001139 0.000373 0.001643 0.002648 0.003412 0.003968 0.004338 0.004533 0.004559 0.004428 0.004170 0.003830 0.003451 0.003068 0.002699 0.002362 0.002092 0.001956 0.002050 0.002448 0.003135 0.003959 0.004697 0.005202 0.005495 0.005706 0.005941 0.006210 0.006457 0.006618 0.006641 0.006491 0.005470 0.004949 0.004213 0.003260 0.002118 0.000848 -0.000456 -0.001696 -0.002801 -0.003767 -0.004634 -0.005426 -0.006113 -0.006630 -0.006917 -0.006970 -0.006858 -0.006707 -0.006666 -0.006836 -0.007206 -0.007627 -0.007863 -0.007718 -0.007166 -0.006394 -0.005686 -0.005205 -0.004845 -0.004306 -0.003358 -0.002039 -0.000600 0.000708 0.001765 0.002566 0.003148 0.003552 0.003808 0.003931 0.003935 0.003835 0.003658 0.003433 0.003190 0.002944 0.002702 0.002476 0.002295 0.002223 0.002351 0.002766 0.003472 0.004337 0.005131 0.005666 0.005911 0.005973 0.005981 0.006004 0.006038 0.006045 0.005981 0.005803 0.004857 0.004451 0.003871 0.003099 0.002139 0.001026 -0.000174 -0.001376 -0.002523 -0.003611 -0.004655 -0.005633 -0.006467 -0.007057 -0.007342 -0.007333 -0.007120 -0.006853 -0.006695 -0.006758 -0.007040 -0.007398 -0.007594 -0.007416 -0.006807 -0.005929 -0.005066 -0.004418 -0.003934 -0.003362 -0.002482 -0.001316 -0.000084 0.000995 0.001822 0.002407 0.002802 0.003055 0.003202 0.003266 0.003263 0.003210 0.003124 0.003024 0.002920 0.002816 0.002708 0.002600 0.002515 0.002508 0.002663 0.003067 0.003744 0.004592 0.005393 0.005940 0.006153 0.006105 0.005930 0.005737 0.005573 0.005439 0.005304 0.005125 0.004342 0.004080 0.003680 0.003099 0.002313 0.001327 0.000193 -0.001014 -0.002243 -0.003481 -0.004711 -0.005864 -0.006822 -0.007468 -0.007744 -0.007683 -0.007400 -0.007056 -0.006814 -0.006779 -0.006944 -0.007174 -0.007252 -0.006982 -0.006304 -0.005348 -0.004371 -0.003584 -0.002988 -0.002385 -0.001586 -0.000596 0.000404 0.001232 0.001816 0.002184 0.002396 0.002510 0.002564 0.002586 0.002592 0.002595 0.002602 0.002620 0.002647 0.002675 0.002696 0.002708 0.002728 0.002794 0.002977 0.003355 0.003968 0.004745 0.005497 0.006018 0.006199 0.006077 0.005775 0.005423 0.005108 0.004862 0.004679 0.004522 0.003947 0.003827 0.003599 0.003189 0.002543 0.001649 0.000547 -0.000694 -0.002020 -0.003402 -0.004790 -0.006077 -0.007116 -0.007785 -0.008044 -0.007953 -0.007646 -0.007287 -0.007020 -0.006921 -0.006962 -0.007014 -0.006899 -0.006469 -0.005688 -0.004665 -0.003610 -0.002717 -0.002023 -0.001394 -0.000681 0.000118 0.000867 0.001430 0.001766 0.001921 0.001964 0.001954 0.001934 0.001929 0.001952 0.002009 0.002102 0.002225 0.002366 0.002514 0.002655 0.002788 0.002919 0.003072 0.003291 0.003642 0.004171 0.004836 0.005486 0.005934 0.006065 0.005889 0.005513 0.005069 0.004662 0.004351 0.004149 0.004031 0.003652 0.003654 0.003561 0.003279 0.002731 0.001891 0.000796 -0.000486 -0.001898 -0.003389 -0.004879 -0.006234 -0.007298 -0.007957 -0.008194 -0.008096 -0.007815 -0.007505 -0.007275 -0.007154 -0.007081 -0.006930 -0.006570 -0.005923 -0.005004 -0.003911 -0.002803 -0.001834 -0.001060 -0.000410 0.000218 0.000825 0.001318 0.001612 0.001704 0.001656 0.001542 0.001422 0.001335 0.001304 0.001339 0.001442 0.001609 0.001825 0.002072 0.002332 0.002591 0.002846 0.003097 0.003346 0.003613 0.003943 0.004381 0.004907 0.005413 0.005745 0.005799 0.005573 0.005156 0.004673 0.004233 0.003906 0.003716 0.003648 0.003413 0.003501 0.003495 0.003288 0.002793 0.001979 0.000882 -0.000432 -0.001894 -0.003435 -0.004952 -0.006305 -0.007342 -0.007964 -0.008177 -0.008094 -0.007878 -0.007665 -0.007518 -0.007412 -0.007244 -0.006891 -0.006268 -0.005377 -0.004295 -0.003127 -0.001982 -0.000963 -0.000128 0.000540 0.001089 0.001517 0.001767 0.001807 0.001668 0.001430 0.001167 0.000936 0.000772 0.000697 0.000725 0.000859 0.001092 0.001403 0.001763 0.002144 0.002529 0.002911 0.003283 0.003634 0.003956 0.004272 0.004618 0.004994 0.005328 0.005508 0.005454 0.005168 0.004726 0.004238 0.003807 0.003502 0.003349 0.003336 0.003176 0.003309 0.003341 0.003161 0.002682 0.001879 0.000785 -0.000531 -0.001991 -0.003511 -0.004982 -0.006272 -0.007243 -0.007814 -0.008010 -0.007962 -0.007832 -0.007735 -0.007689 -0.007615 -0.007373 -0.006839 -0.005971 -0.004844 -0.003599 -0.002357 -0.001186 -0.000138 0.000738 0.001420 0.001904 0.002178 0.002217 0.002032 0.001689 0.001275 0.000866 0.000510 0.000244 0.000094 0.000086 0.000231 0.000524 0.000939 0.001434 0.001963 0.002494 0.003012 0.003505 0.003953 0.004330 0.004634 0.004890 0.005110 0.005256 0.005261 0.005077 0.004718 0.004252 0.003776 0.003377 0.003115 0.003011 0.003049 0.002896 0.003037 0.003064 0.002872 0.002389 0.001593 0.000522 -0.000754 -0.002153 -0.003585 -0.004949 -0.006132 -0.007018 -0.007542 -0.007737 -0.007736 -0.007694 -0.007703 -0.007743 -0.007695 -0.007393 -0.006712 -0.005645 -0.004323 -0.002941 -0.001637 -0.000453 0.000605 0.001502 0.002188 0.002622 0.002776 0.002650 0.002287 0.001773 0.001205 0.000651 0.000158 -0.000236 -0.000491 -0.000567 -0.000438 -0.000100 0.000422 0.001073 0.001783 0.002491 0.003163 0.003778 0.004314 0.004734 0.005020 0.005185 0.005248 0.005204 0.005026 0.004704 0.004265 0.003774 0.003311 0.002947 0.002729 0.002669 0.002744 0.002547 0.002664 0.002653 0.002428 0.001931 0.001153 0.000133 -0.001059 -0.002343 -0.003635 -0.004853 -0.005909 -0.006709 -0.007198 -0.007411 -0.007465 -0.007496 -0.007573 -0.007656 -0.007606 -0.007247 -0.006457 -0.005253 -0.003802 -0.002331 -0.000993 0.000188 0.001234 0.002129 0.002807 0.003201 0.003273 0.003033 0.002543 0.001902 0.001206 0.000519 -0.000111 -0.000642 -0.001017 -0.001183 -0.001098 -0.000742 -0.000134 0.000669 0.001577 0.002492 0.003341 0.004088 0.004702 0.005152 0.005410 0.005484 0.005399 0.005176 0.004829 0.004378 0.003863 0.003342 0.002882 0.002538 0.002347 0.002312 0.002401 0.002131 0.002191 0.002118 0.001845 0.001336 0.000592 -0.000346 -0.001414 -0.002542 -0.003663 -0.004720 -0.005647 -0.006370 -0.006843 -0.007087 -0.007193 -0.007267 -0.007361 -0.007428 -0.007334 -0.006909 -0.006046 -0.004773 -0.003271 -0.001775 -0.000441 0.000714 0.001727 0.002593 0.003247 0.003607 0.003628 0.003322 0.002758 0.002036 0.001246 0.000450 -0.000302 -0.000954 -0.001442 -0.001700 -0.001674 -0.001334 -0.000681 0.000239 0.001327 0.002453 0.003499 0.004389 0.005084 0.005555 0.005781 0.005769 0.005556 0.005186 0.004702 0.004147 0.003568 0.003015 0.002540 0.002190 0.001997 0.001956 0.002024 0.001673 0.001638 0.001478 0.001146 0.000627 -0.000066 -0.000895 -0.001808 -0.002753 -0.003690 -0.004587 -0.005398 -0.006062 -0.006530 -0.006807 -0.006946 -0.007023 -0.007076 -0.007068 -0.006887 -0.006388 -0.005482 -0.004205 -0.002730 -0.001276 0.000011 0.001113 0.002070 0.002884 0.003494 0.003820 0.003813 0.003482 0.002892 0.002131 0.001284 0.000411 -0.000431 -0.001175 -0.001746 -0.002072 -0.002102 -0.001798 -0.001145 -0.000170 0.001043 0.002346 0.003580 0.004622 0.005406 0.005902 0.006102 0.006025 0.005721 0.005251 0.004679 0.004060 0.003437 0.002851 0.002344 0.001961 0.001729 0.001642 0.001648 0.001201 0.001031 0.000754 0.000352 -0.000173 -0.000800 -0.001498 -0.002233 -0.002984 -0.003741 -0.004493 -0.005207 -0.005826 -0.006296 -0.006591 -0.006732 -0.006764 -0.006724 -0.006595 -0.006296 -0.005719 -0.004800 -0.003575 -0.002193 -0.000842 0.000355 0.001379 0.002260 0.003003 0.003555 0.003844 0.003823 0.003497 0.002916 0.002155 0.001285 0.000369 -0.000526 -0.001321 -0.001934 -0.002293 -0.002354 -0.002083 -0.001460 -0.000488 0.000771 0.002181 0.003557 0.004735 0.005611 0.006146 0.006342 0.006236 0.005891 0.005383 0.004784 0.004148 0.003510 0.002898 0.002347 0.001902 0.001596 0.001416 0.001308 0.000735 0.000390 -0.000025 -0.000506 -0.001031 -0.001576 -0.002124 -0.002671 -0.003230 -0.003821 -0.004451 -0.005093 -0.005683 -0.006148 -0.006435 -0.006534 -0.006478 -0.006309 -0.006034 -0.005607 -0.004960 -0.004053 -0.002926 -0.001690 -0.000487 0.000586 0.001510 0.002302 0.002962 0.003447 0.003698 0.003673 0.003370 0.002823 0.002089 0.001227 0.000304 -0.000607 -0.001413 -0.002026 -0.002380 -0.002440 -0.002186 -0.001599 -0.000667 0.000571 0.002001 0.003444 0.004709 0.005663 0.006247 0.006469 0.006379 0.006054 0.005576 0.005016 0.004417 0.003798 0.003172 0.002569 0.002040 0.001621 0.001300 0.001025 0.000283 -0.000257 -0.000819 -0.001373 -0.001883 -0.002331 -0.002719 -0.003079 -0.003461 -0.003914 -0.004455 -0.005051 -0.005621 -0.006065 -0.006307 -0.006325 -0.006153 -0.005844 -0.005424 -0.004878 -0.004175 -0.003307 -0.002307 -0.001251 -0.000228 0.000698 0.001507 0.002203 0.002778 0.003197 0.003413 0.003390 0.003120 0.002621 0.001933 0.001106 0.000207 -0.000680 -0.001459 -0.002038 -0.002358 -0.002394 -0.002138 -0.001576 -0.000695 0.000482 0.001864 0.003289 0.004571 0.005561 0.006189 0.006458 0.006429 0.006183 0.005803 0.005346 0.004837 0.004273 0.003648 0.002987 0.002350 0.001781 0.001275 0.000789 -0.000143 -0.000868 -0.001559 -0.002165 -0.002644 -0.002985 -0.003215 -0.003406 -0.003643 -0.003997 -0.004486 -0.005058 -0.005605 -0.006003 -0.006168 -0.006084 -0.005793 -0.005357 -0.004812 -0.004166 -0.003428 -0.002618 -0.001766 -0.000906 -0.000076 0.000689 0.001374 0.001972 0.002467 0.002828 0.003016 0.003000 0.002768 0.002326 0.001700 0.000935 0.000094 -0.000735 -0.001454 -0.001978 -0.002251 -0.002256 -0.001989 -0.001442 -0.000603 0.000506 0.001805 0.003152 0.004380 0.005350 0.005991 0.006309 0.006367 0.006247 0.006019 0.005721 0.005347 0.004866 0.004251 0.003527 0.002761 0.002013 0.001294 0.000581 -0.000516 -0.001381 -0.002158 -0.002788 -0.003223 -0.003461 -0.003555 -0.003611 -0.003747 -0.004044 -0.004511 -0.005068 -0.005580 -0.005912 -0.005986 -0.005803 -0.005416 -0.004882 -0.004240 -0.003520 -0.002769 -0.002032 -0.001333 -0.000670 -0.000038 0.000561 0.001117 0.001617 0.002038 0.002351 0.002522 0.002522 0.002336 0.001962 0.001419 0.000743 -0.000005 -0.000744 -0.001382 -0.001842 -0.002074 -0.002059 -0.001790 -0.001256 -0.000447 0.000608 0.001826 0.003071 0.004200 0.005095 0.005706 0.006051 0.006198 0.006226 0.006184 0.006078 0.005866 0.005480 0.004877 0.004081 0.003174 0.002238 0.001309 0.000389 -0.000807 -0.001741 -0.002546 -0.003166 -0.003552 -0.003706 -0.003700 -0.003668 -0.003748 -0.004026 -0.004489 -0.005031 -0.005497 -0.005754 -0.005746 -0.005491 -0.005042 -0.004445 -0.003736 -0.002970 -0.002227 -0.001574 -0.001027 -0.000552 -0.000109 0.000323 0.000747 0.001148 0.001501 0.001776 0.001941 0.001970 0.001844 0.001558 0.001123 0.000568 -0.000056 -0.000681 -0.001229 -0.001631 -0.001842 -0.001833 -0.001585 -0.001074 -0.000290 0.000730 0.001890 0.003047 0.004067 0.004859 0.005402 0.005742 0.005960 0.006129 0.006275 0.006362 0.006306 0.006006 0.005406 0.004534 0.003489 0.002382 0.001278 0.000209 -0.001004 -0.001923 -0.002691 -0.003264 -0.003596 -0.003690 -0.003628 -0.003556 -0.003625 -0.003911 -0.004380 -0.004903 -0.005320 -0.005514 -0.005450 -0.005158 -0.004682 -0.004053 -0.003308 -0.002526 -0.001815 -0.001255 -0.000850 -0.000547 -0.000279 -0.000005 0.000288 0.000589 0.000875 0.001119 0.001290 0.001362 0.001316 0.001142 0.000843 0.000438 -0.000038 -0.000536 -0.000994 -0.001356 -0.001571 -0.001601 -0.001402 -0.000934 -0.000181 0.000816 0.001945 0.003050 0.003988 0.004683 0.005146 0.005455 0.005713 0.005991 0.006290 0.006532 0.006592 0.006346 0.005730 0.004783 0.003624 0.002389 0.001174 0.000035 -0.001114 -0.001936 -0.002604 -0.003091 -0.003362 -0.003417 -0.003336 -0.003268 -0.003359 -0.003673 -0.004154 -0.004662 -0.005040 -0.005192 -0.005102 -0.004802 -0.004325 -0.003692 -0.002946 -0.002184 -0.001532 -0.001070 -0.000796 -0.000642 -0.000527 -0.000396 -0.000227 -0.000023 0.000199 0.000414 0.000596 0.000722 0.000772 0.000731 0.000592 0.000358 0.000043 -0.000323 -0.000700 -0.001038 -0.001282 -0.001375 -0.001250 -0.000847 -0.000140 0.000833 0.001950 0.003039 0.003942 0.004581 0.004982 0.005255 0.005523 0.005859 0.006244 0.006566 0.006672 0.006427 0.005772 0.004761 0.003528 0.002228 0.000982 -0.000141 -0.001155 -0.001815 -0.002328 -0.002695 -0.002892 -0.002917 -0.002844 -0.002811 -0.002951 -0.003307 -0.003808 -0.004307 -0.004663 -0.004796 -0.004702 -0.004413 -0.003954 -0.003344 -0.002634 -0.001931 -0.001362 -0.001005 -0.000850 -0.000821 -0.000833 -0.000822 -0.000760 -0.000643 -0.000482 -0.000295 -0.000100 0.000083 0.000235 0.000336 0.000367 0.000312 0.000163 -0.000076 -0.000381 -0.000708 -0.000995 -0.001165 -0.001129 -0.000805 -0.000157 0.000780 0.001888 0.002988 0.003905 0.004542 0.004926 0.005176 0.005432 0.005768 0.006152 0.006459 0.006525 0.006220 0.005504 0.004443 0.003185 0.001893 0.000698 -0.000324 -0.001145 -0.001597 -0.001920 -0.002140 -0.002248 -0.002245 -0.002193 -0.002214 -0.002419 -0.002829 -0.003357 -0.003856 -0.004202 -0.004333 -0.004251 -0.003984 -0.003556 -0.002993 -0.002351 -0.001739 -0.001276 -0.001029 -0.000983 -0.001060 -0.001174 -0.001260 -0.001284 -0.001239 -0.001129 -0.000966 -0.000761 -0.000525 -0.000276 -0.000037 0.000160 0.000278 0.000285 0.000164 -0.000076 -0.000398 -0.000730 -0.000976 -0.001027 -0.000787 -0.000207 0.000684 0.001775 0.002894 0.003855 0.004541 0.004957 0.005211 0.005442 0.005725 0.006025 0.006221 0.006162 0.005743 0.004946 0.003856 0.002621 0.001406 0.000338 -0.000514 -0.001100 -0.001318 -0.001435 -0.001495 -0.001504 -0.001466 -0.001438 -0.001522 -0.001802 -0.002272 -0.002831 -0.003336 -0.003680 -0.003819 -0.003758 -0.003520 -0.003132 -0.002627 -0.002073 -0.001572 -0.001228 -0.001097 -0.001155 -0.001328 -0.001528 -0.001692 -0.001784 -0.001793 -0.001722 -0.001575 -0.001357 -0.001074 -0.000738 -0.000378 -0.000036 0.000234 0.000379 0.000361 0.000177 -0.000136 -0.000503 -0.000811 -0.000937 -0.000771 -0.000260 0.000577 0.001641 0.002770 0.003783 0.004545 0.005028 0.005312 0.005514 0.005705 0.005857 0.005869 0.005624 0.005053 0.004169 0.003068 0.001899 0.000814 -0.000072 -0.000705 -0.001028 -0.001010 -0.000920 -0.000820 -0.000726 -0.000648 -0.000641 -0.000789 -0.001146 -0.001680 -0.002269 -0.002779 -0.003121 -0.003271 -0.003238 -0.003038 -0.002695 -0.002252 -0.001785 -0.001394 -0.001170 -0.001154 -0.001317 -0.001584 -0.001868 -0.002102 -0.002248 -0.002296 -0.002247 -0.002104 -0.001869 -0.001543 -0.001136 -0.000680 -0.000224 0.000164 0.000417 0.000484 0.000352 0.000055 -0.000326 -0.000674 -0.000852 -0.000746 -0.000295 0.000486 0.001512 0.002636 0.003687 0.004524 0.005086 0.005410 0.005583 0.005661 0.005631 0.005425 0.004969 0.004236 0.003271 0.002180 0.001106 0.000184 -0.000491 -0.000883 -0.000935 -0.000693 -0.000412 -0.000163 0.000029 0.000146 0.000135 -0.000073 -0.000505 -0.001097 -0.001712 -0.002220 -0.002554 -0.002715 -0.002716 -0.002563 -0.002270 -0.001884 -0.001489 -0.001189 -0.001068 -0.001158 -0.001425 -0.001790 -0.002161 -0.002465 -0.002660 -0.002734 -0.002693 -0.002542 -0.002283 -0.001918 -0.001458 -0.000935 -0.000404 0.000061 0.000388 0.000520 0.000437 0.000169 -0.000205 -0.000565 -0.000772 -0.000708 -0.000308 0.000420 0.001399 0.002500 0.003566 0.004454 0.005080 0.005440 0.005582 0.005546 0.005334 0.004914 0.004259 0.003385 0.002361 0.001300 0.000335 -0.000415 -0.000874 -0.001029 -0.000814 -0.000380 0.000062 0.000438 0.000713 0.000862 0.000833 0.000568 0.000070 -0.000568 -0.001196 -0.001688 -0.002006 -0.002173 -0.002212 -0.002116 -0.001882 -0.001550 -0.001209 -0.000969 -0.000920 -0.001093 -0.001452 -0.001912 -0.002372 -0.002747 -0.002989 -0.003084 -0.003043 -0.002877 -0.002592 -0.002194 -0.001698 -0.001138 -0.000571 -0.000068 0.000299 0.000476 0.000439 0.000212 -0.000133 -0.000482 -0.000700 -0.000665 -0.000309 0.000368 0.001295 0.002357 0.003410 0.004317 0.004978 0.005356 0.005465 0.005328 0.004961 0.004364 0.003553 0.002580 0.001530 0.000519 -0.000332 -0.000918 -0.001179 -0.001120 -0.000654 -0.000075 0.000489 0.000957 0.001292 0.001458 0.001401 0.001083 0.000534 -0.000129 -0.000745 -0.001206 -0.001498 -0.001668 -0.001747 -0.001715 -0.001549 -0.001273 -0.000971 -0.000763 -0.000749 -0.000970 -0.001394 -0.001931 -0.002470 -0.002911 -0.003197 -0.003314 -0.003276 -0.003101 -0.002799 -0.002381 -0.001866 -0.001294 -0.000721 -0.000212 0.000170 0.000377 0.000386 0.000210 -0.000092 -0.000417 -0.000636 -0.000625 -0.000311 0.000311 0.001178 0.002184 0.003199 0.004091 0.004756 0.005133 0.005209 0.004997 0.004518 0.003803 0.002899 0.001879 0.000841 -0.000102 -0.000838 -0.001273 -0.001362 -0.001126 -0.000438 0.000230 0.000862 0.001381 0.001740 0.001895 0.001799 0.001434 0.000856 0.000203 -0.000371 -0.000781 -0.001042 -0.001218 -0.001338 -0.001372 -0.001277 -0.001056 -0.000789 -0.000593 -0.000583 -0.000813 -0.001263 -0.001844 -0.002435 -0.002927 -0.003253 -0.003400 -0.003381 -0.003215 -0.002917 -0.002497 -0.001984 -0.001419 -0.000860 -0.000361 0.000024 0.000257 0.000313 0.000195 -0.000056 -0.000353 -0.000573 -0.000590 -0.000325 0.000231 0.001024 0.001956 0.002909 0.003761 0.004403 0.004765 0.004815 0.004557 0.004020 0.003253 0.002321 0.001312 0.000327 -0.000526 -0.001143 -0.001442 -0.001389 -0.001021 -0.000156 0.000538 0.001182 0.001699 0.002037 0.002151 0.002003 0.001601 0.001030 0.000429 -0.000071 -0.000417 -0.000649 -0.000836 -0.000999 -0.001093 -0.001059 -0.000890 -0.000651 -0.000460 -0.000434 -0.000643 -0.001078 -0.001661 -0.002269 -0.002788 -0.003150 -0.003336 -0.003359 -0.003233 -0.002966 -0.002572 -0.002080 -0.001537 -0.000997 -0.000512 -0.000121 0.000142 0.000253 0.000199 0.000002 -0.000268 -0.000495 -0.000551 -0.000352 0.000120 0.000818 0.001655 0.002526 0.003315 0.003918 0.004258 0.004293 0.004024 0.003481 0.002723 0.001827 0.000883 -0.000008 -0.000746 -0.001234 -0.001405 -0.001241 -0.000791 0.000189 0.000851 0.001447 0.001907 0.002177 0.002217 0.002013 0.001602 0.001079 0.000571 0.000169 -0.000113 -0.000330 -0.000539 -0.000741 -0.000879 -0.000887 -0.000753 -0.000535 -0.000343 -0.000294 -0.000462 -0.000854 -0.001401 -0.001991 -0.002514 -0.002905 -0.003145 -0.003237 -0.003182 -0.002979 -0.002635 -0.002182 -0.001668 -0.001147 -0.000665 -0.000256 0.000051 0.000227 0.000244 0.000104 -0.000142 -0.000383 -0.000493 -0.000379 -0.000017 0.000561 0.001282 0.002052 0.002765 0.003319 0.003635 0.003669 0.003417 0.002912 0.002216 0.001407 0.000576 -0.000181 -0.000774 -0.001120 -0.001171 -0.000926 -0.000440 0.000583 0.001160 0.001656 0.002006 0.002168 0.002120 0.001874 0.001487 0.001051 0.000656 0.000350 0.000114 -0.000103 -0.000337 -0.000566 -0.000723 -0.000746 -0.000623 -0.000411 -0.000214 -0.000140 -0.000264 -0.000597 -0.001086 -0.001632 -0.002143 -0.002562 -0.002871 -0.003059 -0.003104 -0.002989 -0.002716 -0.002313 -0.001829 -0.001317 -0.000822 -0.000377 -0.000010 0.000243 0.000339 0.000259 0.000038 -0.000224 -0.000401 -0.000393 -0.000162 0.000276 0.000865 0.001521 0.002147 0.002645 0.002937 0.002978 0.002762 0.002323 0.001722 0.001039 0.000360 -0.000226 -0.000643 -0.000834 -0.000773 -0.000474 0.000006 0.001001 0.001455 0.001808 0.002015 0.002052 0.001921 0.001658 0.001323 0.000984 0.000690 0.000451 0.000237 0.000011 -0.000236 -0.000466 -0.000612 -0.000617 -0.000480 -0.000258 -0.000049 0.000047 -0.000036 -0.000311 -0.000733 -0.001227 -0.001723 -0.002179 -0.002573 -0.002875 -0.003040 -0.003031 -0.002839 -0.002489 -0.002028 -0.001512 -0.000986 -0.000486 -0.000044 0.000295 0.000476 0.000461 0.000265 -0.000022 -0.000275 -0.000385 -0.000295 -0.000002 0.000450 0.000990 0.001525 0.001961 0.002223 0.002267 0.002089 0.001722 0.001231 0.000695 0.000198 -0.000186 -0.000403 -0.000427 -0.000261 0.000070 0.000514 0.001425 0.001732 0.001924 0.001978 0.001896 0.001702 0.001436 0.001148 0.000877 0.000641 0.000433 0.000227 0.000004 -0.000226 -0.000421 -0.000520 -0.000479 -0.000305 -0.000059 0.000166 0.000279 0.000226 -0.000001 -0.000366 -0.000815 -0.001305 -0.001811 -0.002304 -0.002731 -0.003023 -0.003125 -0.003018 -0.002718 -0.002272 -0.001734 -0.001159 -0.000590 -0.000065 0.000366 0.000635 0.000686 0.000518 0.000207 -0.000123 -0.000349 -0.000394 -0.000236 0.000093 0.000526 0.000972 0.001342 0.001561 0.001591 0.001431 0.001122 0.000734 0.000352 0.000054 -0.000103 -0.000101 0.000048 0.000314 0.000661 0.001049 0.001850 0.002009 0.002044 0.001956 0.001767 0.001510 0.001223 0.000941 0.000687 0.000465 0.000269 0.000081 -0.000107 -0.000280 -0.000401 -0.000422 -0.000312 -0.000085 0.000194 0.000433 0.000555 0.000516 0.000319 -0.000009 -0.000436 -0.000942 -0.001511 -0.002106 -0.002653 -0.003066 -0.003275 -0.003249 -0.002996 -0.002555 -0.001985 -0.001349 -0.000700 -0.000088 0.000431 0.000784 0.000903 0.000769 0.000443 0.000048 -0.000278 -0.000437 -0.000390 -0.000160 0.000185 0.000551 0.000848 0.001006 0.000992 0.000816 0.000533 0.000227 -0.000006 -0.000094 -0.000009 0.000226 0.000553 0.000913 0.001268 0.001591 0.002292 0.002315 0.002206 0.001983 0.001679 0.001333 0.000981 0.000654 0.000373 0.000145 -0.000034 -0.000175 -0.000286 -0.000361 -0.000376 -0.000296 -0.000102 0.000184 0.000495 0.000742 0.000858 0.000815 0.000622 0.000301 -0.000133 -0.000677 -0.001318 -0.002006 -0.002653 -0.003166 -0.003466 -0.003513 -0.003300 -0.002861 -0.002255 -0.001555 -0.000829 -0.000135 0.000464 0.000894 0.001081 0.000991 0.000671 0.000240 -0.000158 -0.000402 -0.000437 -0.000280 -0.000004 0.000291 0.000510 0.000587 0.000495 0.000263 -0.000032 -0.000281 -0.000375 -0.000250 0.000087 0.000560 0.001063 0.001515 0.001878 0.002141 0.002768 0.002666 0.002413 0.002042 0.001594 0.001119 0.000662 0.000260 -0.000062 -0.000291 -0.000429 -0.000491 -0.000491 -0.000438 -0.000324 -0.000130 0.000152 0.000493 0.000826 0.001067 0.001160 0.001090 0.000874 0.000528 0.000055 -0.000546 -0.001255 -0.002013 -0.002728 -0.003307 -0.003673 -0.003775 -0.003597 -0.003161 -0.002525 -0.001770 -0.000978 -0.000217 0.000448 0.000944 0.001197 0.001167 0.000884 0.000454 0.000025 -0.000272 -0.000364 -0.000262 -0.000042 0.000189 0.000326 0.000304 0.000107 -0.000213 -0.000550 -0.000764 -0.000730 -0.000395 0.000191 0.000898 0.001574 0.002116 0.002493 0.002709 0.003271 0.003039 0.002626 0.002076 0.001455 0.000830 0.000259 -0.000215 -0.000564 -0.000777 -0.000854 -0.000815 -0.000687 -0.000494 -0.000245 0.000062 0.000425 0.000810 0.001149 0.001367 0.001420 0.001305 0.001039 0.000637 0.000103 -0.000561 -0.001324 -0.002120 -0.002863 -0.003468 -0.003866 -0.004003 -0.003851 -0.003421 -0.002767 -0.001977 -0.001141 -0.000336 0.000373 0.000921 0.001239 0.001284 0.001069 0.000683 0.000264 -0.000053 -0.000185 -0.000129 0.000041 0.000210 0.000266 0.000140 -0.000170 -0.000592 -0.000985 -0.001176 -0.001026 -0.000497 0.000324 0.001250 0.002088 0.002720 0.003119 0.003299 0.003764 0.003381 0.002779 0.002032 0.001234 0.000475 -0.000180 -0.000696 -0.001051 -0.001234 -0.001246 -0.001107 -0.000857 -0.000534 -0.000162 0.000246 0.000674 0.001084 0.001414 0.001597 0.001599 0.001424 0.001090 0.000616 0.000010 -0.000710 -0.001503 -0.002301 -0.003031 -0.003622 -0.004018 -0.004167 -0.004034 -0.003615 -0.002958 -0.002154 -0.001302 -0.000482 0.000246 0.000826 0.001202 0.001329 0.001208 0.000904 0.000533 0.000224 0.000067 0.000079 0.000199 0.000310 0.000293 0.000077 -0.000334 -0.000845 -0.001286 -0.001459 -0.001213 -0.000516 0.000507 0.001625 0.002609 0.003326 0.003748 0.003890 0.004193 0.003630 0.002824 0.001889 0.000952 0.000114 -0.000572 -0.001090 -0.001434 -0.001591 -0.001554 -0.001345 -0.001005 -0.000584 -0.000119 0.000364 0.000838 0.001259 0.001569 0.001713 0.001664 0.001427 0.001023 0.000475 -0.000196 -0.000955 -0.001752 -0.002522 -0.003203 -0.003747 -0.004111 -0.004252 -0.004130 -0.003729 -0.003087 -0.002291 -0.001448 -0.000639 0.000080 0.000670 0.001088 0.001293 0.001277 0.001077 0.000784 0.000508 0.000341 0.000315 0.000385 0.000445 0.000374 0.000097 -0.000378 -0.000942 -0.001408 -0.001562 -0.001242 -0.000422 0.000756 0.002029 0.003135 0.003923 0.004356 0.004442 0.004505 0.003749 0.002751 0.001670 0.000662 -0.000180 -0.000834 -0.001319 -0.001647 -0.001798 -0.001754 -0.001522 -0.001146 -0.000677 -0.000161 0.000367 0.000867 0.001290 0.001581 0.001692 0.001601 0.001314 0.000852 0.000246 -0.000471 -0.001249 -0.002030 -0.002751 -0.003364 -0.003835 -0.004140 -0.004252 -0.004134 -0.003758 -0.003148 -0.002383 -0.001570 -0.000796 -0.000108 0.000468 0.000905 0.001172 0.001251 0.001162 0.000963 0.000743 0.000585 0.000534 0.000565 0.000587 0.000489 0.000192 -0.000297 -0.000867 -0.001324 -0.001453 -0.001087 -0.000195 0.001080 0.002458 0.003652 0.004486 0.004905 0.004907 0.004674 0.003732 0.002580 0.001420 0.000419 -0.000350 -0.000916 -0.001342 -0.001660 -0.001839 -0.001837 -0.001643 -0.001292 -0.000832 -0.000309 0.000230 0.000738 0.001159 0.001438 0.001532 0.001419 0.001104 0.000608 -0.000034 -0.000775 -0.001558 -0.002314 -0.002982 -0.003517 -0.003898 -0.004119 -0.004176 -0.004045 -0.003697 -0.003136 -0.002424 -0.001663 -0.000941 -0.000302 0.000237 0.000666 0.000965 0.001117 0.001124 0.001023 0.000877 0.000756 0.000706 0.000719 0.000728 0.000633 0.000358 -0.000096 -0.000623 -0.001038 -0.001131 -0.000743 0.000169 0.001476 0.002901 0.004139 0.004984 0.005356 0.005244 0.004703 0.003604 0.002354 0.001185 0.000264 -0.000372 -0.000808 -0.001161 -0.001482 -0.001723 -0.001809 -0.001706 -0.001434 -0.001034 -0.000551 -0.000032 0.000467 0.000884 0.001161 0.001255 0.001143 0.000824 0.000317 -0.000339 -0.001091 -0.001871 -0.002607 -0.003229 -0.003689 -0.003969 -0.004082 -0.004048 -0.003875 -0.003543 -0.003041 -0.002404 -0.001716 -0.001062 -0.000489 -0.000005 0.000389 0.000685 0.000872 0.000949 0.000937 0.000877 0.000821 0.000809 0.000841 0.000869 0.000809 0.000592 0.000214 -0.000233 -0.000577 -0.000624 -0.000229 0.000657 0.001931 0.003340 0.004570 0.005388 0.005684 0.005440 0.004622 0.003411 0.002121 0.001005 0.000217 -0.000248 -0.000535 -0.000812 -0.001147 -0.001474 -0.001681 -0.001705 -0.001550 -0.001249 -0.000840 -0.000371 0.000100 0.000508 0.000790 0.000896 0.000800 0.000493 -0.000007 -0.000664 -0.001420 -0.002202 -0.002927 -0.003517 -0.003914 -0.004095 -0.004080 -0.003919 -0.003658 -0.003309 -0.002856 -0.002306 -0.001710 -0.001141 -0.000645 -0.000234 0.000098 0.000356 0.000538 0.000647 0.000701 0.000728 0.000762 0.000829 0.000925 0.001012 0.001021 0.000891 0.000613 0.000267 0.000012 0.000019 0.000415 0.001244 0.002430 0.003758 0.004927 0.005680 0.005879 0.005502 0.004479 0.003209 0.001933 0.000913 0.000284 -0.000001 -0.000141 -0.000347 -0.000703 -0.001124 -0.001464 -0.001630 -0.001610 -0.001429 -0.001120 -0.000725 -0.000301 0.000086 0.000368 0.000488 0.000411 0.000123 -0.000366 -0.001020 -0.001779 -0.002566 -0.003291 -0.003866 -0.004219 -0.004315 -0.004171 -0.003856 -0.003457 -0.003035 -0.002594 -0.002121 -0.001626 -0.001154 -0.000747 -0.000421 -0.000170 0.000016 0.000152 0.000252 0.000341 0.000443 0.000580 0.000757 0.000961 0.001149 0.001259 0.001237 0.001072 0.000835 0.000672 0.000736 0.001134 0.001893 0.002954 0.004148 0.005204 0.005861 0.005956 0.005464 0.004332 0.003055 0.001835 0.000931 0.000459 0.000334 0.000320 0.000172 -0.000202 -0.000706 -0.001169 -0.001474 -0.001593 -0.001541 -0.001345 -0.001041 -0.000682 -0.000333 -0.000066 0.000057 -0.000010 -0.000287 -0.000768 -0.001419 -0.002180 -0.002971 -0.003700 -0.004273 -0.004606 -0.004647 -0.004398 -0.003927 -0.003355 -0.002794 -0.002299 -0.001860 -0.001454 -0.001083 -0.000770 -0.000535 -0.000380 -0.000288 -0.000233 -0.000180 -0.000091 0.000064 0.000299 0.000601 0.000940 0.001260 0.001497 0.001596 0.001549 0.001420 0.001345 0.001466 0.001870 0.002562 0.003487 0.004512 0.005417 0.005953 0.005950 0.005373 0.004237 0.002998 0.001860 0.001072 0.000728 0.000721 0.000793 0.000685 0.000300 -0.000264 -0.000825 -0.001250 -0.001497 -0.001570 -0.001489 -0.001285 -0.001005 -0.000713 -0.000482 -0.000379 -0.000456 -0.000738 -0.001222 -0.001874 -0.002634 -0.003422 -0.004147 -0.004716 -0.005044 -0.005064 -0.004754 -0.004162 -0.003414 -0.002668 -0.002041 -0.001565 -0.001204 -0.000919 -0.000701 -0.000559 -0.000502 -0.000516 -0.000563 -0.000586 -0.000526 -0.000343 -0.000028 0.000394 0.000870 0.001330 0.001700 0.001923 0.001990 0.001964 0.001970 0.002146 0.002564 0.003208 0.004011 0.004864 0.005598 0.006002 0.005911 0.005287 0.004242 0.003072 0.002026 0.001334 0.001073 0.001124 0.001228 0.001131 0.000738 0.000140 -0.000485 -0.001002 -0.001353 -0.001533 -0.001557 -0.001450 -0.001255 -0.001035 -0.000862 -0.000806 -0.000920 -0.001232 -0.001737 -0.002399 -0.003155 -0.003924 -0.004621 -0.005164 -0.005477 -0.005493 -0.005169 -0.004518 -0.003639 -0.002704 -0.001890 -0.001295 -0.000910 -0.000674 -0.000537 -0.000485 -0.000524 -0.000644 -0.000799 -0.000911 -0.000896 -0.000703 -0.000328 0.000190 0.000779 0.001355 0.001838 0.002168 0.002337 0.002405 0.002491 0.002724 0.003168 0.003792 0.004509 0.005216 0.005787 0.006061 0.005898 0.005258 0.004375 0.003291 0.002334 0.001707 0.001473 0.001514 0.001587 0.001461 0.001049 0.000431 -0.000232 -0.000807 -0.001228 -0.001483 -0.001582 -0.001553 -0.001438 -0.001296 -0.001199 -0.001214 -0.001394 -0.001764 -0.002312 -0.002996 -0.003745 -0.004477 -0.005112 -0.005586 -0.005847 -0.005846 -0.005533 -0.004886 -0.003952 -0.002880 -0.001874 -0.001101 -0.000617 -0.000371 -0.000285 -0.000311 -0.000440 -0.000661 -0.000921 -0.001119 -0.001152 -0.000957 -0.000539 0.000043 0.000704 0.001350 0.001900 0.002299 0.002543 0.002693 0.002859 0.003157 0.003643 0.004278 0.004959 0.005572 0.006016 0.006180 0.005963 0.005332 0.004650 0.003657 0.002774 0.002177 0.001913 0.001873 0.001847 0.001638 0.001176 0.000530 -0.000157 -0.000761 -0.001213 -0.001497 -0.001629 -0.001641 -0.001582 -0.001509 -0.001492 -0.001593 -0.001859 -0.002307 -0.002918 -0.003635 -0.004377 -0.005058 -0.005603 -0.005965 -0.006124 -0.006066 -0.005757 -0.005150 -0.004238 -0.003111 -0.001961 -0.001001 -0.000361 -0.000041 0.000040 -0.000041 -0.000248 -0.000561 -0.000915 -0.001193 -0.001269 -0.001074 -0.000628 -0.000011 0.000673 0.001329 0.001886 0.002302 0.002586 0.002800 0.003043 0.003416 0.003962 0.004641 0.005338 0.005924 0.006300 0.006392 0.006142 0.005535 0.005063 0.004155 0.003329 0.002725 0.002378 0.002195 0.002004 0.001653 0.001094 0.000393 -0.000324 -0.000941 -0.001393 -0.001664 -0.001779 -0.001784 -0.001738 -0.001705 -0.001750 -0.001931 -0.002284 -0.002816 -0.003495 -0.004251 -0.004992 -0.005621 -0.006065 -0.006292 -0.006311 -0.006150 -0.005810 -0.005243 -0.004397 -0.003293 -0.002073 -0.000962 -0.000151 0.000293 0.000421 0.000323 0.000058 -0.000333 -0.000773 -0.001123 -0.001239 -0.001049 -0.000591 0.000028 0.000689 0.001301 0.001806 0.002188 0.002474 0.002728 0.003040 0.003491 0.004114 0.004863 0.005621 0.006246 0.006626 0.006701 0.006447 0.005876 0.005599 0.004762 0.003971 0.003329 0.002856 0.002480 0.002073 0.001529 0.000826 0.000034 -0.000733 -0.001368 -0.001810 -0.002045 -0.002108 -0.002060 -0.001976 -0.001934 -0.002001 -0.002229 -0.002646 -0.003245 -0.003982 -0.004774 -0.005515 -0.006102 -0.006459 -0.006561 -0.006435 -0.006143 -0.005728 -0.005170 -0.004393 -0.003356 -0.002135 -0.000929 0.000036 0.000625 0.000842 0.000768 0.000478 0.000028 -0.000486 -0.000904 -0.001064 -0.000893 -0.000447 0.000141 0.000740 0.001262 0.001673 0.001983 0.002237 0.002506 0.002870 0.003394 0.004098 0.004936 0.005792 0.006511 0.006963 0.007083 0.006863 0.006341 0.006225 0.005446 0.004670 0.003962 0.003334 0.002736 0.002084 0.001317 0.000440 -0.000474 -0.001316 -0.001987 -0.002431 -0.002638 -0.002645 -0.002525 -0.002367 -0.002265 -0.002297 -0.002518 -0.002951 -0.003579 -0.004345 -0.005154 -0.005893 -0.006450 -0.006750 -0.006764 -0.006525 -0.006108 -0.005591 -0.004994 -0.004251 -0.003282 -0.002095 -0.000846 0.000235 0.000965 0.001296 0.001282 0.000999 0.000517 -0.000055 -0.000537 -0.000749 -0.000618 -0.000216 0.000306 0.000807 0.001210 0.001503 0.001719 0.001919 0.002178 0.002570 0.003149 0.003930 0.004864 0.005838 0.006691 0.007273 0.007495 0.007352 0.006898 0.006896 0.006165 0.005385 0.004596 0.003801 0.002976 0.002080 0.001087 0.000024 -0.001029 -0.001967 -0.002698 -0.003170 -0.003375 -0.003351 -0.003171 -0.002933 -0.002742 -0.002693 -0.002851 -0.003240 -0.003843 -0.004593 -0.005390 -0.006113 -0.006651 -0.006927 -0.006907 -0.006612 -0.006109 -0.005489 -0.004807 -0.004039 -0.003097 -0.001944 -0.000680 0.000480 0.001330 0.001778 0.001847 0.001603 0.001117 0.000506 -0.000032 -0.000305 -0.000238 0.000085 0.000506 0.000883 0.001152 0.001317 0.001431 0.001566 0.001795 0.002188 0.002797 0.003636 0.004663 0.005764 0.006773 0.007519 0.007889 0.007863 0.007498 0.007560 0.006871 0.006077 0.005199 0.004245 0.003214 0.002097 0.000894 -0.000352 -0.001552 -0.002601 -0.003409 -0.003928 -0.004156 -0.004129 -0.003918 -0.003620 -0.003346 -0.003199 -0.003258 -0.003558 -0.004084 -0.004772 -0.005519 -0.006208 -0.006733 -0.007019 -0.007022 -0.006737 -0.006202 -0.005495 -0.004699 -0.003836 -0.002854 -0.001697 -0.000421 0.000792 0.001733 0.002287 0.002448 0.002264 0.001798 0.001171 0.000588 0.000249 0.000230 0.000445 0.000735 0.000969 0.001095 0.001135 0.001152 0.001219 0.001405 0.001777 0.002387 0.003261 0.004365 0.005587 0.006755 0.007679 0.008221 0.008338 0.008083 0.008161 0.007514 0.006703 0.005744 0.004653 0.003452 0.002149 0.000756 -0.000668 -0.002018 -0.003178 -0.004061 -0.004629 -0.004888 -0.004875 -0.004657 -0.004327 -0.003994 -0.003765 -0.003725 -0.003918 -0.004339 -0.004929 -0.005597 -0.006236 -0.006755 -0.007082 -0.007156 -0.006936 -0.006415 -0.005645 -0.004716 -0.003702 -0.002605 -0.001388 -0.000080 0.001173 0.002179 0.002817 0.003065 0.002951 0.002525 0.001903 0.001288 0.000884 0.000765 0.000848 0.000987 0.001065 0.001048 0.000973 0.000905 0.000913 0.001056 0.001393 0.001984 0.002868 0.004024 0.005347 0.006656 0.007747 0.008460 0.008730 0.008597 0.008650 0.008046 0.007222 0.006199 0.005007 0.003674 0.002210 0.000639 -0.000956 -0.002441 -0.003688 -0.004620 -0.005219 -0.005500 -0.005504 -0.005294 -0.004957 -0.004596 -0.004316 -0.004203 -0.004305 -0.004621 -0.005104 -0.005678 -0.006261 -0.006781 -0.007170 -0.007347 -0.007224 -0.006742 -0.005918 -0.004847 -0.003645 -0.002376 -0.001045 0.000321 0.001609 0.002658 0.003356 0.003675 0.003631 0.003257 0.002657 0.002026 0.001561 0.001333 0.001273 0.001249 0.001169 0.001017 0.000842 0.000711 0.000679 0.000791 0.001093 0.001652 0.002524 0.003705 0.005094 0.006507 0.007732 0.008591 0.009004 0.008995 0.008987 0.008424 0.007597 0.006536 0.005277 0.003837 0.002222 0.000481 -0.001260 -0.002836 -0.004120 -0.005058 -0.005657 -0.005949 -0.005972 -0.005782 -0.005459 -0.005101 -0.004809 -0.004663 -0.004706 -0.004939 -0.005325 -0.005807 -0.006332 -0.006853 -0.007309 -0.007593 -0.007570 -0.007128 -0.006251 -0.005033 -0.003629 -0.002163 -0.000689 0.000754 0.002073 0.003144 0.003878 0.004252 0.004270 0.003951 0.003384 0.002750 0.002230 0.001895 0.001688 0.001504 0.001274 0.001005 0.000755 0.000589 0.000548 0.000650 0.000928 0.001452 0.002295 0.003470 0.004882 0.006349 0.007654 0.008617 0.009146 0.009248 0.009142 0.008618 0.007802 0.006728 0.005419 0.003876 0.002116 0.000231 -0.001602 -0.003201 -0.004455 -0.005349 -0.005923 -0.006217 -0.006267 -0.006113 -0.005828 -0.005506 -0.005241 -0.005104 -0.005129 -0.005309 -0.005614 -0.006007 -0.006466 -0.006973 -0.007475 -0.007846 -0.007905 -0.007490 -0.006554 -0.005196 -0.003601 -0.001944 -0.000329 0.001187 0.002527 0.003602 0.004352 0.004763 0.004831 0.004564 0.004036 0.003406 0.002839 0.002404 0.002060 0.001732 0.001376 0.001019 0.000726 0.000559 0.000541 0.000663 0.000936 0.001429 0.002231 0.003370 0.004758 0.006218 0.007541 0.008551 0.009153 0.009336 0.009107 0.008619 0.007825 0.006746 0.005384 0.003733 0.001846 -0.000128 -0.001976 -0.003519 -0.004682 -0.005493 -0.006020 -0.006314 -0.006400 -0.006303 -0.006085 -0.005833 -0.005632 -0.005543 -0.005585 -0.005740 -0.005976 -0.006277 -0.006649 -0.007106 -0.007612 -0.008030 -0.008140 -0.007738 -0.006747 -0.005266 -0.003512 -0.001702 0.000025 0.001591 0.002934 0.003995 0.004744 0.005175 0.005281 0.005058 0.004568 0.003947 0.003341 0.002818 0.002360 0.001916 0.001471 0.001062 0.000764 0.000633 0.000673 0.000846 0.001137 0.001607 0.002359 0.003433 0.004751 0.006144 0.007417 0.008411 0.009032 0.009256 0.008894 0.008433 0.007655 0.006559 0.005129 0.003381 0.001415 -0.000570 -0.002351 -0.003774 -0.004804 -0.005509 -0.005981 -0.006275 -0.006405 -0.006383 -0.006256 -0.006099 -0.005993 -0.005983 -0.006070 -0.006222 -0.006401 -0.006598 -0.006851 -0.007209 -0.007661 -0.008075 -0.008204 -0.007804 -0.006768 -0.005197 -0.003334 -0.001425 0.000362 0.001942 0.003262 0.004293 0.005025 0.005461 0.005588 0.005398 0.004941 0.004333 0.003700 0.003111 0.002568 0.002048 0.001554 0.001138 0.000873 0.000812 0.000942 0.001195 0.001525 0.001981 0.002674 0.003659 0.004867 0.006139 0.007302 0.008217 0.008801 0.009024 0.008530 0.008072 0.007287 0.006152 0.004656 0.002849 0.000878 -0.001038 -0.002688 -0.003954 -0.004840 -0.005439 -0.005858 -0.006154 -0.006331 -0.006388 -0.006358 -0.006307 -0.006308 -0.006395 -0.006553 -0.006726 -0.006860 -0.006949 -0.007051 -0.007255 -0.007590 -0.007945 -0.008059 -0.007653 -0.006590 -0.004969 -0.003052 -0.001110 0.000678 0.002225 0.003494 0.004475 0.005175 0.005598 0.005730 0.005561 0.005132 0.004542 0.003900 0.003275 0.002684 0.002130 0.001630 0.001241 0.001042 0.001079 0.001326 0.001684 0.002073 0.002522 0.003146 0.004018 0.005084 0.006197 0.007205 0.007991 0.008489 0.008670 0.008043 0.007555 0.006736 0.005556 0.004023 0.002221 0.000321 -0.001462 -0.002950 -0.004056 -0.004815 -0.005334 -0.005720 -0.006024 -0.006243 -0.006365 -0.006412 -0.006449 -0.006545 -0.006731 -0.006975 -0.007196 -0.007312 -0.007299 -0.007230 -0.007235 -0.007397 -0.007639 -0.007706 -0.007285 -0.006212 -0.004582 -0.002670 -0.000759 0.000969 0.002437 0.003624 0.004534 0.005183 0.005573 0.005692 0.005533 0.005132 0.004572 0.003946 0.003321 0.002727 0.002178 0.001706 0.001372 0.001255 0.001406 0.001784 0.002267 0.002732 0.003179 0.003722 0.004456 0.005353 0.006285 0.007115 0.007745 0.008123 0.008227 0.007460 0.006920 0.006060 0.004857 0.003341 0.001613 -0.000156 -0.001776 -0.003102 -0.004079 -0.004758 -0.005246 -0.005637 -0.005965 -0.006215 -0.006370 -0.006452 -0.006529 -0.006679 -0.006940 -0.007272 -0.007564 -0.007693 -0.007604 -0.007366 -0.007148 -0.007094 -0.007181 -0.007169 -0.006727 -0.005662 -0.004059 -0.002204 -0.000382 0.001233 0.002580 0.003653 0.004468 0.005043 0.005381 0.005473 0.005318 0.004951 0.004440 0.003863 0.003280 0.002725 0.002219 0.001798 0.001530 0.001499 0.001758 0.002267 0.002881 0.003437 0.003891 0.004343 0.004914 0.005614 0.006347 0.006992 0.007460 0.007708 0.007714 0.006815 0.006231 0.005354 0.004176 0.002736 0.001137 -0.000470 -0.001929 -0.003125 -0.004028 -0.004696 -0.005220 -0.005666 -0.006039 -0.006309 -0.006460 -0.006520 -0.006573 -0.006716 -0.007003 -0.007397 -0.007764 -0.007935 -0.007805 -0.007425 -0.006989 -0.006702 -0.006605 -0.006489 -0.006018 -0.004977 -0.003437 -0.001683 0.000003 0.001462 0.002651 0.003582 0.004278 0.004758 0.005028 0.005086 0.004938 0.004616 0.004179 0.003686 0.003186 0.002708 0.002275 0.001924 0.001724 0.001765 0.002111 0.002729 0.003463 0.004115 0.004589 0.004953 0.005342 0.005817 0.006329 0.006782 0.007095 0.007222 0.007135
SCALARS pressure float 1
LOOKUP_TABLE default
0.212397 0.234259 0.251069 0.259446 0.255672 0.237881 0.206998 0.167045 0.126756 0.097254 0.084153 0.083558 0.086563 0.086307 0.081603 0.076389 0.076898 0.087734 0.107606 0.127070 0.131155 0.107228 0.054799 -0.009385 -0.057912 -0.070729 -0.052938 -0.035239 -0.051416 -0.108262 -0.176124 -0.216430 -0.216828 -0.191321 -0.157204 -0.123054 -0.090862 -0.060252 -0.030361 -0.000802 0.027519 0.052377 0.071351 0.083246 0.088669 0.089352 0.086660 0.080185 0.067398 0.045003 0.012397 -0.023383 -0.045966 -0.038750 -0.001615 0.044399 0.075592 0.086644 0.089127 0.095736 0.111349 0.134329 0.160801 0.187474 0.186235 0.199326 0.208349 0.211028 0.205753 0.192131 0.170321 0.142515 0.116087 0.099635 0.094356 0.092935 0.086641 0.071969 0.052165 0.034849 0.028472 0.038744 0.064807 0.096472 0.115901 0.105606 0.060079 -0.006414 -0.064241 -0.086896 -0.072801 -0.050159 -0.055175 -0.099169 -0.155877 -0.187700 -0.182045 -0.152931 -0.117835 -0.085206 -0.056646 -0.031458 -0.008794 0.011614 0.029238 0.043040 0.052228 0.056991 0.058622 0.058779 0.058168 0.055490 0.047458 0.030101 0.001625 -0.032761 -0.057582 -0.053949 -0.016281 0.039037 0.086855 0.114141 0.124717 0.128850 0.134106 0.143351 0.156280 0.171230 0.136793 0.141383 0.146220 0.149889 0.151598 0.150331 0.143881 0.132553 0.122513 0.119258 0.119541 0.113798 0.094819 0.063134 0.026397 -0.004501 -0.019445 -0.012279 0.016047 0.054929 0.085395 0.087710 0.053037 -0.008014 -0.067634 -0.096715 -0.087472 -0.062944 -0.058664 -0.089420 -0.133740 -0.157003 -0.146840 -0.116284 -0.082093 -0.052483 -0.029000 -0.010877 0.002880 0.012914 0.019518 0.022923 0.023700 0.023041 0.022562 0.023546 0.025894 0.027546 0.024870 0.013718 -0.008672 -0.039394 -0.065238 -0.066888 -0.034312 0.022052 0.079039 0.119036 0.138575 0.143375 0.140857 0.136613 0.133875 0.133957 0.079264 0.078061 0.082760 0.092872 0.107351 0.122910 0.134410 0.140807 0.146928 0.154749 0.157495 0.145100 0.113017 0.065856 0.014927 -0.026845 -0.049049 -0.046324 -0.020583 0.017321 0.049277 0.056904 0.031427 -0.019526 -0.073289 -0.103279 -0.098012 -0.073676 -0.061858 -0.079140 -0.109723 -0.123884 -0.110346 -0.080609 -0.049842 -0.025585 -0.009182 0.000416 0.004725 0.005137 0.002846 -0.001020 -0.005230 -0.008393 -0.009215 -0.007099 -0.002801 0.001448 0.002495 -0.003234 -0.019060 -0.044484 -0.069479 -0.076095 -0.051827 -0.001663 0.055358 0.100660 0.125987 0.132604 0.126168 0.112989 0.098425 0.086386 0.027367 0.024831 0.033419 0.053481 0.082870 0.115391 0.143598 0.165704 0.184737 0.199374 0.201054 0.180943 0.137660 0.079411 0.020144 -0.026691 -0.052247 -0.053652 -0.034794 -0.006532 0.015847 0.018718 -0.003042 -0.042915 -0.084976 -0.109806 -0.106016 -0.082739 -0.064818 -0.068575 -0.084125 -0.088216 -0.071800 -0.044826 -0.020187 -0.003946 0.003505 0.004106 0.000257 -0.005939 -0.012864 -0.019325 -0.024400 -0.027341 -0.027684 -0.025558 -0.021926 -0.018368 -0.016636 -0.019007 -0.028921 -0.048162 -0.070278 -0.079968 -0.064283 -0.024320 0.025551 0.068545 0.094631 0.102082 0.094497 0.077622 0.057436 0.039256 -0.007825 -0.007652 0.007445 0.038113 0.080630 0.126416 0.166937 0.199822 0.225950 0.241786 0.239043 0.211288 0.160059 0.096280 0.035560 -0.009421 -0.033121 -0.036837 -0.027292 -0.014978 -0.010811 -0.021377 -0.045650 -0.076183 -0.103591 -0.118346 -0.112892 -0.090515 -0.067595 -0.058151 -0.057754 -0.050598 -0.030961 -0.007586 0.009359 0.016190 0.014330 0.007046 -0.002505 -0.012022 -0.020120 -0.026126 -0.029866 -0.031516 -0.031565 -0.030812 -0.030167 -0.030098 -0.030378 -0.031411 -0.036273 -0.048655 -0.065635 -0.075261 -0.065712 -0.035960 0.003701 0.039589 0.062179 0.068496 0.060655 0.043464 0.022617 0.003770 -0.022281 -0.017080 0.004917 0.043927 0.094780 0.147759 0.194271 0.231238 0.257646 0.269412 0.260268 0.226527 0.171664 0.108033 0.051952 0.014574 -0.002754 -0.006384 -0.006240 -0.012131 -0.029973 -0.058643 -0.090009 -0.114207 -0.127010 -0.129150 -0.119372 -0.097160 -0.070144 -0.048427 -0.031978 -0.012568 0.011493 0.032217 0.042294 0.040906 0.031558 0.018514 0.004968 -0.007190 -0.016942 -0.023784 -0.027653 -0.029042 -0.029100 -0.029443 -0.031405 -0.034845 -0.037700 -0.038161 -0.038261 -0.042876 -0.052221 -0.057984 -0.050558 -0.028342 0.001321 0.027992 0.043968 0.046590 0.037528 0.020937 0.001902 -0.014282 -0.022175 -0.011469 0.015936 0.059291 0.112580 0.166235 0.212229 0.246858 0.268102 0.272922 0.257988 0.221881 0.168589 0.110347 0.063148 0.036430 0.027704 0.026007 0.018547 -0.003773 -0.042384 -0.089287 -0.129653 -0.150540 -0.151101 -0.140799 -0.125317 -0.102469 -0.072219 -0.039959 -0.008589 0.023335 0.053398 0.074002 0.080431 0.074491 0.061168 0.044726 0.027464 0.010510 -0.005105 -0.018062 -0.027064 -0.031542 -0.032346 -0.031848 -0.032810 -0.036065 -0.038977 -0.037719 -0.032517 -0.028383 -0.028035 -0.026894 -0.018289 -0.001124 0.019238 0.035402 0.042249 0.038593 0.026528 0.009895 -0.006866 -0.019139 -0.021017 -0.005953 0.024349 0.067952 0.118656 0.167910 0.208627 0.236917 0.250817 0.249274 0.231799 0.198231 0.151778 0.103182 0.067012 0.051022 0.050262 0.050915 0.038377 0.004086 -0.050253 -0.111627 -0.160000 -0.179598 -0.171382 -0.150938 -0.129834 -0.105837 -0.073302 -0.033060 0.010603 0.053933 0.091028 0.114475 0.121555 0.115839 0.102743 0.085508 0.064912 0.041196 0.015643 -0.009113 -0.029664 -0.042932 -0.047694 -0.045805 -0.041643 -0.038867 -0.036668 -0.030586 -0.018783 -0.005321 0.005390 0.014323 0.024940 0.037455 0.048181 0.052749 0.048937 0.037361 0.020663 0.002469 -0.013222 -0.022350 -0.030675 -0.013675 0.016717 0.057444 0.102549 0.144824 0.178300 0.199474 0.207268 0.202726 0.187261 0.160849 0.125239 0.088879 0.063849 0.056156 0.060119 0.061614 0.045937 0.005030 -0.057823 -0.127002 -0.179615 -0.198225 -0.184513 -0.157221 -0.131644 -0.106382 -0.072616 -0.027586 0.024356 0.076293 0.119988 0.148215 0.159481 0.158040 0.148789 0.133471 0.111316 0.081768 0.046188 0.007963 -0.027949 -0.055751 -0.070547 -0.071110 -0.061481 -0.048416 -0.035422 -0.020166 0.000146 0.022963 0.043140 0.058641 0.070063 0.077044 0.077746 0.070767 0.056416 0.036519 0.013813 -0.008220 -0.025502 -0.034033 -0.051456 -0.035187 -0.007181 0.028673 0.066850 0.101418 0.127593 0.142821 0.147370 0.143815 0.134120 0.117557 0.094398 0.070519 0.054718 0.051162 0.055005 0.054400 0.036483 -0.006020 -0.069575 -0.138406 -0.189598 -0.205842 -0.188957 -0.158046 -0.129591 -0.103256 -0.069337 -0.022911 0.032473 0.088773 0.136850 0.169849 0.186793 0.191621 0.188089 0.176511 0.155074 0.122855 0.081192 0.033312 -0.015946 -0.059714 -0.089713 -0.099651 -0.089746 -0.067298 -0.040606 -0.012365 0.018561 0.050510 0.078444 0.098465 0.109256 0.110482 0.102265 0.085703 0.062709 0.035305 0.005830 -0.022057 -0.043510 -0.054143 -0.069245 -0.055260 -0.031411 -0.002016 0.027985 0.053920 0.072453 0.082529 0.085829 0.085499 0.082843 0.076086 0.064230 0.050463 0.040051 0.035674 0.034631 0.029187 0.009700 -0.030073 -0.087269 -0.147953 -0.191814 -0.203548 -0.184849 -0.152926 -0.123173 -0.096152 -0.063051 -0.018276 0.035795 0.091654 0.140651 0.176647 0.198691 0.209653 0.211748 0.204105 0.184518 0.152372 0.109384 0.058365 0.002663 -0.052232 -0.097117 -0.121286 -0.118797 -0.093373 -0.055426 -0.013473 0.029174 0.069892 0.103935 0.126862 0.136682 0.133629 0.119549 0.097262 0.069244 0.036833 0.001776 -0.031594 -0.057194 -0.070286 -0.063884 -0.052587 -0.034561 -0.014042 0.005042 0.019718 0.028667 0.032732 0.034678 0.037279 0.040496 0.041381 0.037500 0.029246 0.018998 0.009193 0.000343 -0.010655 -0.030172 -0.063565 -0.109054 -0.155713 -0.187707 -0.193164 -0.173518 -0.142546 -0.112927 -0.085781 -0.054270 -0.013344 0.035731 0.087035 0.133473 0.169991 0.195417 0.211076 0.217386 0.212469 0.194225 0.162971 0.121471 0.072630 0.018115 -0.039490 -0.092965 -0.130231 -0.140063 -0.119974 -0.078178 -0.026646 0.026003 0.074249 0.113001 0.138108 0.147946 0.143618 0.128249 0.105596 0.077906 0.045274 0.008881 -0.025889 -0.051818 -0.064527 -0.023860 -0.016255 -0.006899 0.000800 0.004737 0.004434 0.001175 -0.002256 -0.002588 0.001842 0.009185 0.014829 0.014338 0.005725 -0.009669 -0.027707 -0.044222 -0.058800 -0.075834 -0.100139 -0.130808 -0.160269 -0.178127 -0.176663 -0.156910 -0.128433 -0.100315 -0.073813 -0.044411 -0.008351 0.033891 0.078354 0.120007 0.155042 0.181927 0.200256 0.208622 0.204371 0.185887 0.154808 0.115376 0.071177 0.022834 -0.029928 -0.083320 -0.127094 -0.148180 -0.138700 -0.101765 -0.048744 0.008394 0.060833 0.102397 0.129329 0.140818 0.138874 0.127448 0.110659 0.089978 0.063875 0.032916 0.003420 -0.017037 -0.025487 0.044700 0.045673 0.042285 0.032844 0.017950 0.000315 -0.015937 -0.026456 -0.028297 -0.021772 -0.011318 -0.003998 -0.006303 -0.020928 -0.044871 -0.070780 -0.091797 -0.106441 -0.118761 -0.132858 -0.147964 -0.159761 -0.163544 -0.155761 -0.136880 -0.112145 -0.086840 -0.061905 -0.034859 -0.003455 0.032172 0.069738 0.106107 0.138513 0.164954 0.183452 0.191185 0.185222 0.164800 0.132954 0.095266 0.056051 0.015522 -0.028386 -0.074819 -0.116755 -0.142826 -0.143282 -0.116513 -0.070299 -0.016513 0.034377 0.075276 0.102710 0.116701 0.120082 0.117337 0.112472 0.105637 0.093197 0.074690 0.056595 0.045762 0.043091 0.123601 0.114800 0.096095 0.067941 0.033926 0.000096 -0.026756 -0.041398 -0.042257 -0.032667 -0.020457 -0.015263 -0.024287 -0.048273 -0.080478 -0.110673 -0.131865 -0.144018 -0.151313 -0.156054 -0.156865 -0.152661 -0.144199 -0.131543 -0.114451 -0.094314 -0.072946 -0.050572 -0.026051 0.001557 0.032026 0.064025 0.095598 0.124547 0.148435 0.164304 0.168793 0.159413 0.136472 0.104030 0.068275 0.033672 0.000256 -0.034564 -0.071194 -0.105093 -0.128204 -0.132695 -0.115352 -0.080243 -0.036575 0.006055 0.040941 0.065412 0.080613 0.090351 0.099444 0.111166 0.123534 0.130145 0.128738 0.124832 0.123850 0.125036 0.195508 0.176920 0.144966 0.101572 0.052520 0.006682 -0.026810 -0.042384 -0.040633 -0.028572 -0.017420 -0.018229 -0.036624 -0.069355 -0.105994 -0.135865 -0.154668 -0.164672 -0.168892 -0.166487 -0.155445 -0.138153 -0.120178 -0.104307 -0.089590 -0.074457 -0.057975 -0.039422 -0.018197 0.005822 0.032091 0.059497 0.086470 0.110971 0.130406 0.141700 0.141924 0.129528 0.105665 0.074591 0.042033 0.011781 -0.016359 -0.044509 -0.072557 -0.096558 -0.111069 -0.112087 -0.098510 -0.073204 -0.042533 -0.013481 0.009470 0.025891 0.039087 0.054304 0.076416 0.107016 0.141021 0.168684 0.185266 0.194461 0.200401 0.202108 0.248563 0.223639 0.184663 0.133497 0.076462 0.024223 -0.012107 -0.026755 -0.022611 -0.010138 -0.002893 -0.011487 -0.038235 -0.075812 -0.112236 -0.139226 -0.156335 -0.166830 -0.170618 -0.163347 -0.143222 -0.116223 -0.091631 -0.073973 -0.061840 -0.051843 -0.041227 -0.028310 -0.012350 0.006583 0.027778 0.050054 0.071846 0.091175 0.105658 0.112780 0.110519 0.098162 0.077013 0.050549 0.023087 -0.002903 -0.027911 -0.052994 -0.076353 -0.092925 -0.097928 -0.090595 -0.074102 -0.053510 -0.034344 -0.020848 -0.013835 -0.009706 -0.001658 0.017434 0.051970 0.100831 0.155147 0.201843 0.233618 0.252108 0.260853 0.260287 0.274719 0.247673 0.208740 0.158308 0.101390 0.048980 0.013545 0.001125 0.007057 0.018464 0.020969 0.005827 -0.025723 -0.063861 -0.097502 -0.122015 -0.139796 -0.153078 -0.157893 -0.147393 -0.121012 -0.087813 -0.059347 -0.041047 -0.031448 -0.026459 -0.022411 -0.016864 -0.008561 0.002785 0.016715 0.032230 0.047923 0.062067 0.072758 0.078215 0.077165 0.069155 0.054836 0.036160 0.015470 -0.006385 -0.030166 -0.055625 -0.078929 -0.093112 -0.092282 -0.076713 -0.053453 -0.031971 -0.019714 -0.019513 -0.028193 -0.037096 -0.035189 -0.013511 0.031234 0.094592 0.164035 0.224018 0.265360 0.288000 0.295509 0.290663 0.271273 0.245053 0.211358 0.168561 0.119059 0.072597 0.041962 0.033416 0.041350 0.051775 0.050754 0.031912 -0.000826 -0.037005 -0.067669 -0.091149 -0.110819 -0.126948 -0.132690 -0.120319 -0.090825 -0.055123 -0.025536 -0.007739 -0.000513 0.000157 -0.001868 -0.003809 -0.003983 -0.001602 0.003435 0.010709 0.019416 0.028472 0.036687 0.042954 0.046355 0.046069 0.041497 0.032641 0.019632 0.001678 -0.022150 -0.050309 -0.077179 -0.094102 -0.093360 -0.074001 -0.044519 -0.018543 -0.007304 -0.014255 -0.033376 -0.051480 -0.053849 -0.030344 0.020794 0.092022 0.168293 0.233145 0.276751 0.298090 0.301047 0.290670 0.242070 0.218201 0.192276 0.160956 0.123743 0.088075 0.065843 0.063125 0.074003 0.084471 0.081827 0.061995 0.030508 -0.002772 -0.030977 -0.053864 -0.074420 -0.091479 -0.097304 -0.084648 -0.055586 -0.021344 0.006300 0.022005 0.026751 0.024165 0.017817 0.010301 0.003244 -0.002402 -0.006080 -0.007446 -0.006308 -0.002624 0.003468 0.011595 0.020921 0.029837 0.036147 0.037708 0.032438 0.018085 -0.006270 -0.037915 -0.069946 -0.092760 -0.097235 -0.080041 -0.048222 -0.017111 -0.001616 -0.007534 -0.028224 -0.048090 -0.050539 -0.025431 0.027350 0.098277 0.171636 0.231864 0.269895 0.284688 0.280577 0.264200 0.194411 0.173664 0.156063 0.137120 0.114068 0.091904 0.080717 0.085653 0.100597 0.112188 0.109456 0.090488 0.061712 0.031826 0.006052 -0.015493 -0.034725 -0.050082 -0.054881 -0.043321 -0.017876 0.011272 0.033882 0.045469 0.047010 0.041738 0.032714 0.021962 0.010566 -0.000852 -0.011640 -0.020808 -0.027002 -0.028738 -0.024798 -0.014727 0.000595 0.018577 0.035313 0.046578 0.048325 0.037215 0.012538 -0.021997 -0.058682 -0.087752 -0.099675 -0.089020 -0.059572 -0.025176 -0.002404 0.000094 -0.012767 -0.025903 -0.023337 0.003698 0.053779 0.116802 0.178292 0.225181 0.250437 0.253986 0.240818 0.218440 0.135273 0.118179 0.108588 0.101179 0.091832 0.083744 0.084928 0.098839 0.118785 0.132214 0.130177 0.113007 0.087853 0.062029 0.039223 0.019980 0.003916 -0.007441 -0.009632 0.000909 0.021540 0.043824 0.059587 0.065513 0.062786 0.054382 0.042931 0.029900 0.015711 0.000393 -0.015639 -0.031028 -0.043416 -0.049914 -0.047961 -0.036319 -0.015968 0.009543 0.034799 0.053848 0.061182 0.052851 0.028485 -0.007460 -0.046880 -0.080324 -0.098743 -0.095735 -0.071752 -0.036919 -0.006708 0.008303 0.009829 0.009789 0.021221 0.050403 0.094598 0.144313 0.187683 0.215184 0.222698 0.211843 0.188425 0.160329 0.070489 0.057235 0.054970 0.057582 0.060319 0.065425 0.079074 0.102565 0.128057 0.143567 0.142252 0.126967 0.105886 0.084950 0.065914 0.049441 0.036995 0.030702 0.032953 0.044629 0.062417 0.079327 0.089047 0.089306 0.081546 0.068731 0.053512 0.037301 0.020217 0.001785 -0.017988 -0.037732 -0.054540 -0.064600 -0.064414 -0.052185 -0.028954 0.001100 0.031575 0.055436 0.066365 0.060213 0.036918 0.001299 -0.038482 -0.073462 -0.095476 -0.098254 -0.080067 -0.046923 -0.011144 0.016466 0.034266 0.049464 0.070696 0.101229 0.137412 0.171185 0.193981 0.200152 0.188661 0.162873 0.129297 0.095982 0.005772 -0.004192 -0.000348 0.010447 0.023284 0.040049 0.065376 0.098238 0.129204 0.146496 0.145310 0.131319 0.114247 0.098905 0.084528 0.070871 0.061014 0.058838 0.066188 0.081754 0.100806 0.116579 0.123542 0.119814 0.106947 0.088267 0.067178 0.045874 0.024827 0.003391 -0.018831 -0.040766 -0.059563 -0.071301 -0.072326 -0.060722 -0.037480 -0.006818 0.024720 0.049869 0.062161 0.057486 0.035830 0.001926 -0.036263 -0.070222 -0.092655 -0.098013 -0.083740 -0.052741 -0.013686 0.023832 0.055675 0.084225 0.113398 0.143597 0.170796 0.188855 0.192554 0.179668 0.151535 0.112641 0.069942 0.031780 -0.053414 -0.061174 -0.052977 -0.036110 -0.015193 0.011539 0.047182 0.088292 0.123701 0.141726 0.139625 0.126045 0.112564 0.103148 0.094204 0.083423 0.074521 0.073692 0.084220 0.104272 0.127727 0.146740 0.155013 0.149989 0.132976 0.107945 0.079739 0.052083 0.026377 0.002162 -0.021201 -0.043030 -0.060979 -0.071827 -0.072705 -0.062219 -0.041323 -0.013642 0.015108 0.038375 0.050105 0.046219 0.026333 -0.005298 -0.040963 -0.072400 -0.092995 -0.098095 -0.085229 -0.055588 -0.014916 0.028947 0.070516 0.108312 0.142238 0.170488 0.189197 0.194258 0.183245 0.156226 0.115689 0.066520 0.016117 -0.026515 -0.102828 -0.109178 -0.098416 -0.077574 -0.050439 -0.015443 0.028581 0.075623 0.113020 0.129701 0.125406 0.111673 0.101528 0.098000 0.094794 0.087043 0.077937 0.075415 0.085245 0.107042 0.134525 0.158534 0.170920 0.167398 0.148453 0.118626 0.084411 0.051307 0.021795 -0.004255 -0.027508 -0.047486 -0.062407 -0.070146 -0.069261 -0.059484 -0.041930 -0.019270 0.004371 0.023907 0.034040 0.030506 0.012091 -0.017625 -0.051006 -0.079745 -0.097694 -0.101090 -0.088002 -0.058966 -0.017882 0.028964 0.075623 0.118132 0.153648 0.179039 0.190977 0.187096 0.166763 0.130986 0.082408 0.026109 -0.029789 -0.075467 -0.139253 -0.144211 -0.132142 -0.108917 -0.077097 -0.035760 0.013678 0.062606 0.097747 0.110031 0.102548 0.089169 0.082919 0.085105 0.087158 0.082208 0.072474 0.066546 0.072238 0.091528 0.119547 0.146893 0.163735 0.163639 0.145713 0.114589 0.078012 0.042828 0.012182 -0.013891 -0.035910 -0.053280 -0.064525 -0.068492 -0.065194 -0.055666 -0.041371 -0.023997 -0.005790 0.009944 0.018663 0.015562 -0.001728 -0.030266 -0.062253 -0.089166 -0.105173 -0.107230 -0.094015 -0.065968 -0.026012 0.020676 0.068211 0.111408 0.145981 0.168295 0.175680 0.166905 0.142038 0.102079 0.049569 -0.009951 -0.067564 -0.113150 -0.160004 -0.162948 -0.149945 -0.125090 -0.089961 -0.045161 0.004799 0.049403 0.076688 0.081689 0.071454 0.060627 0.059844 0.067503 0.073452 0.070213 0.059587 0.050094 0.050390 0.064284 0.088975 0.116206 0.135688 0.139413 0.125026 0.096736 0.062738 0.030221 0.002124 -0.021717 -0.041535 -0.056308 -0.064560 -0.065731 -0.060822 -0.051814 -0.040440 -0.027526 -0.013584 -0.000295 0.008270 0.006423 -0.009449 -0.036903 -0.067990 -0.094198 -0.110044 -0.112878 -0.101614 -0.076612 -0.040247 0.003061 0.047766 0.088379 0.120181 0.139594 0.144476 0.134032 0.108271 0.067959 0.015850 -0.041899 -0.096143 -0.137518 -0.163805 -0.163656 -0.149203 -0.123037 -0.086842 -0.043602 -0.000401 0.032523 0.047380 0.044908 0.035087 0.030490 0.036884 0.049171 0.056805 0.053397 0.041325 0.028885 0.024534 0.032704 0.052172 0.076446 0.096102 0.102788 0.093298 0.071272 0.044462 0.019080 -0.003199 -0.023041 -0.040171 -0.052870 -0.059435 -0.059549 -0.054630 -0.047010 -0.038382 -0.028807 -0.017382 -0.004538 0.005794 0.006891 -0.006042 -0.031083 -0.060577 -0.086600 -0.104202 -0.110763 -0.104851 -0.086326 -0.056947 -0.020455 0.018124 0.053546 0.081257 0.097952 0.101720 0.091674 0.067552 0.030219 -0.017007 -0.067719 -0.113616 -0.147086 -0.152347 -0.148018 -0.131689 -0.105666 -0.072916 -0.038469 -0.009586 0.007117 0.010065 0.004735 0.000747 0.005539 0.019054 0.033703 0.040217 0.034601 0.020435 0.005801 -0.001578 0.002361 0.016994 0.037320 0.055477 0.063995 0.059868 0.046396 0.030040 0.014660 -0.000189 -0.015660 -0.030632 -0.042429 -0.048926 -0.049748 -0.046300 -0.040808 -0.034684 -0.027307 -0.016683 -0.002291 0.011950 0.018339 0.010904 -0.009358 -0.035779 -0.061484 -0.082034 -0.094556 -0.096902 -0.088064 -0.068907 -0.042313 -0.012575 0.015618 0.038107 0.051803 0.054717 0.045695 0.024507 -0.007350 -0.045971 -0.085520 -0.119613 -0.142869 -0.131224 -0.122821 -0.106002 -0.083892 -0.060559 -0.040784 -0.028635 -0.025125 -0.026921 -0.027754 -0.022021 -0.008359 0.009020 0.022382 0.025142 0.015971 -0.000532 -0.016598 -0.025335 -0.023501 -0.011960 0.005092 0.021407 0.031245 0.032807 0.029276 0.024937 0.020232 0.012358 0.000047 -0.014424 -0.027293 -0.035765 -0.039019 -0.038088 -0.034893 -0.030587 -0.024137 -0.012800 0.004731 0.024679 0.038550 0.038982 0.025362 0.002812 -0.022711 -0.046751 -0.065859 -0.077182 -0.078947 -0.071130 -0.055660 -0.035950 -0.016017 0.000360 0.010120 0.011073 0.002094 -0.016320 -0.041562 -0.069473 -0.095765 -0.116741 -0.129228 -0.108844 -0.098416 -0.084273 -0.070039 -0.058934 -0.052760 -0.051114 -0.051280 -0.049309 -0.041955 -0.028441 -0.011222 0.004580 0.013160 0.010795 -0.002032 -0.020397 -0.036942 -0.045432 -0.043516 -0.032827 -0.017419 -0.002136 0.009481 0.017390 0.024432 0.031884 0.036474 0.033616 0.022464 0.006395 -0.009906 -0.022768 -0.030404 -0.033003 -0.032025 -0.028582 -0.021726 -0.008485 0.013037 0.039455 0.061750 0.070922 0.064099 0.044641 0.018213 -0.009783 -0.034808 -0.053424 -0.063586 -0.064882 -0.058614 -0.047521 -0.035159 -0.025207 -0.020872 -0.024263 -0.035617 -0.052738 -0.071600 -0.088409 -0.101373 -0.109921 -0.112853 -0.092411 -0.082361 -0.072666 -0.065897 -0.062690 -0.061705 -0.060550 -0.056871 -0.049243 -0.037668 -0.023662 -0.010042 -0.000411 0.001808 -0.005270 -0.020598 -0.039521 -0.055056 -0.061421 -0.057168 -0.045006 -0.029249 -0.013462 0.001150 0.016146 0.033315 0.050557 0.061676 0.061465 0.049800 0.030635 0.009060 -0.010382 -0.024494 -0.032045 -0.033704 -0.030650 -0.022536 -0.006843 0.018528 0.050746 0.080684 0.097783 0.096661 0.078917 0.050458 0.018421 -0.010970 -0.033617 -0.047689 -0.053160 -0.051476 -0.045405 -0.038696 -0.035394 -0.038781 -0.050026 -0.067115 -0.085141 -0.098674 -0.105145 -0.106098 -0.104238 -0.099982 -0.083216 -0.073336 -0.065313 -0.059905 -0.056005 -0.051975 -0.046832 -0.040436 -0.033175 -0.025707 -0.018882 -0.013850 -0.012184 -0.015700 -0.025666 -0.041310 -0.058508 -0.070662 -0.072495 -0.063583 -0.047818 -0.029791 -0.011773 0.007088 0.029113 0.054315 0.077767 0.091977 0.092290 0.079217 0.056557 0.029153 0.002098 -0.019912 -0.033853 -0.039199 -0.037041 -0.027862 -0.010141 0.017914 0.054027 0.089517 0.112897 0.116588 0.100446 0.070550 0.035840 0.004551 -0.018266 -0.031157 -0.035168 -0.032865 -0.028057 -0.025538 -0.030065 -0.044478 -0.067667 -0.093904 -0.114887 -0.124223 -0.121569 -0.112380 -0.102407 -0.093053 -0.075406 -0.061770 -0.049184 -0.038041 -0.028283 -0.020447 -0.015417 -0.013639 -0.014873 -0.018354 -0.023082 -0.028279 -0.033962 -0.041176 -0.051281 -0.064143 -0.076365 -0.082026 -0.076707 -0.061148 -0.040220 -0.018481 0.003029 0.026425 0.053697 0.082961 0.107869 0.121415 0.120244 0.105257 0.079561 0.047205 0.013305 -0.016316 -0.036920 -0.046655 -0.046335 -0.037187 -0.018824 0.009941 0.047349 0.085754 0.113773 0.122423 0.109812 0.081443 0.047227 0.017167 -0.002398 -0.010129 -0.008454 -0.001859 0.003877 0.002276 -0.012110 -0.040855 -0.079307 -0.117032 -0.142182 -0.148095 -0.137480 -0.119817 -0.103192 -0.089062 -0.059532 -0.036848 -0.014798 0.004140 0.017352 0.022775 0.020004 0.010263 -0.004419 -0.021649 -0.038756 -0.053339 -0.064297 -0.072379 -0.079367 -0.085949 -0.089753 -0.086047 -0.071692 -0.048511 -0.021840 0.004160 0.029278 0.055798 0.084649 0.112725 0.133968 0.143178 0.138619 0.121404 0.093694 0.058335 0.019880 -0.015275 -0.041045 -0.054477 -0.056220 -0.048175 -0.030928 -0.003786 0.032142 0.070815 0.102046 0.116452 0.110452 0.087897 0.058211 0.032329 0.018025 0.017130 0.026095 0.038225 0.045304 0.038990 0.013452 -0.031006 -0.085709 -0.135401 -0.164931 -0.167851 -0.150216 -0.125066 -0.101766 -0.080952 -0.028293 0.006224 0.037372 0.059578 0.068829 0.064381 0.048636 0.025110 -0.003079 -0.032849 -0.060382 -0.081876 -0.095387 -0.101660 -0.103001 -0.100941 -0.094355 -0.080128 -0.056623 -0.026411 0.005305 0.034894 0.062295 0.089066 0.115035 0.136998 0.150551 0.152939 0.144028 0.125012 0.096948 0.061112 0.020928 -0.017099 -0.045745 -0.061126 -0.064035 -0.057287 -0.042374 -0.018843 0.013148 0.049658 0.082603 0.103163 0.106308 0.093357 0.071701 0.051945 0.043079 0.048130 0.063273 0.080028 0.087925 0.077021 0.041415 -0.016798 -0.085627 -0.145854 -0.179336 -0.179656 -0.155730 -0.123260 -0.091923 -0.061339 0.019422 0.063904 0.098626 0.116329 0.114586 0.096562 0.068190 0.034229 -0.002882 -0.040738 -0.074892 -0.100307 -0.114445 -0.118131 -0.113918 -0.103815 -0.087857 -0.064692 -0.034146 0.000851 0.035631 0.066991 0.094447 0.118490 0.138324 0.151610 0.156190 0.151664 0.139194 0.119919 0.093761 0.060180 0.020914 -0.017905 -0.047893 -0.063918 -0.066894 -0.060867 -0.048486 -0.029538 -0.003098 0.029233 0.062013 0.087788 0.100616 0.099044 0.087356 0.074459 0.069816 0.078104 0.096409 0.115587 0.123680 0.109680 0.067722 0.000912 -0.077179 -0.145031 -0.181809 -0.180120 -0.150480 -0.110251 -0.069081 -0.026383 0.078410 0.127295 0.158175 0.164759 0.148801 0.118491 0.082702 0.045685 0.007105 -0.032749 -0.069293 -0.096432 -0.111197 -0.114300 -0.107876 -0.093700 -0.072527 -0.044536 -0.010808 0.025626 0.060755 0.091665 0.117278 0.137190 0.150485 0.156002 0.153517 0.144292 0.130302 0.112713 0.090719 0.062125 0.026463 -0.011411 -0.042246 -0.059019 -0.061995 -0.056296 -0.046028 -0.031558 -0.011176 0.015611 0.046030 0.074506 0.095026 0.103953 0.102264 0.096089 0.094179 0.102661 0.120588 0.139642 0.147531 0.132776 0.089509 0.020888 -0.059966 -0.131476 -0.170736 -0.167871 -0.133101 -0.084626 -0.032575 0.022324 0.139916 0.186565 0.207393 0.199300 0.169440 0.130984 0.094808 0.063028 0.030655 -0.005439 -0.040965 -0.068834 -0.085630 -0.091650 -0.088005 -0.075522 -0.054969 -0.027452 0.005087 0.039621 0.072715 0.101694 0.125026 0.141719 0.150873 0.152089 0.146138 0.135013 0.121179 0.106303 0.089862 0.068800 0.040132 0.005963 -0.024893 -0.043279 -0.047469 -0.042666 -0.034324 -0.023809 -0.009236 0.011288 0.037158 0.064802 0.089003 0.105166 0.111712 0.111652 0.111779 0.118694 0.133732 0.150709 0.158225 0.144901 0.104867 0.040823 -0.036016 -0.106444 -0.146972 -0.143996 -0.105118 -0.048630 0.013794 0.078507 0.194485 0.233243 0.240138 0.216371 0.174575 0.132387 0.101902 0.081987 0.061663 0.033387 0.000861 -0.027597 -0.047810 -0.059511 -0.062706 -0.056947 -0.042315 -0.019970 0.007875 0.038300 0.068276 0.095285 0.117463 0.133327 0.141722 0.142241 0.135672 0.124066 0.110372 0.097485 0.086454 0.074715 0.057095 0.031379 0.003456 -0.016401 -0.023279 -0.020719 -0.014736 -0.007884 0.001232 0.015065 0.034412 0.057449 0.080358 0.098898 0.110349 0.115219 0.117671 0.123402 0.135283 0.149732 0.157174 0.146840 0.112963 0.057943 -0.009181 -0.073454 -0.113308 -0.111408 -0.070437 -0.007631 0.062870 0.133358 0.233946 0.261072 0.252508 0.213922 0.162838 0.120547 0.099702 0.095435 0.090304 0.071865 0.043088 0.013936 -0.010096 -0.028160 -0.039596 -0.042907 -0.037106 -0.022629 -0.001277 0.024343 0.051448 0.077483 0.100156 0.117343 0.127241 0.128842 0.122409 0.109792 0.094507 0.081133 0.073318 0.070637 0.067154 0.055780 0.036538 0.018037 0.008350 0.007539 0.010575 0.013957 0.018012 0.024926 0.036130 0.051117 0.067699 0.082995 0.094651 0.102041 0.107048 0.113480 0.124286 0.137798 0.146458 0.140395 0.114057 0.070041 0.016143 -0.037382 -0.073723 -0.073745 -0.033795 0.031787 0.106436 0.177992 0.253435 0.267471 0.244261 0.193417 0.136271 0.096641 0.087120 0.099309 0.109973 0.102074 0.077664 0.048407 0.021510 -0.001553 -0.019947 -0.031645 -0.034666 -0.028346 -0.013589 0.007566 0.032522 0.058492 0.082590 0.101909 0.113843 0.116610 0.109798 0.094872 0.075626 0.058071 0.048782 0.051058 0.060824 0.067728 0.064134 0.052910 0.042966 0.038990 0.039053 0.039690 0.039832 0.040528 0.042995 0.047514 0.053488 0.059983 0.066229 0.072042 0.078264 0.086840 0.099550 0.115176 0.127439 0.127210 0.109062 0.076086 0.036290 -0.003449 -0.032868 -0.034572 0.000941 0.064353 0.138089 0.206097 0.253154 0.255010 0.220158 0.161070 0.101447 0.066337 0.067766 0.094664 0.119843 0.122896 0.104668 0.077675 0.050508 0.025285 0.002849 -0.014599 -0.024366 -0.024737 -0.015586 0.001769 0.024977 0.051013 0.076433 0.097656 0.111411 0.115239 0.107982 0.090324 0.065505 0.039914 0.022451 0.021046 0.036617 0.059578 0.075864 0.079112 0.074356 0.069478 0.067377 0.066530 0.064896 0.061637 0.056714 0.050407 0.043411 0.036963 0.032625 0.031898 0.036049 0.046109 0.062387 0.082809 0.101139 0.108400 0.098949 0.076130 0.049130 0.023872 0.004445 0.002832 0.031591 0.087794 0.155398 0.216031 0.238414 0.230958 0.188965 0.126358 0.067687 0.037979 0.048330 0.086303 0.123402 0.137829 0.128933 0.108445 0.085188 0.061717 0.038976 0.019273 0.005800 0.001104 0.006207 0.020504 0.041991 0.067593 0.093551 0.115886 0.130921 0.135738 0.128520 0.108935 0.078820 0.043372 0.012006 -0.003454 0.004913 0.033407 0.066518 0.088593 0.095707 0.094350 0.091804 0.090559 0.089149 0.084837 0.075397 0.060164 0.040624 0.020110 0.002696 -0.007970 -0.009316 -0.000142 0.018967 0.044667 0.069878 0.085216 0.084522 0.070748 0.054110 0.041725 0.033975 0.035482 0.057552 0.103103 0.160408 0.211222 0.217409 0.204415 0.160137 0.098586 0.043776 0.019556 0.035823 0.080158 0.125522 0.150921 0.154142 0.144478 0.129642 0.112263 0.093422 0.075457 0.061849 0.055740 0.058817 0.071019 0.090669 0.114769 0.139454 0.160613 0.174530 0.178376 0.170397 0.149826 0.116978 0.074412 0.029256 -0.005802 -0.016798 0.001875 0.040274 0.078435 0.101710 0.109353 0.109293 0.108437 0.107938 0.104269 0.092803 0.071298 0.041675 0.009259 -0.019624 -0.039668 -0.047278 -0.040763 -0.020931 0.008019 0.038195 0.059902 0.066637 0.060476 0.051590 0.048991 0.052600 0.060522 0.078826 0.113398 0.158411 0.198553 0.197595 0.182572 0.140251 0.083702 0.035169 0.016222 0.035281 0.081030 0.129989 0.163727 0.178804 0.181375 0.177392 0.169361 0.158375 0.146388 0.136611 0.132359 0.135701 0.146861 0.164271 0.184923 0.204935 0.220356 0.228022 0.226147 0.214300 0.192624 0.160782 0.118201 0.067153 0.016898 -0.016673 -0.019413 0.009335 0.053356 0.091181 0.111690 0.117979 0.118907 0.119191 0.116169 0.103503 0.077388 0.040294 -0.000258 -0.035987 -0.060966 -0.071875 -0.067339 -0.048377 -0.019450 0.011540 0.035480 0.046374 0.045546 0.041964 0.045672 0.058418 0.074881 0.094236 0.121142 0.154840 0.185022 0.182647 0.168311 0.131261 0.082994 0.042868 0.029155 0.048488 0.091145 0.138123 0.174465 0.196294 0.207281 0.212080 0.213386 0.212335 0.209944 0.208096 0.209285 0.215403 0.226699 0.241545 0.256827 0.268733 0.273789 0.269929 0.257169 0.237409 0.213033 0.184594 0.149371 0.103862 0.050464 0.001945 -0.023346 -0.014151 0.023236 0.068120 0.101158 0.116947 0.122104 0.123752 0.121098 0.107110 0.076917 0.034024 -0.011353 -0.048995 -0.073261 -0.082616 -0.077445 -0.059684 -0.033806 -0.006755 0.014175 0.024632 0.025874 0.025163 0.032074 0.050617 0.075528 0.100436 0.125424 0.151724 0.174242 0.171784 0.160270 0.131020 0.093688 0.063812 0.055560 0.073495 0.109395 0.148502 0.179433 0.198897 0.209583 0.215982 0.221698 0.228503 0.236631 0.245859 0.256419 0.268798 0.282722 0.296437 0.306838 0.310318 0.303998 0.286983 0.261124 0.230789 0.201235 0.175488 0.150943 0.119648 0.075732 0.024897 -0.015168 -0.026194 -0.003473 0.039317 0.080397 0.106312 0.118194 0.123055 0.121647 0.106815 0.073106 0.025529 -0.022546 -0.058849 -0.078443 -0.082528 -0.074403 -0.057740 -0.037045 -0.017636 -0.004125 0.001535 0.001238 0.000812 0.008384 0.029298 0.060470 0.093132 0.121937 0.146523 0.165158 0.161334 0.154613 0.135085 0.110577 0.092171 0.089493 0.104947 0.131496 0.157880 0.175970 0.183880 0.184617 0.183276 0.184740 0.192149 0.206181 0.225355 0.247245 0.269582 0.290329 0.307049 0.316590 0.315587 0.301654 0.274770 0.238161 0.198058 0.162137 0.136453 0.120926 0.106518 0.080381 0.038735 -0.005564 -0.031105 -0.024318 0.010177 0.053417 0.087388 0.107180 0.117506 0.119430 0.105488 0.069782 0.018992 -0.030312 -0.063901 -0.077636 -0.075578 -0.064207 -0.049153 -0.034904 -0.024918 -0.021062 -0.022975 -0.027901 -0.030801 -0.024941 -0.004635 0.029578 0.069447 0.105694 0.134148 0.153567 0.147051 0.147102 0.138668 0.127889 0.121148 0.123587 0.135804 0.151948 0.163705 0.165775 0.157890 0.143683 0.128629 0.118312 0.117152 0.127384 0.148389 0.176953 0.208499 0.238373 0.262305 0.276297 0.276783 0.261576 0.231273 0.190085 0.145278 0.105559 0.078778 0.068078 0.067113 0.060522 0.035582 -0.003381 -0.035779 -0.041705 -0.017347 0.023611 0.062329 0.089507 0.106812 0.114398 0.103860 0.068648 0.016915 -0.032035 -0.062498 -0.071157 -0.064444 -0.051375 -0.039018 -0.031581 -0.030853 -0.036642 -0.047108 -0.058931 -0.067262 -0.065924 -0.049058 -0.015165 0.029497 0.074038 0.110243 0.134906 0.126018 0.134647 0.138127 0.140928 0.144904 0.151461 0.160428 0.167668 0.167458 0.156546 0.135618 0.108385 0.079993 0.055801 0.040677 0.038302 0.050158 0.074687 0.107446 0.142341 0.173045 0.193816 0.200018 0.189116 0.162059 0.123705 0.081486 0.043476 0.017135 0.007431 0.012464 0.019853 0.012651 -0.014389 -0.046092 -0.059532 -0.043870 -0.007107 0.033425 0.066375 0.090969 0.105872 0.101162 0.069350 0.019597 -0.026929 -0.053834 -0.058667 -0.049450 -0.036621 -0.027793 -0.026613 -0.033663 -0.047715 -0.066540 -0.086821 -0.103556 -0.110096 -0.099801 -0.069494 -0.023219 0.028251 0.073668 0.106658 0.097664 0.116154 0.131824 0.147120 0.160026 0.169909 0.177472 0.180679 0.175280 0.158409 0.130611 0.095374 0.057499 0.021890 -0.006772 -0.024235 -0.027411 -0.015555 0.008893 0.040586 0.072547 0.097631 0.109863 0.106005 0.086981 0.057571 0.024092 -0.007631 -0.032220 -0.044477 -0.042162 -0.031400 -0.027186 -0.041137 -0.066356 -0.081437 -0.071020 -0.038066 0.002603 0.039528 0.070752 0.093580 0.096422 0.070735 0.026118 -0.015491 -0.037902 -0.039579 -0.029385 -0.018112 -0.013117 -0.017268 -0.030330 -0.050871 -0.077213 -0.106682 -0.134068 -0.151512 -0.150779 -0.126979 -0.082236 -0.026462 0.027295 0.069506 0.063890 0.092858 0.120415 0.146304 0.166153 0.179926 0.190484 0.196643 0.193005 0.175295 0.143951 0.103323 0.058810 0.015195 -0.023234 -0.052347 -0.068583 -0.069936 -0.056996 -0.033399 -0.005268 0.020160 0.036406 0.039902 0.031299 0.014241 -0.007679 -0.032299 -0.057017 -0.076723 -0.085505 -0.082574 -0.077106 -0.082142 -0.098445 -0.109916 -0.100324 -0.069197 -0.028720 0.010836 0.047590 0.078028 0.089234 0.071830 0.035293 0.001163 -0.015436 -0.013962 -0.003581 0.005267 0.006059 -0.002981 -0.020812 -0.046172 -0.078630 -0.116811 -0.155488 -0.185240 -0.195735 -0.180300 -0.139560 -0.082539 -0.023134 0.026903 0.029057 0.068456 0.106540 0.140304 0.165862 0.186247 0.205487 0.219697 0.219751 0.200383 0.164171 0.118130 0.068722 0.020319 -0.023438 -0.058688 -0.081904 -0.090915 -0.085676 -0.068710 -0.044975 -0.020843 -0.002173 0.007893 0.009686 0.004856 -0.006879 -0.027678 -0.057446 -0.090416 -0.116823 -0.129560 -0.131297 -0.133172 -0.140934 -0.145158 -0.132144 -0.100232 -0.059382 -0.017918 0.023250 0.060393 0.079960 0.072231 0.046081 0.021523 0.011864 0.016596 0.026549 0.032032 0.027779 0.013563 -0.008390 -0.036982 -0.073527 -0.118602 -0.167262 -0.208459 -0.229745 -0.222940 -0.187714 -0.132440 -0.071050 -0.015910 -0.000038 0.048168 0.093535 0.132315 0.164349 0.195514 0.226852 0.248253 0.247557 0.222038 0.179175 0.129052 0.078043 0.028867 -0.015948 -0.052542 -0.077110 -0.087611 -0.084328 -0.069785 -0.048391 -0.025510 -0.005728 0.008835 0.018333 0.022188 0.016069 -0.006241 -0.046352 -0.096862 -0.143801 -0.174679 -0.186937 -0.189049 -0.189310 -0.184308 -0.164802 -0.129934 -0.087995 -0.044965 -0.000346 0.042320 0.069630 0.072116 0.057617 0.043654 0.041214 0.048821 0.057570 0.058741 0.048572 0.028770 0.003225 -0.026877 -0.064872 -0.113851 -0.169473 -0.219187 -0.248862 -0.249523 -0.220466 -0.169451 -0.109430 -0.051727 -0.016809 0.035974 0.084402 0.127286 0.168712 0.213096 0.253946 0.275411 0.266911 0.232083 0.183819 0.133662 0.086043 0.040805 -0.001065 -0.035516 -0.058027 -0.066500 -0.061924 -0.047572 -0.027939 -0.007500 0.010763 0.026190 0.039112 0.047102 0.042292 0.015000 -0.037590 -0.106101 -0.172322 -0.219193 -0.240608 -0.243178 -0.236473 -0.221711 -0.194494 -0.155816 -0.112606 -0.068336 -0.021120 0.025799 0.059801 0.072127 0.069179 0.065319 0.069078 0.078386 0.085012 0.081377 0.065177 0.040060 0.011875 -0.017701 -0.054004 -0.103028 -0.161337 -0.215138 -0.249344 -0.255192 -0.232089 -0.186830 -0.130424 -0.072417 -0.018364 0.034108 0.083600 0.132494 0.185193 0.239402 0.280822 0.292994 0.271804 0.227986 0.177813 0.132242 0.092717 0.055759 0.020426 -0.009372 -0.028454 -0.034501 -0.029098 -0.016330 -0.000810 0.014041 0.027158 0.039689 0.052590 0.062245 0.057954 0.026860 -0.035436 -0.118232 -0.199453 -0.257923 -0.285146 -0.286952 -0.273805 -0.250297 -0.216271 -0.174582 -0.130716 -0.085717 -0.036733 0.013134 0.052412 0.073237 0.080256 0.084415 0.092049 0.101115 0.104610 0.096254 0.074917 0.045782 0.016607 -0.010035 -0.041171 -0.085881 -0.141971 -0.194682 -0.228671 -0.236471 -0.218149 -0.179214 -0.128269 -0.073156 -0.003142 0.046866 0.098311 0.154262 0.214421 0.268634 0.299616 0.296001 0.261460 0.211425 0.162938 0.125291 0.097050 0.071674 0.045952 0.022841 0.007598 0.002774 0.006576 0.014551 0.022329 0.027829 0.032148 0.038587 0.049345 0.060473 0.059122 0.029107 -0.036678 -0.127510 -0.218021 -0.283101 -0.312562 -0.312349 -0.293837 -0.263984 -0.225725 -0.182991 -0.139554 -0.094442 -0.044565 0.006826 0.049523 0.076534 0.090647 0.099595 0.108043 0.114575 0.113880 0.101100 0.075977 0.044697 0.016644 -0.004449 -0.026859 -0.062857 -0.111996 -0.158796 -0.187843 -0.193714 -0.178044 -0.145361 -0.101757 -0.053090 0.032742 0.080281 0.133271 0.191854 0.249593 0.292235 0.305276 0.284595 0.239386 0.186635 0.142498 0.114411 0.098722 0.086567 0.072516 0.057893 0.047347 0.043522 0.044683 0.046231 0.043994 0.037035 0.028695 0.025112 0.030928 0.043138 0.047457 0.023979 -0.038536 -0.130771 -0.224632 -0.291227 -0.319317 -0.315830 -0.293212 -0.259879 -0.220392 -0.178627 -0.136515 -0.091868 -0.042177 0.008957 0.052622 0.082665 0.100253 0.110507 0.116968 0.119129 0.113443 0.096409 0.068447 0.036456 0.011252 -0.002050 -0.012515 -0.035759 -0.074054 -0.111694 -0.132532 -0.132750 -0.116385 -0.088166 -0.052040 -0.011200 0.089737 0.133675 0.183478 0.235589 0.280087 0.303568 0.297104 0.262298 0.210614 0.158512 0.120515 0.102098 0.097947 0.097933 0.095220 0.089647 0.085029 0.083977 0.084736 0.082101 0.071086 0.050802 0.026469 0.007992 0.004339 0.015321 0.026206 0.013049 -0.040837 -0.128867 -0.220830 -0.284306 -0.307601 -0.299432 -0.273517 -0.238889 -0.200292 -0.160613 -0.120234 -0.076755 -0.028825 0.019681 0.061275 0.090753 0.108223 0.116990 0.119872 0.117110 0.106478 0.085449 0.054912 0.022441 0.000430 -0.004152 -0.000463 -0.007543 -0.031964 -0.059217 -0.071535 -0.064492 -0.043856 -0.015906 0.016058 0.051056 0.154535 0.192359 0.232697 0.270272 0.295494 0.298770 0.276363 0.232792 0.179458 0.131383 0.100897 0.091005 0.094961 0.102541 0.107049 0.108002 0.108938 0.112628 0.117201 0.116109 0.101948 0.071852 0.031555 -0.005027 -0.022755 -0.016696 -0.000505 -0.001932 -0.043900 -0.123677 -0.209826 -0.266849 -0.282897 -0.268884 -0.239919 -0.205035 -0.168179 -0.130888 -0.092635 -0.051605 -0.007680 0.035380 0.071702 0.097263 0.111810 0.117599 0.116939 0.110343 0.096152 0.072152 0.039299 0.005686 -0.014478 -0.011524 0.006618 0.018043 0.010244 -0.006231 -0.012522 -0.000905 0.024065 0.054920 0.087194 0.119980 0.201866 0.231955 0.259838 0.280777 0.287937 0.276100 0.244911 0.199420 0.149842 0.109394 0.087468 0.083856 0.090501 0.098269 0.102428 0.103927 0.107136 0.115513 0.127311 0.134359 0.125560 0.093809 0.042918 -0.010481 -0.044435 -0.046832 -0.028143 -0.018715 -0.047553 -0.116552 -0.194354 -0.243231 -0.251147 -0.230977 -0.199119 -0.164359 -0.129546 -0.095049 -0.060029 -0.023510 0.013806 0.048746 0.077172 0.096440 0.106531 0.109266 0.106504 0.098507 0.083426 0.058699 0.024757 -0.010376 -0.030910 -0.023693 0.006490 0.036710 0.048046 0.043929 0.041457 0.052140 0.075864 0.106720 0.139307 0.171084
SCALARS temperature float 1
LOOKUP_TABLE default
0.000019 0.000016 0.000013 0.000009 0.000006 0.000004 0.000004 0.000006 0.000008 0.000011 0.000014 0.000017 0.000020 0.000024 0.000027 0.000028 0.000029 0.000029 0.000030 0.000031 0.000034 0.000037 0.000038 0.000037 0.000033 0.000028 0.000024 0.000020 0.000017 0.000014 0.000009 0.000004 0.000002 0.000002 0.000004 0.000006 0.000008 0.000010 0.000011 0.000011 0.000010 0.000010 0.000009 0.000008 0.000007 0.000006 0.000005 0.000004 0.000003 0.000003 0.000003 0.000003 0.000005 0.000008 0.000011 0.000014 0.000016 0.000018 0.000020 0.000022 0.000023 0.000023 0.000022 0.000021 0.000016 0.000015 0.000013 0.000010 0.000008 0.000006 0.000005 0.000006 0.000007 0.000010 0.000013 0.000018 0.000022 0.000027 0.000030 0.000032 0.000032 0.000032 0.000032 0.000032 0.000035 0.000037 0.000038 0.000036 0.000031 0.000025 0.000019 0.000015 0.000012 0.000009 0.000006 0.000003 0.000003 0.000004 0.000006 0.000007 0.000009 0.000009 0.000009 0.000008 0.000008 0.000007 0.000007 0.000007 0.000006 0.000006 0.000005 0.000005 0.000004 0.000003 0.000003 0.000004 0.000006 0.000009 0.000013 0.000016 0.000018 0.000019 0.000019 0.000019 0.000019 0.000018 0.000018 0.000017 0.000015 0.000015 0.000013 0.000011 0.000009 0.000006 0.000005 0.000005 0.000006 0.000009 0.000013 0.000018 0.000024 0.000029 0.000033 0.000034 0.000034 0.000033 0.000032 0.000033 0.000034 0.000036 0.000037 0.000034 0.000028 0.000021 0.000015 0.000011 0.000008 0.000006 0.000004 0.000003 0.000004 0.000006 0.000007 0.000008 0.000008 0.000008 0.000007 0.000006 0.000005 0.000005 0.000005 0.000005 0.000005 0.000005 0.000005 0.000005 0.000004 0.000004 0.000004 0.000005 0.000007 0.000011 0.000015 0.000018 0.000019 0.000019 0.000018 0.000017 0.000016 0.000015 0.000015 0.000015 0.000014 0.000014 0.000014 0.000012 0.000009 0.000006 0.000004 0.000004 0.000005 0.000008 0.000013 0.000020 0.000026 0.000032 0.000035 0.000036 0.000035 0.000033 0.000032 0.000033 0.000034 0.000035 0.000035 0.000031 0.000025 0.000018 0.000011 0.000007 0.000004 0.000003 0.000003 0.000004 0.000005 0.000007 0.000008 0.000009 0.000008 0.000007 0.000005 0.000004 0.000004 0.000003 0.000003 0.000004 0.000004 0.000005 0.000005 0.000005 0.000005 0.000005 0.000005 0.000006 0.000008 0.000011 0.000015 0.000018 0.000019 0.000018 0.000017 0.000015 0.000013 0.000013 0.000013 0.000013 0.000013 0.000013 0.000013 0.000011 0.000009 0.000006 0.000004 0.000004 0.000005 0.000008 0.000014 0.000021 0.000029 0.000034 0.000037 0.000037 0.000035 0.000033 0.000032 0.000033 0.000034 0.000034 0.000032 0.000028 0.000021 0.000014 0.000008 0.000004 0.000002 0.000002 0.000003 0.000004 0.000007 0.000009 0.000009 0.000009 0.000008 0.000006 0.000005 0.000003 0.000002 0.000002 0.000002 0.000003 0.000003 0.000004 0.000004 0.000005 0.000005 0.000005 0.000006 0.000007 0.000009 0.000012 0.000015 0.000018 0.000018 0.000017 0.000015 0.000013 0.000012 0.000011 0.000011 0.000012 0.000011 0.000012 0.000012 0.000011 0.000009 0.000006 0.000004 0.000004 0.000005 0.000009 0.000015 0.000023 0.000031 0.000036 0.000038 0.000038 0.000036 0.000034 0.000033 0.000033 0.000033 0.000033 0.000029 0.000024 0.000017 0.000010 0.000005 0.000002 0.000001 0.000001 0.000003 0.000005 0.000008 0.000010 0.000010 0.000009 0.000008 0.000006 0.000004 0.000003 0.000002 0.000001 0.000001 0.000002 0.000002 0.000003 0.000004 0.000004 0.000005 0.000006 0.000007 0.000008 0.000010 0.000012 0.000015 0.000017 0.000017 0.000016 0.000013 0.000011 0.000010 0.000009 0.000010 0.000010 0.000009 0.000010 0.000011 0.000010 0.000009 0.000007 0.000005 0.000005 0.000007 0.000011 0.000018 0.000025 0.000033 0.000037 0.000039 0.000038 0.000036 0.000034 0.000034 0.000034 0.000033 0.000031 0.000026 0.000020 0.000013 0.000007 0.000003 0.000000 0.000000 0.000001 0.000004 0.000007 0.000009 0.000010 0.000010 0.000010 0.000008 0.000006 0.000005 0.000003 0.000002 0.000001 0.000001 0.000001 0.000002 0.000002 0.000003 0.000004 0.000006 0.000007 0.000008 0.000009 0.000011 0.000013 0.000015 0.000015 0.000015 0.000013 0.000011 0.000009 0.000008 0.000008 0.000008 0.000008 0.000008 0.000009 0.000009 0.000009 0.000009 0.000008 0.000007 0.000007 0.000010 0.000014 0.000021 0.000028 0.000034 0.000037 0.000038 0.000037 0.000036 0.000035 0.000035 0.000034 0.000033 0.000029 0.000023 0.000016 0.000009 0.000004 0.000001 0.000000 0.000001 0.000002 0.000005 0.000008 0.000010 0.000010 0.000010 0.000010 0.000008 0.000007 0.000005 0.000004 0.000002 0.000001 0.000000 0.000000 0.000001 0.000002 0.000003 0.000005 0.000006 0.000008 0.000009 0.000011 0.000013 0.000014 0.000015 0.000015 0.000013 0.000011 0.000009 0.000007 0.000006 0.000006 0.000006 0.000007 0.000006 0.000007 0.000008 0.000009 0.000009 0.000008 0.000009 0.000010 0.000013 0.000018 0.000024 0.000030 0.000034 0.000037 0.000037 0.000036 0.000035 0.000035 0.000035 0.000035 0.000032 0.000027 0.000020 0.000012 0.000006 0.000002 0.000000 0.000000 0.000002 0.000004 0.000006 0.000008 0.000010 0.000010 0.000010 0.000009 0.000008 0.000007 0.000006 0.000004 0.000003 0.000001 0.000000 0.000000 0.000001 0.000002 0.000003 0.000005 0.000007 0.000009 0.000011 0.000013 0.000014 0.000015 0.000015 0.000014 0.000012 0.000009 0.000007 0.000005 0.000005 0.000004 0.000005 0.000005 0.000005 0.000006 0.000007 0.000007 0.000008 0.000009 0.000010 0.000013 0.000016 0.000021 0.000026 0.000030 0.000034 0.000036 0.000036 0.000035 0.000034 0.000034 0.000034 0.000034 0.000030 0.000024 0.000016 0.000009 0.000003 0.000001 0.000000 0.000001 0.000003 0.000005 0.000008 0.000009 0.000009 0.000009 0.000008 0.000007 0.000007 0.000006 0.000005 0.000004 0.000003 0.000002 0.000001 0.000000 0.000000 0.000001 0.000003 0.000006 0.000008 0.000011 0.000013 0.000015 0.000016 0.000016 0.000015 0.000013 0.000010 0.000008 0.000006 0.000004 0.000003 0.000003 0.000003 0.000004 0.000003 0.000004 0.000005 0.000006 0.000007 0.000009 0.000011 0.000014 0.000018 0.000022 0.000026 0.000030 0.000033 0.000034 0.000034 0.000034 0.000033 0.000033 0.000033 0.000031 0.000027 0.000020 0.000013 0.000006 0.000002 0.000000 0.000000 0.000002 0.000004 0.000007 0.000009 0.000009 0.000009 0.000008 0.000006 0.000005 0.000005 0.000004 0.000004 0.000004 0.000003 0.000002 0.000001 0.000000 0.000000 0.000001 0.000003 0.000006 0.000010 0.000013 0.000015 0.000017 0.000017 0.000016 0.000014 0.000012 0.000009 0.000007 0.000005 0.000003 0.000002 0.000002 0.000002 0.000002 0.000001 0.000002 0.000002 0.000003 0.000005 0.000007 0.000010 0.000014 0.000017 0.000021 0.000025 0.000028 0.000030 0.000032 0.000032 0.000032 0.000032 0.000031 0.000030 0.000027 0.000023 0.000016 0.000009 0.000004 0.000001 0.000000 0.000001 0.000003 0.000005 0.000007 0.000009 0.000009 0.000008 0.000006 0.000005 0.000003 0.000002 0.000002 0.000003 0.000003 0.000003 0.000003 0.000002 0.000001 0.000000 0.000001 0.000003 0.000007 0.000011 0.000015 0.000017 0.000019 0.000018 0.000017 0.000014 0.000011 0.000009 0.000006 0.000005 0.000003 0.000002 0.000002 0.000001 0.000001 0.000001 0.000001 0.000001 0.000001 0.000003 0.000005 0.000008 0.000012 0.000015 0.000019 0.000022 0.000025 0.000027 0.000029 0.000030 0.000030 0.000030 0.000028 0.000026 0.000023 0.000018 0.000012 0.000006 0.000002 0.000001 0.000001 0.000002 0.000004 0.000006 0.000008 0.000009 0.000008 0.000007 0.000005 0.000003 0.000002 0.000001 0.000001 0.000001 0.000002 0.000003 0.000003 0.000002 0.000001 0.000000 0.000000 0.000002 0.000006 0.000011 0.000016 0.000019 0.000020 0.000019 0.000017 0.000015 0.000012 0.000009 0.000007 0.000005 0.000004 0.000003 0.000002 0.000002 0.000001 0.000001 0.000000 0.000000 0.000000 0.000002 0.000004 0.000007 0.000010 0.000013 0.000016 0.000018 0.000021 0.000024 0.000026 0.000028 0.000028 0.000026 0.000024 0.000021 0.000017 0.000013 0.000008 0.000004 0.000002 0.000001 0.000002 0.000003 0.000004 0.000006 0.000007 0.000008 0.000007 0.000006 0.000004 0.000002 0.000001 0.000000 0.000000 0.000001 0.000002 0.000003 0.000003 0.000002 0.000001 0.000000 0.000000 0.000002 0.000006 0.000011 0.000016 0.000020 0.000021 0.000020 0.000018 0.000016 0.000013 0.000010 0.000008 0.000006 0.000004 0.000004 0.000003 0.000003 0.000002 0.000002 0.000001 0.000001 0.000001 0.000002 0.000004 0.000006 0.000009 0.000011 0.000013 0.000015 0.000018 0.000021 0.000023 0.000024 0.000024 0.000022 0.000019 0.000016 0.000012 0.000009 0.000006 0.000003 0.000002 0.000002 0.000003 0.000003 0.000004 0.000005 0.000006 0.000007 0.000006 0.000005 0.000003 0.000002 0.000001 0.000000 0.000000 0.000001 0.000002 0.000003 0.000003 0.000002 0.000001 0.000000 0.000000 0.000002 0.000005 0.000011 0.000016 0.000019 0.000021 0.000021 0.000019 0.000017 0.000014 0.000012 0.000009 0.000007 0.000006 0.000005 0.000004 0.000004 0.000003 0.000002 0.000002 0.000002 0.000002 0.000004 0.000005 0.000006 0.000008 0.000009 0.000010 0.000013 0.000015 0.000018 0.000020 0.000021 0.000020 0.000018 0.000015 0.000012 0.000009 0.000006 0.000004 0.000004 0.000003 0.000003 0.000004 0.000004 0.000004 0.000005 0.000005 0.000005 0.000005 0.000004 0.000003 0.000002 0.000001 0.000000 0.000001 0.000001 0.000002 0.000003 0.000003 0.000002 0.000001 0.000000 0.000000 0.000002 0.000005 0.000010 0.000014 0.000018 0.000020 0.000021 0.000020 0.000019 0.000017 0.000014 0.000012 0.000009 0.000007 0.000006 0.000005 0.000004 0.000003 0.000002 0.000002 0.000003 0.000004 0.000005 0.000006 0.000007 0.000007 0.000008 0.000009 0.000011 0.000014 0.000016 0.000018 0.000018 0.000017 0.000015 0.000012 0.000009 0.000007 0.000005 0.000005 0.000005 0.000005 0.000005 0.000005 0.000004 0.000004 0.000004 0.000004 0.000004 0.000003 0.000003 0.000002 0.000001 0.000001 0.000001 0.000001 0.000002 0.000002 0.000003 0.000002 0.000002 0.000001 0.000000 0.000000 0.000002 0.000005 0.000009 0.000013 0.000016 0.000019 0.000020 0.000020 0.000020 0.000019 0.000017 0.000015 0.000012 0.000009 0.000006 0.000004 0.000003 0.000002 0.000001 0.000002 0.000003 0.000005 0.000006 0.000007 0.000007 0.000007 0.000007 0.000008 0.000010 0.000013 0.000015 0.000017 0.000017 0.000015 0.000013 0.000011 0.000008 0.000007 0.000006 0.000006 0.000007 0.000007 0.000007 0.000006 0.000005 0.000004 0.000003 0.000003 0.000002 0.000002 0.000002 0.000002 0.000001 0.000001 0.000001 0.000001 0.000002 0.000002 0.000002 0.000002 0.000001 0.000001 0.000000 0.000000 0.000002 0.000005 0.000008 0.000012 0.000015 0.000017 0.000018 0.000019 0.000020 0.000021 0.000020 0.000018 0.000015 0.000010 0.000007 0.000003 0.000001 0.000000 0.000001 0.000002 0.000004 0.000006 0.000007 0.000007 0.000007 0.000006 0.000007 0.000008 0.000010 0.000012 0.000014 0.000016 0.000016 0.000015 0.000013 0.000011 0.000009 0.000008 0.000008 0.000008 0.000009 0.000009 0.000008 0.000007 0.000005 0.000004 0.000003 0.000002 0.000001 0.000001 0.000001 0.000001 0.000001 0.000001 0.000001 0.000001 0.000001 0.000001 0.000001 0.000001 0.000001 0.000000 0.000000 0.000000 0.000002 0.000005 0.000008 0.000011 0.000013 0.000015 0.000016 0.000018 0.000020 0.000022 0.000022 0.000020 0.000016 0.000011 0.000007 0.000003 0.000001 0.000000 0.000002 0.000004 0.000005 0.000006 0.000006 0.000006 0.000006 0.000005 0.000006 0.000007 0.000009 0.000012 0.000014 0.000015 0.000015 0.000015 0.000014 0.000012 0.000011 0.000010 0.000010 0.000010 0.000010 0.000010 0.000009 0.000008 0.000006 0.000004 0.000002 0.000001 0.000000 0.000000 0.000000 0.000001 0.000001 0.000001 0.000001 0.000001 0.000001 0.000001 0.000001 0.000001 0.000001 0.000000 0.000000 0.000000 0.000002 0.000005 0.000008 0.000010 0.000012 0.000014 0.000015 0.000017 0.000020 0.000022 0.000022 0.000021 0.000017 0.000012 0.000007 0.000003 0.000002 0.000002 0.000006 0.000007 0.000007 0.000007 0.000006 0.000005 0.000004 0.000004 0.000004 0.000006 0.000008 0.000010 0.000013 0.000014 0.000015 0.000015 0.000014 0.000013 0.000012 0.000012 0.000012 0.000012 0.000012 0.000011 0.000010 0.000008 0.000006 0.000004 0.000003 0.000001 0.000000 0.000000 0.000000 0.000000 0.000001 0.000001 0.000001 0.000001 0.000000 0.000000 0.000001 0.000001 0.000001 0.000000 0.000000 0.000000 0.000002 0.000004 0.000008 0.000010 0.000012 0.000013 0.000015 0.000017 0.000019 0.000021 0.000021 0.000020 0.000016 0.000011 0.000007 0.000005 0.000005 0.000005 0.000011 0.000011 0.000010 0.000008 0.000006 0.000005 0.000003 0.000003 0.000003 0.000004 0.000006 0.000008 0.000011 0.000012 0.000013 0.000014 0.000014 0.000013 0.000013 0.000013 0.000013 0.000012 0.000012 0.000011 0.000010 0.000008 0.000007 0.000005 0.000003 0.000002 0.000001 0.000000 0.000000 0.000000 0.000000 0.000001 0.000001 0.000000 0.000000 0.000000 0.000000 0.000001 0.000001 0.000000 0.000000 0.000000 0.000002 0.000004 0.000007 0.000010 0.000012 0.000014 0.000015 0.000016 0.000018 0.000019 0.000019 0.000017 0.000014 0.000010 0.000008 0.000008 0.000009 0.000010 0.000015 0.000015 0.000013 0.000010 0.000007 0.000005 0.000003 0.000002 0.000002 0.000003 0.000004 0.000006 0.000008 0.000010 0.000011 0.000012 0.000012 0.000012 0.000012 0.000012 0.000012 0.000012 0.000012 0.000011 0.000010 0.000009 0.000007 0.000006 0.000004 0.000003 0.000002 0.000001 0.000000 0.000000 0.000000 0.000000 0.000000 0.000000 0.000000 0.000000 0.000000 0.000000 0.000001 0.000000 0.000000 0.000000 0.000001 0.000004 0.000007 0.000010 0.000013 0.000014 0.000015 0.000016 0.000017 0.000017 0.000016 0.000014 0.000011 0.000009 0.000009 0.000011 0.000013 0.000015 0.000018 0.000017 0.000015 0.000012 0.000008 0.000005 0.000003 0.000002 0.000001 0.000001 0.000003 0.000004 0.000006 0.000007 0.000008 0.000009 0.000009 0.000010 0.000010 0.000011 0.000011 0.000011 0.000011 0.000010 0.000010 0.000009 0.000008 0.000006 0.000005 0.000004 0.000003 0.000002 0.000001 0.000000 0.000000 0.000000 0.000000 0.000000 0.000000 0.000000 0.000000 0.000000 0.000000 0.000000 0.000000 0.000000 0.000001 0.000003 0.000007 0.000010 0.000013 0.000015 0.000016 0.000016 0.000016 0.000015 0.000013 0.000011 0.000009 0.000009 0.000010 0.000013 0.000016 0.000018 0.000020 0.000018 0.000016 0.000012 0.000009 0.000006 0.000004 0.000002 0.000001 0.000001 0.000002 0.000002 0.000004 0.000005 0.000005 0.000006 0.000006 0.000007 0.000007 0.000008 0.000008 0.000009 0.000009 0.000009 0.000009 0.000009 0.000008 0.000007 0.000006 0.000005 0.000004 0.000002 0.000001 0.000001 0.000000 0.000000 0.000000 0.000000 0.000000 0.000000 0.000000 0.000000 0.000000 0.000000 0.000000 0.000000 0.000001 0.000003 0.000006 0.000010 0.000013 0.000015 0.000016 0.000015 0.000014 0.000012 0.000010 0.000008 0.000008 0.000009 0.000012 0.000015 0.000018 0.000020 0.000018 0.000017 0.000015 0.000012 0.000009 0.000007 0.000005 0.000003 0.000002 0.000001 0.000001 0.000001 0.000002 0.000003 0.000003 0.000004 0.000004 0.000004 0.000004 0.000005 0.000005 0.000006 0.000007 0.000007 0.000008 0.000008 0.000008 0.000008 0.000007 0.000006 0.000005 0.000003 0.000002 0.000001 0.000000 0.000000 0.000000 0.000000 0.000000 0.000000 0.000000 0.000000 0.000000 0.000000 0.000000 0.000000 0.000001 0.000003 0.000006 0.000009 0.000012 0.000014 0.000015 0.000014 0.000013 0.000011 0.000009 0.000007 0.000008 0.000010 0.000013 0.000016 0.000018 0.000019 0.000015 0.000014 0.000012 0.000010 0.000009 0.000007 0.000005 0.000004 0.000002 0.000001 0.000001 0.000001 0.000001 0.000001 0.000002 0.000002 0.000002 0.000002 0.000002 0.000002 0.000003 0.000003 0.000004 0.000005 0.000006 0.000007 0.000008 0.000008 0.000008 0.000007 0.000005 0.000004 0.000003 0.000002 0.000001 0.000001 0.000000 0.000000 0.000000 0.000000 0.000000 0.000000 0.000000 0.000001 0.000000 0.000000 0.000001 0.000003 0.000005 0.000008 0.000011 0.000013 0.000014 0.000013 0.000012 0.000010 0.000008 0.000007 0.000008 0.000011 0.000013 0.000015 0.000017 0.000016 0.000011 0.000010 0.000009 0.000008 0.000007 0.000006 0.000005 0.000004 0.000003 0.000002 0.000001 0.000001 0.000001 0.000001 0.000001 0.000001 0.000001 0.000001 0.000001 0.000001 0.000001 0.000002 0.000002 0.000003 0.000005 0.000006 0.000007 0.000008 0.000008 0.000007 0.000006 0.000005 0.000003 0.000002 0.000002 0.000001 0.000001 0.000001 0.000001 0.000000 0.000000 0.000001 0.000001 0.000001 0.000001 0.000001 0.000001 0.000002 0.000004 0.000007 0.000010 0.000012 0.000012 0.000012 0.000010 0.000009 0.000008 0.000008 0.000009 0.000011 0.000013 0.000014 0.000014 0.000012 0.000007 0.000006 0.000005 0.000005 0.000005 0.000005 0.000004 0.000004 0.000003 0.000002 0.000001 0.000001 0.000001 0.000001 0.000001 0.000001 0.000001 0.000000 0.000000 0.000000 0.000000 0.000001 0.000001 0.000002 0.000004 0.000005 0.000007 0.000008 0.000008 0.000008 0.000007 0.000006 0.000004 0.000003 0.000002 0.000002 0.000001 0.000001 0.000001 0.000001 0.000001 0.000001 0.000001 0.000002 0.000001 0.000001 0.000001 0.000002 0.000003 0.000006 0.000008 0.000009 0.000010 0.000010 0.000009 0.000008 0.000008 0.000008 0.000009 0.000010 0.000011 0.000011 0.000010 0.000008 0.000003 0.000003 0.000003 0.000003 0.000004 0.000004 0.000003 0.000003 0.000002 0.000002 0.000001 0.000001 0.000001 0.000000 0.000000 0.000000 0.000000 0.000000 0.000000 0.000000 0.000000 0.000000 0.000001 0.000002 0.000003 0.000005 0.000006 0.000007 0.000008 0.000008 0.000008 0.000007 0.000005 0.000004 0.000003 0.000002 0.000002 0.000001 0.000001 0.000001 0.000002 0.000002 0.000002 0.000003 0.000003 0.000002 0.000002 0.000002 0.000003 0.000004 0.000006 0.000007 0.000008 0.000008 0.000007 0.000007 0.000007 0.000008 0.000008 0.000009 0.000009 0.000008 0.000006 0.000004 0.000001 0.000001 0.000002 0.000002 0.000003 0.000003 0.000002 0.000002 0.000001 0.000001 0.000001 0.000000 0.000000 0.000000 0.000000 0.000000 0.000000 0.000000 0.000000 0.000000 0.000000 0.000000 0.000000 0.000001 0.000002 0.000004 0.000006 0.000007 0.000009 0.000009 0.000009 0.000008 0.000006 0.000005 0.000004 0.000003 0.000002 0.000002 0.000002 0.000002 0.000002 0.000003 0.000003 0.000004 0.000004 0.000004 0.000003 0.000003 0.000003 0.000003 0.000004 0.000004 0.000005 0.000005 0.000005 0.000005 0.000006 0.000006 0.000007 0.000006 0.000006 0.000004 0.000003 0.000002 0.000001 0.000001 0.000002 0.000002 0.000002 0.000002 0.000001 0.000001 0.000001 0.000000 0.000000 0.000000 0.000000 0.000000 0.000000 0.000000 0.000000 0.000000 0.000000 0.000000 0.000000 0.000000 0.000001 0.000001 0.000002 0.000004 0.000006 0.000008 0.000009 0.000010 0.000010 0.000009 0.000007 0.000006 0.000004 0.000003 0.000003 0.000002 0.000002 0.000003 0.000003 0.000004 0.000004 0.000005 0.000005 0.000005 0.000004 0.000004 0.000003 0.000002 0.000002 0.000003 0.000003 0.000003 0.000003 0.000003 0.000004 0.000004 0.000005 0.000004 0.000003 0.000002 0.000001 0.000000 0.000001 0.000002 0.000003 0.000003 0.000002 0.000002 0.000001 0.000001 0.000000 0.000000 0.000000 0.000000 0.000000 0.000000 0.000000 0.000000 0.000000 0.000000 0.000000 0.000000 0.000001 0.000001 0.000001 0.000002 0.000003 0.000004 0.000006 0.000008 0.000010 0.000011 0.000011 0.000010 0.000009 0.000007 0.000005 0.000003 0.000003 0.000002 0.000002 0.000003 0.000003 0.000004 0.000004 0.000005 0.000006 0.000006 0.000005 0.000004 0.000003 0.000003 0.000002 0.000002 0.000001 0.000001 0.000001 0.000001 0.000002 0.000002 0.000002 0.000002 0.000001 0.000001 0.000000 0.000001 0.000003 0.000004 0.000005 0.000004 0.000004 0.000003 0.000002 0.000002 0.000001 0.000001 0.000000 0.000000 0.000000 0.000000 0.000000 0.000000 0.000000 0.000000 0.000001 0.000001 0.000001 0.000002 0.000002 0.000003 0.000004 0.000006 0.000007 0.000009 0.000011 0.000012 0.000012 0.000011 0.000009 0.000007 0.000005 0.000004 0.000003 0.000002 0.000002 0.000003 0.000003 0.000004 0.000004 0.000005 0.000005 0.000005 0.000005 0.000005 0.000004 0.000003 0.000003 0.000002 0.000001 0.000001 0.000000 0.000000 0.000001 0.000001 0.000001 0.000001 0.000000 0.000000 0.000001 0.000002 0.000006 0.000007 0.000008 0.000008 0.000007 0.000006 0.000005 0.000004 0.000003 0.000002 0.000001 0.000001 0.000000 0.000000 0.000000 0.000000 0.000001 0.000001 0.000001 0.000002 0.000003 0.000004 0.000004 0.000005 0.000006 0.000007 0.000008 0.000009 0.000011 0.000012 0.000013 0.000012 0.000010 0.000008 0.000006 0.000004 0.000002 0.000002 0.000002 0.000002 0.000003 0.000003 0.000003 0.000004 0.000004 0.000005 0.000005 0.000005 0.000004 0.000004 0.000004 0.000003 0.000002 0.000001 0.000000 0.000000 0.000000 0.000000 0.000000 0.000000 0.000001 0.000001 0.000003 0.000004 0.000010 0.000012 0.000012 0.000012 0.000011 0.000009 0.000008 0.000006 0.000005 0.000003 0.000002 0.000002 0.000001 0.000001 0.000001 0.000001 0.000001 0.000002 0.000003 0.000004 0.000005 0.000006 0.000006 0.000007 0.000007 0.000008 0.000008 0.000009 0.000011 0.000012 0.000013 0.000012 0.000011 0.000009 0.000006 0.000004 0.000002 0.000002 0.000002 0.000002 0.000002 0.000003 0.000003 0.000003 0.000003 0.000004 0.000004 0.000005 0.000005 0.000005 0.000004 0.000004 0.000003 0.000002 0.000002 0.000001 0.000001 0.000000 0.000000 0.000001 0.000002 0.000004 0.000006 0.000008 0.000016 0.000017 0.000017 0.000017 0.000015 0.000013 0.000011 0.000009 0.000007 0.000005 0.000004 0.000003 0.000002 0.000002 0.000002 0.000002 0.000003 0.000004 0.000005 0.000006 0.000007 0.000008 0.000008 0.000008 0.000008 0.000008 0.000008 0.000009 0.000010 0.000012 0.000012 0.000012 0.000011 0.000009 0.000006 0.000004 0.000003 0.000002 0.000001 0.000002 0.000002 0.000002 0.000002 0.000002 0.000002 0.000003 0.000004 0.000004 0.000004 0.000005 0.000005 0.000005 0.000004 0.000004 0.000003 0.000002 0.000002 0.000001 0.000001 0.000002 0.000005 0.000007 0.000011 0.000013 0.000022 0.000023 0.000022 0.000020 0.000018 0.000015 0.000013 0.000011 0.000010 0.000008 0.000007 0.000005 0.000005 0.000004 0.000004 0.000004 0.000005 0.000006 0.000007 0.000008 0.000009 0.000009 0.000009 0.000008 0.000007 0.000007 0.000007 0.000008 0.000009 0.000011 0.000012 0.000012 0.000011 0.000009 0.000007 0.000004 0.000003 0.000002 0.000001 0.000001 0.000002 0.000002 0.000002 0.000002 0.000002 0.000002 0.000003 0.000003 0.000004 0.000004 0.000005 0.000005 0.000004 0.000004 0.000004 0.000004 0.000003 0.000003 0.000003 0.000005 0.000008 0.000012 0.000016 0.000020 0.000027 0.000027 0.000025 0.000022 0.000019 0.000017 0.000015 0.000014 0.000013 0.000011 0.000010 0.000009 0.000008 0.000007 0.000007 0.000007 0.000008 0.000008 0.000009 0.000010 0.000010 0.000009 0.000008 0.000007 0.000007 0.000006 0.000006 0.000007 0.000009 0.000010 0.000011 0.000012 0.000011 0.000010 0.000007 0.000005 0.000003 0.000002 0.000001 0.000001 0.000001 0.000002 0.000001 0.000001 0.000001 0.000001 0.000002 0.000002 0.000003 0.000003 0.000004 0.000004 0.000004 0.000004 0.000005 0.000005 0.000005 0.000004 0.000005 0.000008 0.000013 0.000018 0.000022 0.000026 0.000030 0.000028 0.000025 0.000021 0.000018 0.000017 0.000016 0.000015 0.000015 0.000015 0.000014 0.000013 0.000012 0.000011 0.000010 0.000010 0.000010 0.000010 0.000010 0.000010 0.000010 0.000009 0.000007 0.000006 0.000005 0.000005 0.000006 0.000007 0.000008 0.000009 0.000011 0.000011 0.000011 0.000009 0.000007 0.000005 0.000003 0.000002 0.000001 0.000001 0.000001 0.000001 0.000001 0.000001 0.000001 0.000001 0.000001 0.000001 0.000002 0.000002 0.000002 0.000002 0.000003 0.000003 0.000004 0.000005 0.000005 0.000006 0.000007 0.000011 0.000017 0.000023 0.000028 0.000030 0.000031 0.000027 0.000022 0.000018 0.000016 0.000015 0.000015 0.000016 0.000017 0.000018 0.000018 0.000017 0.000016 0.000015 0.000013 0.000012 0.000012 0.000011 0.000011 0.000010 0.000009 0.000007 0.000006 0.000005 0.000004 0.000004 0.000005 0.000006 0.000008 0.000009 0.000010 0.000010 0.000010 0.000009 0.000007 0.000005 0.000003 0.000002 0.000002 0.000001 0.000001 0.000001 0.000001 0.000001 0.000001 0.000001 0.000001 0.000001 0.000001 0.000001 0.000001 0.000001 0.000001 0.000002 0.000003 0.000004 0.000005 0.000006 0.000009 0.000014 0.000020 0.000027 0.000031 0.000032 0.000028 0.000023 0.000018 0.000015 0.000013 0.000013 0.000014 0.000016 0.000018 0.000019 0.000020 0.000020 0.000019 0.000018 0.000016 0.000014 0.000013 0.000011 0.000010 0.000009 0.000008 0.000006 0.000005 0.000004 0.000004 0.000004 0.000005 0.000006 0.000008 0.000009 0.000009 0.000009 0.000008 0.000008 0.000006 0.000005 0.000003 0.000002 0.000002 0.000001 0.000001 0.000001 0.000001 0.000001 0.000000 0.000000 0.000000 0.000000 0.000000 0.000000 0.000000 0.000000 0.000000 0.000001 0.000002 0.000003 0.000004 0.000006 0.000010 0.000016 0.000022 0.000028 0.000032 0.000032 0.000024 0.000018 0.000013 0.000011 0.000010 0.000010 0.000012 0.000014 0.000016 0.000019 0.000021 0.000021 0.000021 0.000020 0.000018 0.000016 0.000014 0.000012 0.000010 0.000008 0.000007 0.000006 0.000004 0.000004 0.000004 0.000004 0.000006 0.000007 0.000008 0.000009 0.000008 0.000008 0.000007 0.000006 0.000005 0.000004 0.000003 0.000002 0.000001 0.000001 0.000001 0.000000 0.000000 0.000000 0.000000 0.000000 0.000001 0.000001 0.000001 0.000001 0.000001 0.000000 0.000000 0.000000 0.000001 0.000002 0.000003 0.000006 0.000010 0.000016 0.000023 0.000028 0.000030 0.000028 0.000019 0.000013 0.000009 0.000007 0.000007 0.000008 0.000009 0.000012 0.000014 0.000017 0.000020 0.000021 0.000021 0.000021 0.000019 0.000017 0.000014 0.000012 0.000010 0.000009 0.000007 0.000005 0.000004 0.000004 0.000004 0.000005 0.000006 0.000008 0.000009 0.000009 0.000009 0.000007 0.000006 0.000005 0.000004 0.000003 0.000002 0.000001 0.000001 0.000001 0.000000 0.000000 0.000000 0.000000 0.000000 0.000001 0.000001 0.000001 0.000002 0.000002 0.000002 0.000001 0.000001 0.000000 0.000000 0.000001 0.000003 0.000005 0.000010 0.000016 0.000022 0.000026 0.000027 0.000024 0.000015 0.000010 0.000006 0.000005 0.000005 0.000006 0.000008 0.000010 0.000012 0.000015 0.000018 0.000020 0.000021 0.000020 0.000019 0.000018 0.000015 0.000013 0.000011 0.000009 0.000007 0.000006 0.000005 0.000004 0.000005 0.000006 0.000008 0.000009 0.000011 0.000011 0.000010 0.000008 0.000006 0.000004 0.000003 0.000002 0.000001 0.000001 0.000000 0.000000 0.000000 0.000000 0.000000 0.000000 0.000000 0.000001 0.000002 0.000002 0.000003 0.000003 0.000003 0.000003 0.000002 0.000001 0.000001 0.000001 0.000003 0.000005 0.000009 0.000015 0.000020 0.000024 0.000024 0.000020 0.000012 0.000007 0.000005 0.000004 0.000004 0.000005 0.000007 0.000009 0.000011 0.000013 0.000015 0.000017 0.000019 0.000019 0.000019 0.000017 0.000016 0.000014 0.000012 0.000010 0.000008 0.000006 0.000005 0.000005 0.000005 0.000007 0.000009 0.000011 0.000013 0.000013 0.000012 0.000009 0.000007 0.000004 0.000003 0.000002 0.000001 0.000000 0.000000 0.000000 0.000000 0.000000 0.000000 0.000001 0.000001 0.000001 0.000002 0.000003 0.000003 0.000004 0.000004 0.000004 0.000004 0.000003 0.000002 0.000002 0.000003 0.000006 0.000010 0.000014 0.000019 0.000021 0.000021 0.000017 0.000010 0.000006 0.000004 0.000003 0.000004 0.000005 0.000007 0.000008 0.000009 0.000010 0.000012 0.000014 0.000015 0.000016 0.000016 0.000015 0.000014 0.000013 0.000011 0.000009 0.000007 0.000006 0.000005 0.000005 0.000006 0.000008 0.000011 0.000013 0.000015 0.000015 0.000014 0.000011 0.000008 0.000006 0.000004 0.000003 0.000002 0.000001 0.000001 0.000000 0.000000 0.000001 0.000001 0.000001 0.000001 0.000002 0.000002 0.000003 0.000003 0.000004 0.000005 0.000005 0.000005 0.000004 0.000004 0.000004 0.000005 0.000007 0.000010 0.000014 0.000018 0.000020 0.000019 0.000015 0.000010 0.000006 0.000004 0.000004 0.000004 0.000005 0.000007 0.000007 0.000008 0.000008 0.000009 0.000010 0.000011 0.000011 0.000011 0.000011 0.000010 0.000009 0.000008 0.000007 0.000005 0.000005 0.000005 0.000005 0.000007 0.000010 0.000013 0.000016 0.000018 0.000018 0.000017 0.000014 0.000011 0.000008 0.000006 0.000005 0.000003 0.000003 0.000002 0.000001 0.000001 0.000001 0.000001 0.000002 0.000002 0.000002 0.000002 0.000002 0.000003 0.000004 0.000004 0.000005 0.000006 0.000006 0.000006 0.000006 0.000007 0.000009 0.000012 0.000016 0.000018 0.000019 0.000018 0.000015 0.000011 0.000007 0.000005 0.000004 0.000005 0.000006 0.000007 0.000007 0.000006 0.000006 0.000005 0.000006 0.000006 0.000006 0.000006 0.000006 0.000005 0.000004 0.000004 0.000003 0.000003 0.000003 0.000004 0.000007 0.000010 0.000014 0.000017 0.000020 0.000022 0.000022 0.000021 0.000018 0.000014 0.000011 0.000008 0.000007 0.000006 0.000005 0.000004 0.000003 0.000002 0.000002 0.000002 0.000002 0.000002 0.000002 0.000002 0.000002 0.000002 0.000003 0.000004 0.000005 0.000006 0.000006 0.000007 0.000008 0.000009 0.000012 0.000015 0.000018 0.000020 0.000020 0.000019 0.000015 0.000013 0.000009 0.000006 0.000005 0.000006 0.000006 0.000006 0.000006 0.000005 0.000004 0.000003 0.000003 0.000003 0.000002 0.000002 0.000002 0.000002 0.000002 0.000002 0.000002 0.000003 0.000004 0.000007 0.000011 0.000015 0.000020 0.000024 0.000027 0.000028 0.000027 0.000025 0.000022 0.000018 0.000014 0.000011 0.000010 0.000009 0.000008 0.000007 0.000005 0.000004 0.000003 0.000003 0.000003 0.000003 0.000002 0.000002 0.000001 0.000001 0.000002 0.000003 0.000004 0.000005 0.000006 0.000007 0.000009 0.000011 0.000014 0.000018 0.000021 0.000023 0.000023 0.000021 0.000017 0.000016 0.000011 0.000008 0.000007 0.000006 0.000006 0.000006 0.000005 0.000003 0.000002 0.000001 0.000001 0.000002 0.000002 0.000002 0.000003 0.000003 0.000003 0.000004 0.000005 0.000006 0.000009 0.000013 0.000018 0.000023 0.000029 0.000033 0.000035 0.000035 0.000033 0.000030 0.000027 0.000022 0.000018 0.000015 0.000013 0.000012 0.000011 0.000009 0.000007 0.000006 0.000004 0.000003 0.000003 0.000002 0.000002 0.000001 0.000001 0.000001 0.000001 0.000002 0.000003 0.000004 0.000005 0.000007 0.000009 0.000012 0.000016 0.000020 0.000024 0.000027 0.000027 0.000024 0.000020 0.000020 0.000015 0.000011 0.000009 0.000007 0.000006 0.000005 0.000003 0.000002 0.000001 0.000001 0.000002 0.000003 0.000004 0.000005 0.000006 0.000007 0.000008 0.000009 0.000011 0.000014 0.000017 0.000021 0.000027 0.000033 0.000038 0.000041 0.000043 0.000042 0.000039 0.000036 0.000032 0.000027 0.000022 0.000019 0.000016 0.000015 0.000014 0.000012 0.000010 0.000007 0.000005 0.000003 0.000002 0.000002 0.000001 0.000001 0.000000 0.000001 0.000001 0.000001 0.000002 0.000003 0.000004 0.000006 0.000008 0.000011 0.000016 0.000021 0.000027 0.000030 0.000031 0.000029 0.000025 0.000024 0.000019 0.000015 0.000011 0.000008 0.000006 0.000004 0.000003 0.000001 0.000001 0.000002 0.000004 0.000005 0.000007 0.000008 0.000010 0.000011 0.000013 0.000015 0.000018 0.000021 0.000025 0.000029 0.000034 0.000039 0.000044 0.000047 0.000047 0.000046 0.000044 0.000040 0.000036 0.000031 0.000026 0.000022 0.000019 0.000018 0.000017 0.000015 0.000012 0.000009 0.000006 0.000004 0.000002 0.000001 0.000001 0.000000 0.000000 0.000000 0.000001 0.000001 0.000001 0.000002 0.000003 0.000004 0.000006 0.000010 0.000015 0.000021 0.000028 0.000033 0.000035 0.000033 0.000030 0.000029 0.000024 0.000018 0.000014 0.000010 0.000006 0.000004 0.000002 0.000001 0.000002 0.000003 0.000006 0.000008 0.000010 0.000011 0.000013 0.000014 0.000016 0.000018 0.000021 0.000025 0.000028 0.000033 0.000037 0.000042 0.000046 0.000048 0.000049 0.000048 0.000046 0.000042 0.000039 0.000034 0.000029 0.000025 0.000021 0.000020 0.000019 0.000017 0.000015 0.000011 0.000008 0.000004 0.000002 0.000001 0.000000 0.000000 0.000000 0.000000 0.000001 0.000001 0.000001 0.000001 0.000001 0.000002 0.000004 0.000008 0.000013 0.000019 0.000027 0.000034 0.000037 0.000037 0.000034 0.000034 0.000028 0.000022 0.000017 0.000011 0.000007 0.000003 0.000001 0.000001 0.000002 0.000005 0.000008 0.000011 0.000013 0.000014 0.000015 0.000016 0.000017 0.000019 0.000021 0.000024 0.000028 0.000032 0.000036 0.000040 0.000044 0.000046 0.000047 0.000047 0.000046 0.000043 0.000039 0.000035 0.000030 0.000026 0.000022 0.000020 0.000020 0.000018 0.000016 0.000013 0.000009 0.000005 0.000003 0.000001 0.000000 0.000000 0.000001 0.000001 0.000001 0.000001 0.000000 0.000000 0.000001 0.000001 0.000003 0.000005 0.000010 0.000017 0.000025 0.000033 0.000038 0.000040 0.000038 0.000038 0.000032 0.000026 0.000019 0.000013 0.000007 0.000003 0.000001 0.000001 0.000003 0.000007 0.000011 0.000014 0.000016 0.000017 0.000017 0.000017 0.000017 0.000018 0.000019 0.000022 0.000025 0.000029 0.000033 0.000036 0.000040 0.000043 0.000045 0.000046 0.000045 0.000042 0.000038 0.000034 0.000029 0.000025 0.000021 0.000020 0.000019 0.000019 0.000017 0.000014 0.000011 0.000007 0.000004 0.000002 0.000001 0.000001 0.000001 0.000001 0.000001 0.000000 0.000000 0.000000 0.000000 0.000001 0.000001 0.000003 0.000007 0.000014 0.000022 0.000031 0.000038 0.000042 0.000041 0.000040 0.000035 0.000029 0.000022 0.000014 0.000008 0.000003 0.000001 0.000001 0.000004 0.000008 0.000013 0.000016 0.000018 0.000019 0.000019 0.000018 0.000017 0.000017 0.000018 0.000020 0.000022 0.000026 0.000029 0.000033 0.000037 0.000041 0.000044 0.000046 0.000045 0.000041 0.000036 0.000031 0.000025 0.000021 0.000019 0.000018 0.000018 0.000019 0.000018 0.000016 0.000012 0.000008 0.000005 0.000003 0.000002 0.000001 0.000001 0.000001 0.000001 0.000000 0.000000 0.000000 0.000000 0.000000 0.000001 0.000003 0.000006 0.000012 0.000020 0.000029 0.000037 0.000042 0.000043 0.000042 0.000037 0.000031 0.000023 0.000015 0.000008 0.000003 0.000000 0.000001 0.000005 0.000010 0.000015 0.000018 0.000020 0.000020 0.000020 0.000019 0.000017 0.000017 0.000017 0.000019 0.000021 0.000024 0.000028 0.000032 0.000036 0.000040 0.000044 0.000045 0.000044 0.000039 0.000032 0.000026 0.000020 0.000016 0.000015 0.000015 0.000016 0.000018 0.000018 0.000016 0.000014 0.000010 0.000007 0.000004 0.000003 0.000002 0.000002 0.000001 0.000001 0.000000 0.000000 0.000000 0.000000 0.000001 0.000001 0.000003 0.000006 0.000012 0.000020 0.000029 0.000037 0.000042 0.000044 0.000042 0.000038 0.000031 0.000023 0.000015 0.000007 0.000002 0.000000 0.000002 0.000006 0.000011 0.000016 0.000019 0.000021 0.000021 0.000021 0.000019 0.000018 0.000018 0.000018 0.000020 0.000022 0.000025 0.000028 0.000032 0.000035 0.000040 0.000043 0.000045 0.000042 0.000036 0.000027 0.000019 0.000014 0.000011 0.000010 0.000012 0.000014 0.000016 0.000017 0.000017 0.000015 0.000012 0.000008 0.000006 0.000004 0.000003 0.000002 0.000001 0.000001 0.000000 0.000000 0.000000 0.000001 0.000001 0.000002 0.000004 0.000008 0.000013 0.000021 0.000029 0.000037 0.000042 0.000044 0.000042 0.000037 0.000030 0.000022 0.000014 0.000006 0.000001 0.000000 0.000003 0.000008 0.000012 0.000016 0.000019 0.000020 0.000021 0.000021 0.000020 0.000020 0.000019 0.000020 0.000022 0.000024 0.000027 0.000030 0.000032 0.000035 0.000039 0.000042 0.000043 0.000040 0.000032 0.000022 0.000013 0.000008 0.000006 0.000006 0.000009 0.000012 0.000015 0.000017 0.000017 0.000016 0.000013 0.000010 0.000007 0.000005 0.000003 0.000002 0.000001 0.000001 0.000000 0.000000 0.000001 0.000001 0.000002 0.000004 0.000006 0.000010 0.000016 0.000023 0.000031 0.000038 0.000042 0.000043 0.000039 0.000035 0.000028 0.000019 0.000011 0.000004 0.000001 0.000001 0.000005 0.000009 0.000013 0.000016 0.000018 0.000020 0.000021 0.000021 0.000021 0.000021 0.000021 0.000023 0.000024 0.000027 0.000029 0.000032 0.000033 0.000035 0.000037 0.000039 0.000039 0.000035 0.000027 0.000017 0.000008 0.000003 0.000002 0.000004 0.000007 0.000011 0.000014 0.000016 0.000017 0.000016 0.000014 0.000011 0.000008 0.000006 0.000004 0.000002 0.000001 0.000001 0.000001 0.000001 0.000001 0.000002 0.000003 0.000006 0.000009 0.000013 0.000019 0.000026 0.000033 0.000038 0.000041 0.000042 0.000035 0.000030 0.000023 0.000016 0.000008 0.000003 0.000001 0.000003 0.000006 0.000011 0.000014 0.000016 0.000018 0.000020 0.000021 0.000022 0.000022 0.000022 0.000023 0.000025 0.000028 0.000030 0.000032 0.000034 0.000034 0.000034 0.000035 0.000036 0.000035 0.000030 0.000022 0.000012 0.000004 0.000001 0.000001 0.000003 0.000007 0.000010 0.000013 0.000016 0.000016 0.000015 0.000013 0.000011 0.000008 0.000006 0.000004 0.000003 0.000002 0.000001 0.000001 0.000001 0.000002 0.000003 0.000005 0.000007 0.000011 0.000016 0.000021 0.000027 0.000033 0.000037 0.000039 0.000038 0.000030 0.000025 0.000018 0.000012 0.000006 0.000002 0.000002 0.000004 0.000008 0.000011 0.000014 0.000016 0.000018 0.000020 0.000022 0.000023 0.000024 0.000024 0.000025 0.000027 0.000030 0.000033 0.000035 0.000036 0.000035 0.000033 0.000032 0.000031 0.000029 0.000025 0.000017 0.000008 0.000002 0.000000 0.000001 0.000004 0.000007 0.000010 0.000013 0.000015 0.000015 0.000014 0.000012 0.000010 0.000008 0.000006 0.000004 0.000003 0.000002 0.000002 0.000001 0.000002 0.000003 0.000004 0.000007 0.000009 0.000013 0.000017 0.000022 0.000027 0.000031 0.000033 0.000034 0.000033 0.000024 0.000019 0.000014 0.000009 0.000005 0.000003 0.000003 0.000005 0.000008 0.000011 0.000014 0.000017 0.000019 0.000022 0.000024 0.000025 0.000026 0.000027 0.000028 0.000030 0.000032 0.000035 0.000037 0.000037 0.000034 0.000031 0.000028 0.000025 0.000023 0.000019 0.000013 0.000006 0.000002 0.000001 0.000002 0.000005 0.000008 0.000010 0.000012 0.000013 0.000013 0.000012 0.000011 0.000009 0.000008 0.000006 0.000005 0.000004 0.000003 0.000002 0.000002 0.000002 0.000004 0.000006 0.000009 0.000012 0.000015 0.000018 0.000021 0.000025 0.000027 0.000028 0.000028 0.000027
SCALARS concentration float 1
LOOKUP_TABLE default
0.000000 0.000000 0.000000 0.000000 0.000000 0.000000 0.000000 0.000000 0.000000 0.000000 0.000000 0.000000 0.000000 0.000000 0.000000 0.000000 0.000000 0.000000 0.000000 0.000000 0.000000 0.000000 0.000000 0.000000 0.000000 0.000000 0.000000 0.000000 0.000000 0.000000 0.000000 0.000000 0.000000 0.000000 0.000000 0.000000 0.000000 0.000000 0.000000 0.000000 0.000000 0.000000 0.000000 0.000000 0.000000 0.000000 0.000000 0.000000 0.000000 0.000000 0.000000 0.000000 0.000000 0.000000 0.000000 0.000000 0.000000 0.000000 0.000000 0.000000 0.000000 0.000000 0.000000 0.000000 0.000000 0.000000 0.000000 0.000000 0.000000 0.000000 0.000000 0.000000 0.000000 0.000000 0.000000 0.000000 0.000000 0.000000 0.000000 0.000000 0.000000 0.000000 0.000000 0.000000 0.000000 0.000000 0.000000 0.000000 0.000000 0.000000 0.000000 0.000000 0.000000 0.000000 0.000000 0.000000 0.000000 0.000000 0.000000 0.000000 0.000000 0.000000 0.000000 0.000000 0.000000 0.000000 0.000000 0.000000 0.000000 0.000000 0.000000 0.000000 0.000000 0.000000 0.000000 0.000000 0.000000 0.000000 0.000000 0.000000 0.000000 0.000000 0.000000 0.000000 0.000000 0.000000 0.000000 0.000000 0.000000 0.000000 0.000000 0.000000 0.000000 0.000000 0.000000 0.000000 0.000000 0.000000 0.000000 0.000000 0.000000 0.000000 0.000000 0.000000 0.000000 0.000000 0.000000 0.000000 0.000000 0.000000 0.000000 0.000000 0.000000 0.000000 0.000000 0.000000 0.000000 0.000000 0.000000 0.000000 0.000000 0.000000 0.000000 0.000000 0.000000 0.000000 0.000000 0.000000 0.000000 0.000000 0.000000 0.000000 0.000000 0.000000 0.000000 0.000000 0.000000 0.000000 0.000000 0.000000 0.000000 0.000000 0.000000 0.000000 0.000000 0.000000 0.000000 0.000000 0.000000 0.000000 0.000000 0.000000 0.000000 0.000000 0.000000 0.000000 0.000000 0.000000 0.000000 0.000000 0.000000 0.000000 0.000000 0.000000 0.000000 0.000000 0.000000 0.000000 0.000000 0.000000 0.000000 0.000000 0.000000 0.000000 0.000000 0.000000 0.000000 0.000000 0.000000 0.000000 0.000000 0.000000 0.000000 0.000000 0.000000 0.000000 0.000000 0.000000 0.000000 0.000000 0.000000 0.000000 0.000000 0.000000 0.000000 0.000000 0.000000 0.000000 0.000000 0.000000 0.000000 0.000000 0.000000 0.000000 0.000000 0.000000 0.000000 0.000000 0.000000 0.000000 0.000000 0.000000 0.000000 0.000000 0.000000 0.000000 0.000000 0.000000 0.000000 0.000000 0.000000 0.000000 0.000000 0.000000 0.000000 0.000000 0.000000 0.000000 0.000000 0.000000 0.000000 0.000000 0.000000 0.000000 0.000000 0.000000 0.000000 0.000000 0.000000 0.000000 0.000000 0.000000 0.000000 0.000000 0.000000 0.000000 0.000000 0.000000 0.000000 0.000000 0.000000 0.000000 0.000000 0.000000 0.000000 0.000000 0.000000 0.000000 0.000000 0.000000 0.000000 0.000000 0.000000 0.000000 0.000000 0.000000 0.000000 0.000000 0.000000 0.000000 0.000000 0.000000 0.000000 0.000000 0.000000 0.000000 0.000000 0.000000 0.000000 0.000000 0.000000 0.000000 0.000000 0.000000 0.000000 0.000000 0.000000 0.000000 0.000000 0.000000 0.000000 0.000000 0.000000 0.000000 0.000000 0.000000 0.000000 0.000000 0.000000 0.000000 0.000000 0.000000 0.000000 0.000000 0.000000 0.000000 0.000000 0.000000 0.000000 0.000000 0.000000 0.000000 0.000000 0.000000 0.000000 0.000000 0.000000 0.000000 0.000000 0.000000 0.000000 0.000000 0.000000 0.000000 0.000000 0.000000 0.000000 0.000000 0.000000 0.000000 0.000000 0.000000 0.000000 0.000000 0.000000 0.000000 0.000000 0.000000 0.000000 0.000000 0.000000 0.000000 0.000000 0.000000 0.000000 0.000000 0.000000 0.000000 0.000000 0.000000 0.000000 0.000000 0.000000 0.000000 0.000000 0.000000 0.000000 0.000000 0.000000 0.000000 0.000000 0.000000 0.000000 0.000000 0.000000 0.000000 0.000000 0.000000 0.000000 0.000000 0.000000 0.000000 0.000000 0.000000 0.000000 0.000000 0.000000 0.000000 0.000000 0.000000 0.000000 0.000000 0.000000 0.000000 0.000000 0.000000 0.000000 0.000000 0.000000 0.000000 0.000000 0.000000 0.000000 0.000000 0.000000 0.000000 0.000000 0.000000 0.000000 0.000000 0.000000 0.000000 0.000000 0.000000 0.000000 0.000000 0.000000 0.000000 0.000000 0.000000 0.000000 0.000000 0.000000 0.000000 0.000000 0.000000 0.000000 0.000000 0.000000 0.000000 0.000000 0.000000 0.000000 0.000000 0.000000 0.000000 0.000000 0.000000 0.000000 0.000000 0.000000 0.000000 0.000000 0.000000 0.000000 0.000000 0.000000 0.000000 0.000000 0.000000 0.000000 0.000000 0.000000 0.000000 0.000000 0.000000 0.000000 0.000000 0.000000 0.000000 0.000000 0.000000 0.000000 0.000000 0.000000 0.000000 0.000000 0.000000 0.000000 0.000000 0.000000 0.000000 0.000000 0.000000 0.000000 0.000000 0.000000 0.000000 0.000000 0.000000 0.000000 0.000000 0.000000 0.000000 0.000000 0.000000 0.000000 0.000000 0.000000 0.000000 0.000000 0.000000 0.000000 0.000000 0.000000 0.000000 0.000000 0.000000 0.000000 0.000000 0.000000 0.000000 0.000000 0.000000 0.000000 0.000000 0.000000 0.000000 0.000000 0.000000 0.000000 0.000000 0.000000 0.000000 0.000000 0.000000 0.000000 0.000000 0.000000 0.000000 0.000000 0.000000 0.000000 0.000000 0.000000 0.000000 0.000000 0.000000 0.000000 0.000000 0.000000 0.000000 0.000000 0.000000 0.000000 0.000000 0.000000 0.000000 0.000000 0.000000 0.000000 0.000000 0.000000 0.000000 0.000000 0.000000 0.000000 0.000000 0.000000 0.000000 0.000000 0.000000 0.000000 0.000000 0.000000 0.000000 0.000000 0.000000 0.000000 0.000000 0.000000 0.000000 0.000000 0.000000 0.000000 0.000000 0.000000 0.000000 0.000000 0.000000 0.000000 0.000000 0.000000 0.000000 0.000000 0.000000 0.000000 0.000000 0.000000 0.000000 0.000000 0.000000 0.000000 0.000000 0.000000 0.000000 0.000000 0.000000 0.000000 0.000000 0.000000 0.000000 0.000000 0.000000 0.000000 0.000000 0.000000 0.000000 0.000000 0.000000 0.000000 0.000000 0.000000 0.000000 0.000000 0.000000 0.000000 0.000000 0.000000 0.000000 0.000000 0.000000 0.000000 0.000000 0.000000 0.000000 0.000000 0.000000 0.000000 0.000000 0.000000 0.000000 0.000000 0.000000 0.000000 0.000000 0.000000 0.000000 0.000000 0.000000 0.000000 0.000000 0.000000 0.000000 0.000000 0.000000 0.000000 0.000000 0.000000 0.000000 0.000000 0.000000 0.000000 0.000000 0.000000 0.000000 0.000000 0.000000 0.000000 0.000000 0.000000 0.000000 0.000000 0.000000 0.000000 0.000000 0.000000 0.000000 0.000000 0.000000 0.000000 0.000000 0.000000 0.000000 0.000000 0.000000 0.000000 0.000000 0.000000 0.000000 0.000000 0.000000 0.000000 0.000000 0.000000 0.000000 0.000000 0.000000 0.000000 0.000000 0.000000 0.000000 0.000000 0.000000 0.000000 0.000000 0.000000 0.000000 0.000000 0.000000 0.000000 0.000000 0.000000 0.000000 0.000000 0.000000 0.000000 0.000000 0.000000 0.000000 0.000000 0.000000 0.000000 0.000000 0.000000 0.000000 0.000000 0.000000 0.000000 0.000000 0.000000 0.000000 0.000000 0.000000 0.000000 0.000000 0.000000 0.000000 0.000000 0.000000 0.000000 0.000000 0.000000 0.000000 0.000000 0.000000 0.000000 0.000000 0.000000 0.000000 0.000000 0.000000 0.000000 0.000000 0.000000 0.000000 0.000000 0.000000 0.000000 0.000000 0.000000 0.000000 0.000000 0.000000 0.000000 0.000000 0.000000 0.000000 0.000000 0.000000 0.000000 0.000000 0.000000 0.000000 0.000000 0.000000 0.000000 0.000000 0.000000 0.000000 0.000000 0.000000 0.000000 0.000000 0.000000 0.000000 0.000000 0.000000 0.000000 0.000000 0.000000 0.000000 0.000000 0.000000 0.000000 0.000000 0.000000 0.000000 0.000000 0.000000 0.000000 0.000000 0.000000 0.000000 0.000000 0.000000 0.000000 0.000000 0.000000 0.000000 0.000000 0.000000 0.000000 0.000000 0.000000 0.000000 0.000000 0.000000 0.000000 0.000000 0.000000 0.000000 0.000000 0.000000 0.000000 0.000000 0.000000 0.000000 0.000000 0.000000 0.000000 0.000000 0.000000 0.000000 0.000000 0.000000 0.000000 0.000000 0.000000 0.000000 0.000000 0.000000 0.000000 0.000000 0.000000 0.000000 0.000000 0.000000 0.000000 0.000000 0.000000 0.000000 0.000000 0.000000 0.000000 0.000000 0.000000 0.000000 0.000000 0.000000 0.000000 0.000000 0.000000 0.000000 0.000000 0.000000 0.000000 0.000000 0.000000 0.000000 0.000000 0.000000 0.000000 0.000000 0.000000 0.000000 0.000000 0.000000 0.000000 0.000000 0.000000 0.000000 0.000000 0.000000 0.000000 0.000000 0.000000 0.000000 0.000000 0.000000 0.000000 0.000000 0.000000 0.000000 0.000000 0.000000 0.000000 0.000000 0.000000 0.000000 0.000000 0.000000 0.000000 0.000000 0.000000 0.000000 0.000000 0.000000 0.000000 0.000000 0.000000 0.000000 0.000000 0.000000 0.000000 0.000000 0.000000 0.000000 0.000000 0.000000 0.000000 0.000000 0.000000 0.000000 0.000000 0.000000 0.000000 0.000000 0.000000 0.000000 0.000000 0.000000 0.000000 0.000000 0.000000 0.000000 0.000000 0.000000 0.000000 0.000000 0.000000 0.000000 0.000000 0.000000 0.000000 0.000000 0.000000 0.000000 0.000000 0.000000 0.000000 0.000000 0.000000 0.000000 0.000000 0.000000 0.000000 0.000000 0.000000 0.000000 0.000000 0.000000 0.000000 0.000000 0.000000 0.000000 0.000000 0.000000 0.000000 0.000000 0.000000 0.000000 0.000000 0.000000 0.000000 0.000000 0.000000 0.000000 0.000000 0.000000 0.000000 0.000000 0.000000 0.000000 0.000000 0.000000 0.000000 0.000000 0.000000 0.000000 0.000000 0.000000 0.000000 0.000000 0.000000 0.000000 0.000000 0.000000 0.000000 0.000000 0.000000 0.000000 0.000000 0.000000 0.000000 0.000000 0.000000 0.000000 0.000000 0.000000 0.000000 0.000000 0.000000 0.000000 0.000000 0.000000 0.000000 0.000000 0.000000 0.000000 0.000000 0.000000 0.000000 0.000000 0.000000 0.000000 0.000000 0.000000 0.000000 0.000000 0.000000 0.000000 0.000000 0.000000 0.000000 0.000000 0.000000 0.000000 0.000000 0.000000 0.000000 0.000000 0.000000 0.000000 0.000000 0.000000 0.000000 0.000000 0.000000 0.000000 0.000000 0.000000 0.000000 0.000000 0.000000 0.000000 0.000000 0.000000 0.000000 0.000000 0.000000 0.000000 0.000000 0.000000 0.000000 0.000000 0.000000 0.000000 0.000000 0.000000 0.000000 0.000000 0.000000 0.000000 0.000000 0.000000 0.000000 0.000000 0.000000 0.000000 0.000000 0.000000 0.000000 0.000000 0.000000 0.000000 0.000000 0.000000 0.000000 0.000000 0.000000 0.000000 0.000000 0.000000 0.000000 0.000000 0.000000 0.000000 0.000000 0.000000 0.000000 0.000000 0.000000 0.000000 0.000000 0.000000 0.000000 0.000000 0.000000 0.000000 0.000000 0.000000 0.000000 0.000000 0.000000 0.000000 0.000000 0.000000 0.000000 0.000000 0.000000 0.000000 0.000000 0.000000 0.000000 0.000000 0.000000 0.000000 0.000000 0.000000 0.000000 0.000000 0.000000 0.000000 0.000000 0.000000 0.000000 0.000000 0.000000 0.000000 0.000000 0.000000 0.000000 0.000000 0.000000 0.000000 0.000000 0.000000 0.000000 0.000000 0.000000 0.000000 0.000000 0.000000 0.000000 0.000000 0.000000 0.000000 0.000000 0.000000 0.000000 0.000000 0.000000 0.000000 0.000000 0.000000 0.000000 0.000000 0.000000 0.000000 0.000000 0.000000 0.000000 0.000000 0.000000 0.000000 0.000000 0.000000 0.000000 0.000000 0.000000 0.000000 0.000000 0.000000 0.000000 0.000000 0.000000 0.000000 0.000000 0.000000 0.000000 0.000000 0.000000 0.000000 0.000000 0.000000 0.000000 0.000000 0.000000 0.000000 0.000000 0.000000 0.000000 0.000000 0.000000 0.000000 0.000000 0.000000 0.000000 0.000000 0.000000 0.000000 0.000000 0.000000 0.000000 0.000000 0.000000 0.000000 0.000000 0.000000 0.000000 0.000000 0.000000 0.000000 0.000000 0.000000 0.000000 0.000000 0.000000 0.000000 0.000000 0.000000 0.000000 0.000000 0.000000 0.000000 0.000000 0.000000 0.000000 0.000000 0.000000 0.000000 0.000000 0.000000 0.000000 0.000000 0.000000 0.000000 0.000000 0.000000 0.000000 0.000000 0.000000 0.000000 0.000000 0.000000 0.000000 0.000000 0.000000 0.000000 0.000000 0.000000 0.000000 0.000000 0.000000 0.000000 0.000000 0.000000 0.000000 0.000000 0.000000 0.000000 0.000000 0.000000 0.000000 0.000000 0.000000 0.000000 0.000000 0.000000 0.000000 0.000000 0.000000 0.000000 0.000000 0.000000 0.000000 0.000000 0.000000 0.000000 0.000000 0.000000 0.000000 0.000000 0.000000 0.000000 0.000000 0.000000 0.000000 0.000000 0.000000 0.000000 0.000000 0.000000 0.000000 0.000000 0.000000 0.000000 0.000000 0.000000 0.000000 0.000000 0.000000 0.000000 0.000000 0.000000 0.000000 0.000000 0.000000 0.000000 0.000000 0.000000 0.000000 0.000000 0.000000 0.000000 0.000000 0.000000 0.000000 0.000000 0.000000 0.000000 0.000000 0.000000 0.000000 0.000000 0.000000 0.000000 0.000000 0.000000 0.000000 0.000000 0.000000 0.000000 0.000000 0.000000 0.000000 0.000000 0.000000 0.000000 0.000000 0.000000 0.000000 0.000000 0.000000 0.000000 0.000000 0.000000 0.000000 0.000000 0.000000 0.000000 0.000000 0.000000 0.000000 0.000000 0.000000 0.000000 0.000000 0.000000 0.000000 0.000000 0.000000 0.000000 0.000000 0.000000 0.000000 0.000000 0.000000 0.000000 0.000000 0.000000 0.000000 0.000000 0.000000 0.000000 0.000000 0.000000 0.000000 0.000000 0.000000 0.000000 0.000000 0.000000 0.000000 0.000000 0.000000 0.000000 0.000000 0.000000 0.000000 0.000000 0.000000 0.000000 0.000000 0.000000 0.000000 0.000000 0.000000 0.000000 0.000000 0.000000 0.000000 0.000000 0.000000 0.000000 0.000000 0.000000 0.000000 0.000000 0.000000 0.000000 0.000000 0.000000 0.000000 0.000000 0.000000 0.000000 0.000000 0.000000 0.000000 0.000000 0.000000 0.000000 0.000000 0.000000 0.000000 0.000000 0.000000 0.000000 0.000000 0.000000 0.000000 0.000000 0.000000 0.000000 0.000000 0.000000 0.000000 0.000000 0.000000 0.000000 0.000000 0.000000 0.000000 0.000000 0.000000 0.000000 0.000000 0.000000 0.000000 0.000000 0.000000 0.000000 0.000000 0.000000 0.000000 0.000000 0.000000 0.000000 0.000000 0.000000 0.000000 0.000000 0.000000 0.000000 0.000000 0.000000 0.000000 0.000000 0.000000 0.000000 0.000000 0.000000 0.000000 0.000000 0.000000 0.000000 0.000000 0.000000 0.000000 0.000000 0.000000 0.000000 0.000000 0.000000 0.000000 0.000000 0.000000 0.000000 0.000000 0.000000 0.000000 0.000000 0.000000 0.000000 0.000000 0.000000 0.000000 0.000000 0.000000 0.000000 0.000000 0.000000 0.000000 0.000000 0.000000 0.000000 0.000000 0.000000 0.000000 0.000000 0.000000 0.000000 0.000000 0.000000 0.000000 0.000000 0.000000 0.000000 0.000000 0.000000 0.000000 0.000000 0.000000 0.000000 0.000000 0.000000 0.000000 0.000000 0.000000 0.000000 0.000000 0.000000 0.000000 0.000000 0.000000 0.000000 0.000000 0.000000 0.000000 0.000000 0.000000 0.000000 0.000000 0.000000 0.000000 0.000000 0.000000 0.000000 0.000000 0.000000 0.000000 0.000000 0.000000 0.000000 0.000000 0.000000 0.000000 0.000000 0.000000 0.000000 0.000000 0.000000 0.000000 0.000000 0.000000 0.000000 0.000000 0.000000 0.000000 0.000000 0.000000 0.000000 0.000000 0.000000 0.000000 0.000000 0.000000 0.000000 0.000000 0.000000 0.000000 0.000000 0.000000 0.000000 0.000000 0.000000 0.000000 0.000000 0.000000 0.000000 0.000000 0.000000 0.000000 0.000000 0.000000 0.000000 0.000000 0.000000 0.000000 0.000000 0.000000 0.000000 0.000000 0.000000 0.000000 0.000000 0.000000 0.000000 0.000000 0.000000 0.000000 0.000000 0.000000 0.000000 0.000000 0.000000 0.000000 0.000000 0.000000 0.000000 0.000000 0.000000 0.000000 0.000000 0.000000 0.000000 0.000000 0.000000 0.000000 0.000000 0.000000 0.000000 0.000000 0.000000 0.000000 0.000000 0.000000 0.000000 0.000000 0.000000 0.000000 0.000000 0.000000 0.000000 0.000000 0.000000 0.000000 0.000000 0.000000 0.000000 0.000000 0.000000 0.000000 0.000000 0.000000 0.000000 0.000000 0.000000 0.000000 0.000000 0.000000 0.000000 0.000000 0.000000 0.000000 0.000000 0.000000 0.000000 0.000000 0.000000 0.000000 0.000000 0.000000 0.000000 0.000000 0.000000 0.000000 0.000000 0.000000 0.000000 0.000000 0.000000 0.000000 0.000000 0.000000 0.000000 0.000000 0.000000 0.000000 0.000000 0.000000 0.000000 0.000000 0.000000 0.000000 0.000000 0.000000 0.000000 0.000000 0.000000 0.000000 0.000000 0.000000 0.000000 0.000000 0.000000 0.000000 0.000000 0.000000 0.000000 0.000000 0.000000 0.000000 0.000000 0.000000 0.000000 0.000000 0.000000 0.000000 0.000000 0.000000 0.000000 0.000000 0.000000 0.000000 0.000000 0.000000 0.000000 0.000000 0.000000 0.000000 0.000000 0.000000 0.000000 0.000000 0.000000 0.000000 0.000000 0.000000 0.000000 0.000000 0.000000 0.000000 0.000000 0.000000 0.000000 0.000000 0.000000 0.000000 0.000000 0.000000 0.000000 0.000000 0.000000 0.000000 0.000000 0.000000 0.000000 0.000000 0.000000 0.000000 0.000000 0.000000 0.000000 0.000000 0.000000 0.000000 0.000000 0.000000 0.000000 0.000000 0.000000 0.000000 0.000000 0.000000 0.000000 0.000000 0.000000 0.000000 0.000000 0.000000 0.000000 0.000000 0.000000 0.000000 0.000000 0.000000 0.000000 0.000000 0.000000 0.000000 0.000000 0.000000 0.000000 0.000000 0.000000 0.000000 0.000000 0.000000 0.000000 0.000000 0.000000 0.000000 0.000000 0.000000 0.000000 0.000000 0.000000 0.000000 0.000000 0.000000 0.000000 0.000000 0.000000 0.000000 0.000000 0.000000 0.000000 0.000000 0.000000 0.000000 0.000000 0.000000 0.000000 0.000000 0.000000 0.000000 0.000000 0.000000 0.000000 0.000000 0.000000 0.000000 0.000000 0.000000 0.000000 0.000000 0.000000 0.000000 0.000000 0.000000 0.000000 0.000000 0.000000 0.000000 0.000000 0.000000 0.000000 0.000000 0.000000 0.000000 0.000000 0.000000 0.000000 0.000000 0.000000 0.000000 0.000000 0.000000 0.000000 0.000000 0.000000 0.000000 0.000000 0.000000 0.000000 0.000000 0.000000 0.000000 0.000000 0.000000 0.000000 0.000000 0.000000 0.000000 0.000000 0.000000 0.000000 0.000000 0.000000 0.000000 0.000000 0.000000 0.000000 0.000000 0.000000 0.000000 0.000000 0.000000 0.000000 0.000000 0.000000 0.000000 0.000000 0.000000 0.000000 0.000000 0.000000 0.000000 0.000000 0.000000 0.000000 0.000000 0.000000 0.000000 0.000000 0.000000 0.000000 0.000000 0.000000 0.000000 0.000000 0.000000 0.000000 0.000000 0.000000 0.000000 0.000000 0.000000 0.000000 0.000000 0.000000 0.000000 0.000000 0.000000 0.000000 0.000000 0.000000 0.000000 0.000000 0.000000 0.000000 0.000000 0.000000 0.000000 0.000000 0.000000 0.000000 0.000000 0.000000 0.000000 0.000000 0.000000 0.000000 0.000000 0.000000 0.000000 0.000000 0.000000 0.000000 0.000000 0.000000 0.000000 0.000000 0.000000 0.000000 0.000000 0.000000 0.000000 0.000000 0.000000 0.000000 0.000000 0.000000 0.000000 0.000000 0.000000 0.000000 0.000000 0.000000 0.000000 0.000000 0.000000 0.000000 0.000000 0.000000 0.000000 0.000000 0.000000 0.000000 0.000000 0.000000 0.000000 0.000000 0.000000 0.000000 0.000000 0.000000 0.000000 0.000000 0.000000 0.000000 0.000000 0.000000 0.000000 0.000000 0.000000 0.000000 0.000000 0.000000 0.000000 0.000000 0.000000 0.000000 0.000000 0.000000 0.000000 0.000000 0.000000 0.000000 0.000000 0.000000 0.000000 0.000000 0.000000 0.000000 0.000000 0.000000 0.000000 0.000000 0.000000 0.000000 0.000000 0.000000 0.000000 0.000000 0.000000 0.000000 0.000000 0.000000 0.000000 0.000000 0.000000 0.000000 0.000000 0.000000 0.000000 0.000000 0.000000 0.000000 0.000000 0.000000 0.000000 0.000000 0.000000 0.000000 0.000000 0.000000 0.000000 0.000000 0.000000 0.000000 0.000000 0.000000 0.000000 0.000000 0.000000 0.000000 0.000000 0.000000 0.000000 0.000000 0.000000 0.000000 0.000000 0.000000 0.000000 0.000000 0.000000 0.000000 0.000000 0.000000 0.000000 0.000000 0.000000 0.000000 0.000000 0.000000 0.000000 0.000000 0.000000 0.000000 0.000000 0.000000 0.000000 0.000000 0.000000 0.000000 0.000000 0.000000 0.000000 0.000000 0.000000 0.000000 0.000000 0.000000 0.000000 0.000000 0.000000 0.000000 0.000000 0.000000 0.000000 0.000000 0.000000 0.000000 0.000000 0.000000 0.000000 0.000000 0.000000 0.000000 0.000000 0.000000 0.000000 0.000000 0.000000 0.000000 0.000000 0.000000 0.000000 0.000000 0.000000 0.000000 0.000000 0.000000 0.000000 0.000000 0.000000 0.000000 0.000000 0.000000 0.000000 0.000000 0.000000 0.000000 0.000000 0.000000 0.000000 0.000000 0.000000 0.000000 0.000000 0.000000 0.000000 0.000000 0.000000 0.000000 0.000000 0.000000 0.000000 0.000000 0.000000 0.000000 0.000000 0.000000 0.000000 0.000000 0.000000 0.000000 0.000000 0.000000 0.000000 0.000000 0.000000 0.000000 0.000000 0.000000 0.000000 0.000000 0.000000 0.000000 0.000000 0.000000 0.000000 0.000000 0.000000 0.000000 0.000000 0.000000 0.000000 0.000000 0.000000 0.000000 0.000000 0.000000 0.000000 0.000000 0.000000 0.000000 0.000000 0.000000 0.000000 0.000000 0.000000 0.000000 0.000000 0.000000 0.000000 0.000000 0.000000 0.000000 0.000000 0.000000 0.000000 0.000000 0.000000 0.000000 0.000000 0.000000 0.000000 0.000000 0.000000 0.000000 0.000000 0.000000 0.000000 0.000000 0.000000 0.000000 0.000000 0.000000 0.000000 0.000000 0.000000 0.000000 0.000000 0.000000 0.000000 0.000000 0.000000 0.000000 0.000000 0.000000 0.000000 0.000000 0.000000 0.000000 0.000000 0.000000 0.000000 0.000000 0.000000 0.000000 0.000000 0.000000 0.000000 0.000000 0.000000 0.000000 0.000000 0.000000 0.000000 0.000000 0.000000 0.000000 0.000000 0.000000 0.000000 0.000000 0.000000 0.000000 0.000000 0.000000 0.000000 0.000000 0.000000 0.000000 0.000000 0.000000 0.000000 0.000000 0.000000 0.000000 0.000000 0.000000 0.000000 0.000000 0.000000 0.000000 0.000000 0.000000 0.000000 0.000000 0.000000 0.000000 0.000000 0.000000 0.000000 0.000000 0.000000 0.000000 0.000000 0.000000 0.000000 0.000000 0.000000 0.000000 0.000000 0.000000 0.000000 0.000000 0.000000 0.000000 0.000000 0.000000 0.000000 0.000000 0.000000 0.000000 0.000000 0.000000 0.000000 0.000000 0.000000 0.000000 0.000000 0.000000 0.000000 0.000000 0.000000 0.000000 0.000000 0.000000 0.000000 0.000000 0.000000 0.000000 0.000000 0.000000 0.000000 0.000000 0.000000 0.000000 0.000000 0.000000 0.000000 0.000000 0.000000 0.000000 0.000000 0.000000 0.000000 0.000000 0.000000 0.000000 0.000000 0.000000 0.000000 0.000000 0.000000 0.000000 0.000000 0.000000 0.000000 0.000000 0.000000 0.000000 0.000000 0.000000 0.000000 0.000000 0.000000 0.000000 0.000000 0.000000 0.000000 0.000000 0.000000 0.000000 0.000000 0.000000 0.000000 0.000000 0.000000 0.000000 0.000000 0.000000 0.000000 0.000000 0.000000 0.000000 0.000000 0.000000 0.000000 0.000000 0.000000 0.000000 0.000000 0.000000 0.000000 0.000000 0.000000 0.000000 0.000000 0.000000 0.000000 0.000000 0.000000 0.000000 0.000000 0.000000 0.000000 0.000000 0.000000 0.000000 0.000000 0.000000 0.000000 0.000000 0.000000 0.000000 0.000000 0.000000 0.000000 0.000000 0.000000 0.000000 0.000000 0.000000 0.000000 0.000000 0.000000 0.000000 0.000000 0.000000 0.000000 0.000000 0.000000 0.000000 0.000000 0.000000 0.000000 0.000000 0.000000 0.000000 0.000000 0.000000 0.000000 0.000000 0.000000 0.000000 0.000000 0.000000 0.000000 0.000000 0.000000 0.000000 0.000000 0.000000 0.000000 0.000000 0.000000 0.000000 0.000000 0.000000 0.000000 0.000000 0.000000 0.000000 0.000000 0.000000 0.000000 0.000000 0.000000 0.000000 0.000000 0.000000 0.000000 0.000000 0.000000 0.000000 0.000000 0.000000 0.000000 0.000000 0.000000 0.000000 0.000000 0.000000 0.000000 0.000000 0.000000 0.000000 0.000000 0.000000 0.000000 0.000000 0.000000 0.000000 0.000000 0.000000 0.000000 0.000000 0.000000 0.000000 0.000000 0.000000 0.000000 0.000000 0.000000 0.000000 0.000000 0.000000 0.000000 0.000000 0.000000 0.000000 0.000000 0.000000 0.000000 0.000000 0.000000 0.000000 0.000000 0.000000 0.000000 0.000000 0.000000 0.000000 0.000000 0.000000 0.000000 0.000000 0.000000 0.000000 0.000000 0.000000 0.000000 0.000000 0.000000 0.000000 0.000000 0.000000 0.000000 0.000000 0.000000 0.000000 0.000000 0.000000 0.000000 0.000000 0.000000 0.000000 0.000000 0.000000 0.000000 0.000000 0.000000 0.000000 0.000000 0.000000 0.000000 0.000000 0.000000 0.000000 0.000000 0.000000 0.000000 0.000000 0.000000 0.000000 0.000000 0.000000 0.000000 0.000000 0.000000 0.000000 0.000000 0.000000 0.000000 0.000000 0.000000 0.000000 0.000000 0.000000 0.000000 0.000000 0.000000 0.000000 0.000000 0.000000 0.000000 0.000000 0.000000 0.000000 0.000000 0.000000 0.000000 0.000000 0.000000 0.000000 0.000000 0.000000 0.000000 0.000000 0.000000 0.000000 0.000000 0.000000 0.000000 0.000000 0.000000 0.000000 0.000000 0.000000 0.000000 0.000000 0.000000 0.000000 0.000000 0.000000 0.000000 0.000000 0.000000 0.000000 0.000000 0.000000 0.000000 0.000000 0.000000 0.000000 0.000000 0.000000 0.000000 0.000000 0.000000 0.000000 0.000000 0.000000 0.000000 0.000000 0.000000 0.000000 0.000000 0.000000 0.000000 0.000000 0.000000 0.000000 0.000000 0.000000 0.000000 0.000000 0.000000 0.000000 0.000000 0.000000 0.000000 0.000000 0.000000 0.000000 0.000000 0.000000 0.000000 0.000000 0.000000 0.000000 0.000000 0.000000 0.000000 0.000000 0.000000 0.000000 0.000000 0.000000 0.000000 0.000000 0.000000 0.000000 0.000000 0.000000 0.000000 0.000000 0.000000 0.000000 0.000000 0.000000 0.000000 0.000000 0.000000 0.000000 0.000000 0.000000 0.000000 0.000000 0.000000 0.000000 0.000000 0.000000 0.000000 0.000000 0.000000 0.000000 0.000000 0.000000 0.000000 0.000000 0.000000 0.000000 0.000000 0.000000 0.000000 0.000000 0.000000 0.000000 0.000000 0.000000 0.000000 0.000000 0.000000 0.000000 0.000000 0.000000 0.000000 0.000000 0.000000 0.000000 0.000000 0.000000 0.000000 0.000000 0.000000 0.000000 0.000000 0.000000 0.000000 0.000000 0.000000 0.000000 0.000000 0.000000 0.000000 0.000000 0.000000 0.000000 0.000000 0.000000 0.000000 0.000000 0.000000 0.000000 0.000000 0.000000 0.000000 0.000000 0.000000 0.000000 0.000000 0.000000 0.000000 0.000000 0.000000 0.000000 0.000000 0.000000 0.000000 0.000000 0.000000 0.000000 0.000000 0.000000 0.000000 0.000000 0.000000 0.000000 0.000000 0.000000 0.000000 0.000000 0.000000 0.000000 0.000000 0.000000 0.000000 0.000000 0.000000 0.000000 0.000000 0.000000 0.000000 0.000000 0.000000 0.000000 0.000000 0.000000 0.000000 0.000000 0.000000 0.000000 0.000000 0.000000 0.000000 0.000000 0.000000 0.000000 0.000000 0.000000 0.000000 0.000000 0.000000 0.000000 0.000000 0.000000 0.000000 0.000000 0.000000 0.000000 0.000000 0.000000 0.000000 0.000000 0.000000 0.000000 0.000000 0.000000 0.000000 0.000000 0.000000 0.000000 0.000000 0.000000 0.000000 0.000000 0.000000 0.000000 0.000000 0.000000 0.000000 0.000000 0.000000 0.000000 0.000000 0.000000 0.000000 0.000000 0.000000 0.000000 0.000000 0.000000 0.000000 0.000000 0.000000 0.000000 0.000000 0.000000 0.000000 0.000000 0.000000 0.000000 0.000000 0.000000 0.000000 0.000000 0.000000 0.000000 0.000000 0.000000 0.000000 0.000000 0.000000 0.000000 0.000000 0.000000 0.000000 0.000000 0.000000 0.000000 0.000000 0.000000 0.000000 0.000000 0.000000 0.000000 0.000000 0.000000 0.000000 0.000000 0.000000 0.000000 0.000000 0.000000 0.000000 0.000000 0.000000 0.000000 0.000000 0.000000 0.000000 0.000000 0.000000 0.000000 0.000000 0.000000 0.000000 0.000000 0.000000 0.000000 0.000000 0.000000 0.000000 0.000000 0.000000 0.000000 0.000000 0.000000 0.000000 0.000000 0.000000 0.000000 0.000000 0.000000 0.000000 0.000000 0.000000 0.000000 0.000000 0.000000 0.000000 0.000000 0.000000 0.000000 0.000000 0.000000 0.000000 0.000000 0.000000 0.000000 0.000000 0.000000 0.000000 0.000000 0.000000 0.000000 0.000000 0.000000 0.000000 0.000000 0.000000 0.000000 0.000000 0.000000 0.000000 0.000000 0.000000 0.000000 0.000000 0.000000 0.000000 0.000000 0.000000 0.000000 0.000000 0.000000 0.000000 0.000000 0.000000 0.000000 0.000000 0.000000 0.000000 0.000000 0.000000 0.000000 0.000000 0.000000 0.000000 0.000000 0.000000 0.000000 0.000000 0.000000 0.000000 0.000000 0.000000 0.000000 0.000000 0.000000 0.000000 0.000000 0.000000 0.000000 0.000000 0.000000 0.000000 0.000000 0.000000 0.000000 0.000000 0.000000 0.000000 0.000000 0.000000 0.000000 0.000000 0.000000 0.000000 0.000000 0.000000 0.000000 0.000000 0.000000 0.000000 0.000000 0.000000 0.000000 0.000000 0.000000 0.000000 0.000000 0.000000 0.000000 0.000000 0.000000 0.000000 0.000000 0.000000 0.000000 0.000000 0.000000 0.000000 0.000000 0.000000 0.000000 0.000000 0.000000 0.000000 0.000000 0.000000 0.000000 0.000000 0.000000 0.000000 0.000000 0.000000 0.000000 0.000000 0.000000 0.000000 0.000000 0.000000 0.000000 0.000000 0.000000 0.000000 0.000000 0.000000 0.000000 0.000000 0.000000 0.000000 0.000000 0.000000 0.000000 0.000000 0.000000 0.000000 0.000000 0.000000 0.000000 0.000000 0.000000 0.000000 0.000000 0.000000 0.000000 0.000000 0.000000 0.000000 0.000000 0.000000 0.000000 0.000000 0.000000 0.000000 0.000000 0.000000 0.000000 0.000000 0.000000 0.000000 0.000000 0.000000 0.000000 0.000000 0.000000 0.000000 0.000000 0.000000 0.000000 0.000000 0.000000 0.000000 0.000000 0.000000 0.000000 0.000000 0.000000 0.000000 0.000000 0.000000 0.000000 0.000000 0.000000 0.000000 0.000000 0.000000 0.000000 0.000000 0.000000 0.000000 0.000000 0.000000 0.000000 0.000000 0.000000 0.000000 0.000000 0.000000 0.000000 0.000000 0.000000 0.000000 0.000000 0.000000 0.000000 0.000000 0.000000 0.000000 0.000000 0.000000 0.000000 0.000000 0.000000 0.000000 0.000000 0.000000 0.000000 0.000000 0.000000 0.000000 0.000000 0.000000 0.000000 0.000000 0.000000 0.000000 0.000000 0.000000 0.000000 0.000000 0.000000 0.000000 0.000000 0.000000 0.000000 0.000000 0.000000 0.000000 0.000000 0.000000 0.000000 0.000000 0.000000 0.000000 0.000000 0.000000 0.000000 0.000000 0.000000 0.000000 0.000000 0.000000 0.000000 0.000000 0.000000 0.000000 0.000000 0.000000 0.000000 0.000000 0.000000 0.000000 0.000000 0.000000 0.000000 0.000000 0.000000 0.000000 0.000000 0.000000 0.000000 0.000000 0.000000 0.000000 0.000000 0.000000 0.000000 0.000000 0.000000 0.000000 0.000000 0.000000 0.000000 0.000000 0.000000 0.000000 0.000000 0.000000 0.000000 0.000000 0.000000 0.000000 0.000000 0.000000 0.000000 0.000000 0.000000 0.000000 0.000000 0.000000 0.000000 0.000000 0.000000 0.000000 0.000000 0.000000 0.000000 0.000000 0.000000 0.000000 0.000000 0.000000 0.000000 0.000000 0.000000 0.000000 0.000000 0.000000 0.000000 0.000000 0.000000 0.000000 0.000000 0.000000 0.000000 0.000000 0.000000 0.000000 0.000000 0.000000 0.000000 0.000000 0.000000 0.000000 0.000000 0.000000 0.000000 0.000000 0.000000 0.000000 0.000000 0.000000 0.000000 0.000000 0.000000 0.000000 0.000000 0.000000 0.000000 0.000000 0.000000 0.000000 0.000000 0.000000 0.000000 0.000000 0.000000 0.000000 0.000000 0.000000 0.000000 0.000000 0.000000 0.000000 0.000000 0.000000 0.000000 0.000000 0.000000 0.000000 0.000000 0.000000 0.000000 0.000000 0.000000 0.000000 0.000000 0.000000 0.000000 0.000000 0.000000 0.000000 0.000000 0.000000 0.000000 0.000000 0.000000 0.000000 0.000000 0.000000 0.000000 0.000000 0.000000 0.000000 0.000000 0.000000 0.000000 0.000000 0.000000 0.000000 0.000000 0.000000 0.000000 0.000000 0.000000 0.000000 0.000000 0.000000 0.000000 0.000000 0.000000 0.000000 0.000000 0.000000 0.000000 0.000000 0.000000 0.000000 0.000000 0.000000 0.000000 0.000000 0.000000 0.000000 0.000000 0.000000 0.000000 0.000000 0.000000 0.000000 0.000000 0.000000 0.000000 0.000000 0.000000 0.000000 0.000000 0.000000 0.000000 0.000000 0.000000 0.000000 0.000000 0.000000 0.000000 0.000000 0.000000 0.000000 0.000000 0.000000 0.000000 0.000000 0.000000 0.000000 0.000000 0.000000 0.000000 0.000000 0.000000 0.000000 0.000000 0.000000 0.000000 0.000000 0.000000 0.000000 0.000000 0.000000 0.000000 0.000000 0.000000 0.000000 0.000000 0.000000 0.000000 0.000000 0.000000 0.000000 0.000000 0.000000 0.000000 0.000000 0.000000 0.000000 0.000000 0.000000 0.000000 0.000000 0.000000 0.000000 0.000000 0.000000 0.000000 0.000000 0.000000 0.000000 0.000000 0.000000 0.000000 0.000000 0.000000 0.000000 0.000000 0.000000 0.000000 0.000000 0.000000 0.000000 0.000000 0.000000 0.000000 0.000000 0.000000 0.000000 0.000000 0.000000 0.000000 0.000000 0.000000 0.000000 0.000000 0.000000 0.000000 0.000000 0.000000 0.000000 0.000000 0.000000 0.000000 0.000000 0.000000 0.000000 0.000000 0.000000 0.000000 0.000000 0.000000 0.000000 0.000000 0.000000 0.000000 0.000000 0.000000 0.000000 0.000000 0.000000 0.000000 0.000000 0.000000 0.000000 0.000000 0.000000 0.000000 0.000000 0.000000 0.000000 0.000000 0.000000 0.000000 0.000000 0.000000 0.000000 0.000000 0.000000 0.000000 0.000000 0.000000 0.000000 0.000000 0.000000 0.000000 0.000000 0.000000 0.000000 0.000000 0.000000 0.000000 0.000000 0.000000 0.000000 0.000000 0.000000 0.000000 0.000000 0.000000 0.000000 0.000000 0.000000 0.000000 0.000000 0.000000 0.000000 0.000000 0.000000 0.000000 0.000000 0.000000 0.000000 0.000000 0.000000 0.000000 0.000000 0.000000 0.000000 0.000000 0.000000 0.000000 0.000000 0.000000 0.000000 0.000000 0.000000 0.000000 0.000000 0.000000 0.000000 0.000000 0.000000 0.000000 0.000000 0.000000 0.000000 0.000000 0.000000 0.000000 0.000000 0.000000 0.000000 0.000000 0.000000 0.000000 0.000000 0.000000 0.000000 0.000000 0.000000 0.000000 0.000000 0.000000 0.000000 0.000000 0.000000 0.000000 0.000000 0.000000 0.000000 0.000000 0.000000 0.000000 0.000000 0.000000 0.000000 0.000000 0.000000 0.000000 0.000000 0.000000 0.000000 0.000000 0.000000 0.000000 0.000000 0.000000 0.000000 0.000000 0.000000 0.000000 0.000000 0.000000 0.000000 0.000000 0.000000 0.000000 0.000000 0.000000 0.000000 0.000000 0.000000 0.000000 0.000000 0.000000 0.000000 0.000000 0.000000 0.000000 0.000000 0.000000 0.000000 0.000000 0.000000 0.000000 0.000000 0.000000 0.000000 0.000000 0.000000 0.000000 0.000000 0.000000 0.000000 0.000000 0.000000 0.000000 0.000000 0.000000 0.000000 0.000000 0.000000 0.000000 0.000000 0.000000 0.000000 0.000000 0.000000 0.000000 0.000000 0.000000 0.000000 0.000000 0.000000 0.000000 0.000000 0.000000 0.000000 0.000000 0.000000 0.000000 0.000000 0.000000 0.000000 0.000000 0.000000 0.000000 0.000000 0.000000 0.000000 0.000000 0.000000 0.000000 0.000000 0.000000 0.000000 0.000000 0.000000 0.000000 0.000000 0.000000 0.000000 0.000000 0.000000 0.000000 0.000000 0.000000 0.000000 0.000000 0.000000 0.000000 0.000000 0.000000 0.000000 0.000000 0.000000 0.000000 0.000000 0.000000 0.000000 0.000000 0.000000 0.000000 0.000000 0.000000 0.000000 0.000000 0.000000 0.000000 0.000000 0.000000 0.000000 0.000000 0.000000 0.000000 0.000000 0.000000 0.000000 0.000000 0.000000 0.000000 0.000000 0.000000 0.000000 0.000000 0.000000 0.000000 0.000000 0.000000 0.000000 0.000000 0.000000 0.000000 0.000000 0.000000 0.000000 0.000000 0.000000 0.000000 0.000000 0.000000 0.000000 0.000000 0.000000 0.000000 0.000000 0.000000 0.000000 0.000000 0.000000 0.000000 0.000000 0.000000 0.000000 0.000000 0.000000 0.000000 0.000000 0.000000 0.000000 0.000000 0.000000 0.000000 0.000000 0.000000 0.000000 0.000000 0.000000 0.000000 0.000000 0.000000 0.000000 0.000000 0.000000 0.000000 0.000000 0.000000 0.000000 0.000000 0.000000 0.000000 0.000000 0.000000 0.000000 0.000000 0.000000 0.000000 0.000000 0.000000 0.000000 0.000000 0.000000 0.000000 0.000000 0.000000 0.000000 0.000000 0.000000 0.000000 0.000000 0.000000 0.000000 0.000000 0.000000 0.000000 0.000000 0.000000 0.000000 0.000000 0.000000 0.000000 0.000000 0.000000 0.000000 0.000000 0.000000 0.000000 0.000000 0.000000 0.000000 0.000000 0.000000 0.000000 0.000000 0.000000 0.000000 0.000000 0.000000 0.000000 0.000000 0.000000 0.000000 0.000000 0.000000 0.000000 0.000000 0.000000 0.000000 0.000000 0.000000 0.000000 0.000000 0.000000 0.000000 0.000000 0.000000 0.000000 0.000000 0.000000 0.000000 0.000000 0.000000 0.000000 0.000000 0.000000 0.000000 0.000000 0.000000 0.000000 0.000000 0.000000 0.000000 0.000000 0.000000 0.000000 0.000000 0.000000 0.000000 0.000000 0.000000 0.000000 0.000000 0.000000 0.000000 0.000000 0.000000 0.000000 0.000000 0.000000 0.000000 0.000000 0.000000 0.000000 0.000000 0.000000 0.000000 0.000000 0.000000 0.000000 0.000000 0.000000 0.000000 0.000000 0.000000 0.000000 0.000000 0.000000 0.000000 0.000000 0.000000 0.000000 0.000000 0.000000 0.000000 0.000000 0.000000 0.000000 0.000000 0.000000 0.000000 0.000000 0.000000 0.000000 0.000000 0.000000 0.000000 0.000000 0.000000 0.000000 0.000000 0.000000 0.000000 0.000000 0.000000 0.000000 0.000000 0.000000 0.000000 0.000000 0.000000 0.000000 0.000000 0.000000 0.000000 0.000000 0.000000 0.000000 0.000000 0.000000 0.000000 0.000000 0.000000 0.000000 0.000000 0.000000 0.000000 0.000000 0.000000 0.000000 0.000000 0.000000 0.000000 0.000000 0.000000 0.000000 0.000000 0.000000 0.000000 0.000000 0.000000 0.000000 0.000000 0.000000 0.000000 0.000000 0.000000 0.000000 0.000000 0.000000 0.000000 0.000000 0.000000 0.000000 0.000000 0.000000 0.000000 0.000000 0.000000 0.000000 0.000000 0.000000 0.000000 0.000000 0.000000 0.000000 0.000000 0.000000 0.000000 0.000000 0.000000 0.000000 0.000000 0.000000 0.000000 0.000000 0.000000 0.000000 0.000000 0.000000 0.000000 0.000000 0.000000 0.000000 0.000000 0.000000 0.000000 0.000000 0.000000 0.000000 0.000000 0.000000 0.000000 0.000000 0.000000 0.000000 0.000000 0.000000 0.000000 0.000000 0.000000 0.000000 0.000000 0.000000 0.000000 0.000000 0.000000 0.000000 0.000000 0.000000 0.000000 0.000000 0.000000 0.000000 0.000000 0.000000 0.000000 0.000000 0.000000 0.000000 0.000000 0.000000 0.000000 0.000000 0.000000 0.000000 0.000000 0.000000 0.000000 0.000000 0.000000 0.000000 0.000000 0.000000 0.000000 0.000000 0.000000 0.000000 0.000000 0.000000 0.000000 0.000000 0.000000 0.000000 0.000000 0.000000 0.000000 0.000000 0.000000 0.000000 0.000000 0.000000 0.000000 0.000000 0.000000 0.000000 0.000000 0.000000 0.000000 0.000000 0.000000 0.000000 0.000000 0.000000 0.000000 0.000000 0.000000 0.000000