# vtk DataFile Version 3.0
PINNeAPPle dataset — demo_cavity
ASCII
DATASET RECTILINEAR_GRID
DIMENSIONS 64 64 1
X_COORDINATES 64 float
0.000000 0.015873 0.031746 0.047619 0.063492 0.079365 0.095238 0.111111 0.126984 0.142857 0.158730 0.174603 0.190476 0.206349 0.222222 0.238095 0.253968 0.269841 0.285714 0.301587 0.317460 0.333333 0.349206 0.365079 0.380952 0.396825 0.412698 0.428571 0.444444 0.460317 0.476190 0.492063 0.507937 0.523810 0.539683 0.555556 0.571429 0.587302 0.603175 0.619048 0.634921 0.650794 0.666667 0.682540 0.698413 0.714286 0.730159 0.746032 0.761905 0.777778 0.793651 0.809524 0.825397 0.841270 0.857143 0.873016 0.888889 0.904762 0.920635 0.936508 0.952381 0.968254 0.984127 1.000000
Y_COORDINATES 64 float
0.000000 0.015873 0.031746 0.047619 0.063492 0.079365 0.095238 0.111111 0.126984 0.142857 0.158730 0.174603 0.190476 0.206349 0.222222 0.238095 0.253968 0.269841 0.285714 0.301587 0.317460 0.333333 0.349206 0.365079 0.380952 0.396825 0.412698 0.428571 0.444444 0.460317 0.476190 0.492063 0.507937 0.523810 0.539683 0.555556 0.571429 0.587302 0.603175 0.619048 0.634921 0.650794 0.666667 0.682540 0.698413 0.714286 0.730159 0.746032 0.761905 0.777778 0.793651 0.809524 0.825397 0.841270 0.857143 0.873016 0.888889 0.904762 0.920635 0.936508 0.952381 0.968254 0.984127 1.000000
Z_COORDINATES 1 float
0.0
POINT_DATA 4096
SCALARS u float 1
LOOKUP_TABLE default
-0.004641 -0.004997 -0.005323 -0.005579 -0.005742 -0.005816 -0.005815 -0.005755 -0.005646 -0.005498 -0.005328 -0.005161 -0.005013 -0.004884 -0.004753 -0.004586 -0.004352 -0.004033 -0.003622 -0.003117 -0.002523 -0.001851 -0.001129 -0.000400 0.000278 0.000853 0.001280 0.001538 0.001624 0.001556 0.001361 0.001074 0.000730 0.000360 -0.000014 -0.000381 -0.000735 -0.001065 -0.001344 -0.001548 -0.001669 -0.001742 -0.001838 -0.002035 -0.002375 -0.002847 -0.003387 -0.003914 -0.004354 -0.004652 -0.004782 -0.004745 -0.004575 -0.004328 -0.004069 -0.003847 -0.003685 -0.003584 -0.003541 -0.003555 -0.003635 -0.003786 -0.004010 -0.004301 -0.004050 -0.004459 -0.004866 -0.005215 -0.005471 -0.005625 -0.005684 -0.005664 -0.005577 -0.005436 -0.005262 -0.005076 -0.004894 -0.004715 -0.004521 -0.004292 -0.004011 -0.003674 -0.003279 -0.002820 -0.002291 -0.001687 -0.001018 -0.000311 0.000383 0.001006 0.001504 0.001840 0.001998 0.001987 0.001833 0.001572 0.001249 0.000900 0.000550 0.000206 -0.000137 -0.000481 -0.000811 -0.001099 -0.001325 -0.001498 -0.001668 -0.001905 -0.002261 -0.002740 -0.003297 -0.003862 -0.004361 -0.004735 -0.004947 -0.004985 -0.004866 -0.004631 -0.004334 -0.004026 -0.003745 -0.003508 -0.003328 -0.003214 -0.003183 -0.003249 -0.003419 -0.003691 -0.003609 -0.004031 -0.004477 -0.004889 -0.005221 -0.005455 -0.005587 -0.005626 -0.005577 -0.005453 -0.005273 -0.005060 -0.004831 -0.004591 -0.004333 -0.004051 -0.003743 -0.003411 -0.003053 -0.002657 -0.002204 -0.001678 -0.001074 -0.000407 0.000285 0.000947 0.001517 0.001944 0.002200 0.002278 0.002199 0.001999 0.001724 0.001416 0.001103 0.000788 0.000462 0.000112 -0.000254 -0.000613 -0.000937 -0.001215 -0.001471 -0.001760 -0.002133 -0.002610 -0.003165 -0.003741 -0.004271 -0.004694 -0.004968 -0.005072 -0.005012 -0.004815 -0.004524 -0.004188 -0.003844 -0.003524 -0.003249 -0.003041 -0.002922 -0.002912 -0.003024 -0.003261 -0.003352 -0.003754 -0.004198 -0.004633 -0.005014 -0.005314 -0.005516 -0.005614 -0.005604 -0.005494 -0.005305 -0.005064 -0.004795 -0.004511 -0.004219 -0.003924 -0.003632 -0.003344 -0.003049 -0.002728 -0.002352 -0.001898 -0.001356 -0.000731 -0.000053 0.000634 0.001269 0.001795 0.002167 0.002367 0.002401 0.002301 0.002110 0.001869 0.001605 0.001324 0.001015 0.000664 0.000272 -0.000142 -0.000546 -0.000920 -0.001265 -0.001611 -0.002006 -0.002477 -0.003017 -0.003583 -0.004116 -0.004557 -0.004863 -0.005010 -0.004996 -0.004839 -0.004577 -0.004251 -0.003900 -0.003557 -0.003248 -0.002998 -0.002833 -0.002775 -0.002842 -0.003038 -0.003288 -0.003642 -0.004049 -0.004469 -0.004865 -0.005202 -0.005452 -0.005590 -0.005605 -0.005501 -0.005304 -0.005049 -0.004767 -0.004481 -0.004204 -0.003946 -0.003711 -0.003493 -0.003275 -0.003027 -0.002718 -0.002322 -0.001829 -0.001243 -0.000582 0.000116 0.000801 0.001416 0.001909 0.002249 0.002429 0.002465 0.002390 0.002240 0.002039 0.001794 0.001498 0.001142 0.000730 0.000277 -0.000190 -0.000642 -0.001066 -0.001473 -0.001894 -0.002361 -0.002879 -0.003421 -0.003934 -0.004366 -0.004675 -0.004837 -0.004847 -0.004719 -0.004485 -0.004185 -0.003862 -0.003546 -0.003263 -0.003032 -0.002875 -0.002811 -0.002857 -0.003019 -0.003390 -0.003681 -0.004024 -0.004397 -0.004771 -0.005108 -0.005368 -0.005515 -0.005532 -0.005429 -0.005237 -0.004996 -0.004744 -0.004503 -0.004285 -0.004095 -0.003931 -0.003782 -0.003625 -0.003431 -0.003170 -0.002820 -0.002370 -0.001820 -0.001184 -0.000489 0.000226 0.000909 0.001511 0.001990 0.002325 0.002515 0.002577 0.002532 0.002399 0.002187 0.001898 0.001533 0.001101 0.000618 0.000109 -0.000402 -0.000892 -0.001353 -0.001803 -0.002270 -0.002767 -0.003276 -0.003756 -0.004158 -0.004447 -0.004603 -0.004619 -0.004507 -0.004293 -0.004021 -0.003736 -0.003474 -0.003256 -0.003095 -0.002997 -0.002971 -0.003026 -0.003168 -0.003607 -0.003830 -0.004095 -0.004396 -0.004712 -0.005008 -0.005236 -0.005359 -0.005363 -0.005263 -0.005097 -0.004907 -0.004722 -0.004557 -0.004415 -0.004291 -0.004178 -0.004063 -0.003930 -0.003759 -0.003527 -0.003216 -0.002812 -0.002308 -0.001710 -0.001036 -0.000315 0.000410 0.001093 0.001689 0.002164 0.002500 0.002694 0.002752 0.002684 0.002499 0.002211 0.001833 0.001382 0.000878 0.000340 -0.000209 -0.000746 -0.001253 -0.001732 -0.002203 -0.002680 -0.003153 -0.003591 -0.003951 -0.004206 -0.004343 -0.004358 -0.004259 -0.004066 -0.003818 -0.003567 -0.003359 -0.003221 -0.003154 -0.003148 -0.003194 -0.003287 -0.003425 -0.003872 -0.004033 -0.004215 -0.004426 -0.004655 -0.004872 -0.005033 -0.005108 -0.005092 -0.005009 -0.004893 -0.004777 -0.004678 -0.004595 -0.004515 -0.004427 -0.004323 -0.004198 -0.004049 -0.003869 -0.003648 -0.003372 -0.003021 -0.002580 -0.002042 -0.001414 -0.000716 0.000018 0.000746 0.001421 0.002000 0.002451 0.002752 0.002895 0.002880 0.002720 0.002433 0.002045 0.001580 0.001062 0.000509 -0.000060 -0.000625 -0.001163 -0.001665 -0.002139 -0.002598 -0.003036 -0.003427 -0.003739 -0.003953 -0.004066 -0.004081 -0.004001 -0.003839 -0.003622 -0.003403 -0.003238 -0.003165 -0.003189 -0.003284 -0.003419 -0.003568 -0.003720 -0.004115 -0.004223 -0.004325 -0.004437 -0.004559 -0.004670 -0.004742 -0.004759 -0.004728 -0.004673 -0.004619 -0.004583 -0.004563 -0.004541 -0.004496 -0.004412 -0.004285 -0.004122 -0.003931 -0.003723 -0.003500 -0.003251 -0.002956 -0.002590 -0.002133 -0.001579 -0.000935 -0.000228 0.000502 0.001210 0.001847 0.002369 0.002742 0.002945 0.002974 0.002839 0.002561 0.002172 0.001704 0.001183 0.000630 0.000058 -0.000514 -0.001065 -0.001577 -0.002050 -0.002489 -0.002890 -0.003233 -0.003495 -0.003668 -0.003758 -0.003776 -0.003726 -0.003610 -0.003442 -0.003260 -0.003126 -0.003094 -0.003182 -0.003363 -0.003584 -0.003798 -0.003977 -0.004263 -0.004334 -0.004364 -0.004376 -0.004381 -0.004376 -0.004352 -0.004312 -0.004270 -0.004244 -0.004248 -0.004277 -0.004313 -0.004327 -0.004295 -0.004202 -0.004050 -0.003851 -0.003624 -0.003389 -0.003157 -0.002925 -0.002677 -0.002384 -0.002014 -0.001549 -0.000986 -0.000340 0.000354 0.001050 0.001698 0.002247 0.002657 0.002899 0.002963 0.002856 0.002600 0.002225 0.001768 0.001258 0.000718 0.000162 -0.000396 -0.000938 -0.001443 -0.001901 -0.002314 -0.002674 -0.002970 -0.003188 -0.003327 -0.003401 -0.003427 -0.003412 -0.003353 -0.003250 -0.003120 -0.003013 -0.002997 -0.003112 -0.003343 -0.003632 -0.003909 -0.004125 -0.004250 -0.004301 -0.004274 -0.004196 -0.004090 -0.003972 -0.003857 -0.003762 -0.003705 -0.003699 -0.003738 -0.003806 -0.003872 -0.003907 -0.003887 -0.003800 -0.003649 -0.003447 -0.003216 -0.002977 -0.002748 -0.002534 -0.002322 -0.002085 -0.001789 -0.001407 -0.000926 -0.000355 0.000279 0.000933 0.001557 0.002099 0.002515 0.002776 0.002866 0.002788 0.002562 0.002217 0.001786 0.001301 0.000788 0.000265 -0.000257 -0.000765 -0.001240 -0.001667 -0.002042 -0.002359 -0.002612 -0.002796 -0.002917 -0.002988 -0.003028 -0.003048 -0.003046 -0.003012 -0.002943 -0.002869 -0.002852 -0.002956 -0.003192 -0.003514 -0.003838 -0.004095 -0.004015 -0.004068 -0.004007 -0.003861 -0.003664 -0.003451 -0.003254 -0.003104 -0.003021 -0.003011 -0.003058 -0.003136 -0.003214 -0.003266 -0.003271 -0.003220 -0.003112 -0.002958 -0.002773 -0.002577 -0.002386 -0.002207 -0.002033 -0.001840 -0.001597 -0.001273 -0.000853 -0.000342 0.000238 0.000844 0.001430 0.001946 0.002349 0.002609 0.002712 0.002658 0.002464 0.002156 0.001764 0.001319 0.000849 0.000375 -0.000092 -0.000543 -0.000964 -0.001341 -0.001666 -0.001938 -0.002157 -0.002323 -0.002443 -0.002528 -0.002591 -0.002643 -0.002685 -0.002708 -0.002697 -0.002658 -0.002633 -0.002694 -0.002888 -0.003196 -0.003540 -0.003832 -0.003511 -0.003589 -0.003528 -0.003352 -0.003099 -0.002818 -0.002554 -0.002347 -0.002221 -0.002180 -0.002205 -0.002272 -0.002351 -0.002423 -0.002470 -0.002485 -0.002462 -0.002403 -0.002317 -0.002214 -0.002107 -0.001999 -0.001883 -0.001739 -0.001538 -0.001252 -0.000867 -0.000388 0.000159 0.000736 0.001292 0.001781 0.002163 0.002411 0.002514 0.002475 0.002310 0.002043 0.001700 0.001309 0.000897 0.000487 0.000091 -0.000283 -0.000629 -0.000939 -0.001207 -0.001435 -0.001628 -0.001792 -0.001931 -0.002045 -0.002139 -0.002216 -0.002284 -0.002339 -0.002367 -0.002355 -0.002321 -0.002323 -0.002431 -0.002669 -0.002988 -0.003296 -0.002710 -0.002831 -0.002808 -0.002650 -0.002392 -0.002083 -0.001777 -0.001519 -0.001338 -0.001243 -0.001224 -0.001261 -0.001335 -0.001429 -0.001532 -0.001632 -0.001720 -0.001789 -0.001837 -0.001867 -0.001883 -0.001881 -0.001850 -0.001771 -0.001616 -0.001363 -0.001003 -0.000544 -0.000012 0.000549 0.001088 0.001559 0.001922 0.002155 0.002252 0.002222 0.002084 0.001862 0.001578 0.001254 0.000914 0.000580 0.000270 -0.000015 -0.000273 -0.000504 -0.000709 -0.000896 -0.001074 -0.001248 -0.001415 -0.001565 -0.001688 -0.001783 -0.001856 -0.001915 -0.001953 -0.001953 -0.001907 -0.001847 -0.001845 -0.001962 -0.002195 -0.002475 -0.001622 -0.001776 -0.001816 -0.001726 -0.001522 -0.001242 -0.000936 -0.000650 -0.000420 -0.000266 -0.000192 -0.000190 -0.000252 -0.000369 -0.000530 -0.000722 -0.000929 -0.001136 -0.001331 -0.001507 -0.001659 -0.001777 -0.001845 -0.001840 -0.001739 -0.001528 -0.001201 -0.000771 -0.000266 0.000270 0.000788 0.001238 0.001583 0.001801 0.001893 0.001873 0.001763 0.001590 0.001372 0.001126 0.000870 0.000625 0.000406 0.000219 0.000056 -0.000092 -0.000234 -0.000383 -0.000550 -0.000735 -0.000927 -0.001104 -0.001246 -0.001345 -0.001407 -0.001445 -0.001465 -0.001456 -0.001395 -0.001283 -0.001170 -0.001134 -0.001222 -0.001410 -0.000322 -0.000463 -0.000556 -0.000557 -0.000455 -0.000265 -0.000018 0.000247 0.000492 0.000687 0.000809 0.000847 0.000796 0.000659 0.000445 0.000168 -0.000150 -0.000483 -0.000811 -0.001118 -0.001393 -0.001619 -0.001775 -0.001838 -0.001792 -0.001627 -0.001349 -0.000973 -0.000526 -0.000047 0.000420 0.000827 0.001139 0.001336 0.001420 0.001408 0.001328 0.001206 0.001057 0.000895 0.000730 0.000579 0.000458 0.000370 0.000302 0.000238 0.000158 0.000047 -0.000104 -0.000290 -0.000488 -0.000668 -0.000805 -0.000889 -0.000925 -0.000928 -0.000911 -0.000873 -0.000792 -0.000646 -0.000449 -0.000265 -0.000172 -0.000201 0.001040 0.000984 0.000892 0.000821 0.000808 0.000870 0.001002 0.001185 0.001389 0.001579 0.001716 0.001771 0.001724 0.001568 0.001308 0.000962 0.000556 0.000125 -0.000303 -0.000706 -0.001069 -0.001372 -0.001591 -0.001705 -0.001702 -0.001585 -0.001366 -0.001067 -0.000712 -0.000329 0.000046 0.000376 0.000628 0.000784 0.000848 0.000839 0.000783 0.000706 0.000622 0.000539 0.000464 0.000409 0.000384 0.000393 0.000418 0.000436 0.000421 0.000355 0.000234 0.000073 -0.000100 -0.000249 -0.000351 -0.000398 -0.000395 -0.000357 -0.000298 -0.000222 -0.000115 0.000052 0.000294 0.000582 0.000841 0.001002 0.002286 0.002375 0.002355 0.002275 0.002183 0.002120 0.002112 0.002167 0.002274 0.002401 0.002505 0.002543 0.002480 0.002300 0.002004 0.001607 0.001144 0.000652 0.000168 -0.000287 -0.000695 -0.001038 -0.001294 -0.001441 -0.001475 -0.001403 -0.001251 -0.001042 -0.000798 -0.000538 -0.000283 -0.000060 0.000105 0.000199 0.000226 0.000204 0.000158 0.000111 0.000077 0.000060 0.000064 0.000097 0.000166 0.000267 0.000383 0.000484 0.000540 0.000534 0.000468 0.000362 0.000250 0.000163 0.000121 0.000128 0.000177 0.000256 0.000354 0.000467 0.000603 0.000787 0.001044 0.001378 0.001745 0.002069 0.003303 0.003543 0.003644 0.003620 0.003513 0.003371 0.003242 0.003159 0.003136 0.003156 0.003179 0.003158 0.003053 0.002839 0.002510 0.002084 0.001594 0.001083 0.000586 0.000125 -0.000287 -0.000639 -0.000911 -0.001087 -0.001159 -0.001142 -0.001061 -0.000947 -0.000818 -0.000684 -0.000555 -0.000448 -0.000379 -0.000359 -0.000384 -0.000435 -0.000489 -0.000525 -0.000532 -0.000503 -0.000436 -0.000327 -0.000174 0.000016 0.000220 0.000405 0.000542 0.000615 0.000629 0.000607 0.000579 0.000572 0.000599 0.000662 0.000753 0.000865 0.000993 0.001137 0.001303 0.001507 0.001773 0.002117 0.002524 0.002944 0.004070 0.004423 0.004643 0.004712 0.004646 0.004487 0.004285 0.004093 0.003941 0.003833 0.003744 0.003633 0.003460 0.003199 0.002841 0.002402 0.001916 0.001423 0.000953 0.000524 0.000140 -0.000197 -0.000476 -0.000683 -0.000808 -0.000859 -0.000861 -0.000843 -0.000820 -0.000799 -0.000782 -0.000774 -0.000790 -0.000838 -0.000914 -0.001001 -0.001077 -0.001122 -0.001121 -0.001066 -0.000954 -0.000783 -0.000555 -0.000284 0.000004 0.000274 0.000499 0.000662 0.000770 0.000840 0.000898 0.000964 0.001046 0.001146 0.001261 0.001389 0.001533 0.001698 0.001892 0.002126 0.002411 0.002763 0.003179 0.003634 0.004609 0.005026 0.005334 0.005495 0.005501 0.005373 0.005154 0.004896 0.004644 0.004417 0.004207 0.003990 0.003735 0.003419 0.003038 0.002604 0.002147 0.001699 0.001285 0.000913 0.000579 0.000273 -0.000008 -0.000253 -0.000445 -0.000582 -0.000678 -0.000756 -0.000831 -0.000905 -0.000972 -0.001036 -0.001107 -0.001197 -0.001305 -0.001419 -0.001516 -0.001575 -0.001577 -0.001510 -0.001367 -0.001146 -0.000856 -0.000516 -0.000156 0.000191 0.000494 0.000740 0.000929 0.001074 0.001193 0.001300 0.001403 0.001505 0.001613 0.001733 0.001875 0.002051 0.002269 0.002536 0.002858 0.003236 0.003668 0.004138 0.004908 0.005368 0.005738 0.005977 0.006062 0.005994 0.005801 0.005526 0.005213 0.004893 0.004576 0.004256 0.003919 0.003553 0.003159 0.002747 0.002339 0.001956 0.001612 0.001309 0.001033 0.000764 0.000484 0.000200 -0.000068 -0.000302 -0.000501 -0.000678 -0.000843 -0.000995 -0.001124 -0.001229 -0.001319 -0.001412 -0.001516 -0.001627 -0.001726 -0.001788 -0.001791 -0.001715 -0.001551 -0.001296 -0.000963 -0.000576 -0.000168 0.000227 0.000579 0.000873 0.001106 0.001285 0.001420 0.001524 0.001603 0.001670 0.001736 0.001823 0.001946 0.002121 0.002356 0.002656 0.003019 0.003440 0.003909 0.004408 0.004926 0.005433 0.005862 0.006174 0.006342 0.006353 0.006220 0.005969 0.005639 0.005262 0.004864 0.004460 0.004057 0.003658 0.003270 0.002899 0.002556 0.002246 0.001972 0.001733 0.001510 0.001274 0.000997 0.000675 0.000332 -0.000002 -0.000306 -0.000580 -0.000827 -0.001045 -0.001220 -0.001344 -0.001425 -0.001483 -0.001541 -0.001606 -0.001669 -0.001708 -0.001696 -0.001611 -0.001437 -0.001172 -0.000828 -0.000431 -0.000017 0.000380 0.000733 0.001024 0.001249 0.001412 0.001519 0.001579 0.001601 0.001603 0.001608 0.001645 0.001738 0.001903 0.002146 0.002469 0.002866 0.003329 0.003842 0.004384 0.004650 0.005211 0.005707 0.006102 0.006364 0.006474 0.006430 0.006241 0.005931 0.005536 0.005091 0.004635 0.004195 0.003790 0.003432 0.003122 0.002852 0.002614 0.002400 0.002205 0.002015 0.001798 0.001518 0.001161 0.000750 0.000326 -0.000075 -0.000438 -0.000757 -0.001029 -0.001240 -0.001376 -0.001435 -0.001438 -0.001415 -0.001393 -0.001379 -0.001360 -0.001315 -0.001217 -0.001050 -0.000805 -0.000494 -0.000140 0.000225 0.000569 0.000869 0.001109 0.001284 0.001395 0.001447 0.001444 0.001398 0.001331 0.001275 0.001265 0.001326 0.001476 0.001717 0.002047 0.002459 0.002944 0.003486 0.004064 0.004158 0.004760 0.005320 0.005802 0.006170 0.006397 0.006463 0.006363 0.006108 0.005730 0.005279 0.004810 0.004372 0.003995 0.003694 0.003459 0.003266 0.003090 0.002915 0.002738 0.002551 0.002327 0.002029 0.001636 0.001166 0.000667 0.000186 -0.000247 -0.000621 -0.000932 -0.001169 -0.001315 -0.001359 -0.001311 -0.001204 -0.001078 -0.000960 -0.000858 -0.000762 -0.000650 -0.000506 -0.000316 -0.000084 0.000175 0.000439 0.000684 0.000891 0.001051 0.001160 0.001214 0.001215 0.001161 0.001066 0.000953 0.000858 0.000816 0.000854 0.000987 0.001218 0.001540 0.001945 0.002424 0.002964 0.003550 0.003617 0.004224 0.004819 0.005367 0.005831 0.006172 0.006356 0.006360 0.006185 0.005860 0.005445 0.005008 0.004613 0.004298 0.004075 0.003922 0.003801 0.003672 0.003514 0.003325 0.003107 0.002845 0.002506 0.002071 0.001552 0.000996 0.000458 -0.000022 -0.000427 -0.000756 -0.001006 -0.001161 -0.001205 -0.001134 -0.000972 -0.000761 -0.000547 -0.000359 -0.000208 -0.000085 0.000025 0.000137 0.000260 0.000391 0.000524 0.000648 0.000755 0.000840 0.000897 0.000921 0.000902 0.000837 0.000735 0.000619 0.000521 0.000473 0.000499 0.000616 0.000827 0.001128 0.001509 0.001959 0.002467 0.003025 0.003224 0.003790 0.004367 0.004932 0.005448 0.005871 0.006153 0.006258 0.006176 0.005936 0.005597 0.005237 0.004923 0.004697 0.004562 0.004487 0.004423 0.004321 0.004158 0.003933 0.003656 0.003327 0.002926 0.002439 0.001877 0.001284 0.000715 0.000215 -0.000196 -0.000521 -0.000763 -0.000920 -0.000975 -0.000915 -0.000746 -0.000504 -0.000237 0.000006 0.000195 0.000321 0.000391 0.000423 0.000433 0.000438 0.000445 0.000464 0.000495 0.000538 0.000584 0.000621 0.000632 0.000609 0.000557 0.000492 0.000435 0.000408 0.000433 0.000530 0.000710 0.000974 0.001315 0.001722 0.002182 0.002685 0.003129 0.003617 0.004124 0.004639 0.005137 0.005579 0.005913 0.006096 0.006109 0.005973 0.005743 0.005493 0.005288 0.005161 0.005111 0.005097 0.005066 0.004971 0.004784 0.004507 0.004155 0.003741 0.003262 0.002717 0.002120 0.001509 0.000935 0.000441 0.000045 -0.000255 -0.000473 -0.000616 -0.000680 -0.000650 -0.000520 -0.000307 -0.000052 0.000194 0.000386 0.000499 0.000530 0.000495 0.000418 0.000327 0.000250 0.000207 0.000210 0.000260 0.000343 0.000440 0.000531 0.000604 0.000658 0.000696 0.000724 0.000749 0.000787 0.000859 0.000987 0.001189 0.001468 0.001817 0.002220 0.002662 0.003372 0.003774 0.004180 0.004592 0.005005 0.005395 0.005721 0.005940 0.006029 0.005997 0.005888 0.005761 0.005670 0.005637 0.005651 0.005671 0.005648 0.005537 0.005315 0.004981 0.004552 0.004051 0.003493 0.002894 0.002273 0.001664 0.001109 0.000642 0.000279 0.000014 -0.000168 -0.000285 -0.000345 -0.000343 -0.000270 -0.000127 0.000063 0.000258 0.000412 0.000493 0.000488 0.000409 0.000283 0.000148 0.000042 -0.000004 0.000024 0.000126 0.000284 0.000478 0.000686 0.000894 0.001095 0.001279 0.001432 0.001545 0.001618 0.001670 0.001730 0.001836 0.002013 0.002272 0.002602 0.002977 0.003898 0.004219 0.004523 0.004814 0.005103 0.005389 0.005651 0.005858 0.005986 0.006035 0.006031 0.006014 0.006019 0.006055 0.006104 0.006129 0.006088 0.005947 0.005685 0.005298 0.004803 0.004227 0.003605 0.002967 0.002342 0.001757 0.001244 0.000824 0.000504 0.000276 0.000126 0.000038 -0.000006 -0.000014 0.000013 0.000082 0.000184 0.000298 0.000388 0.000423 0.000388 0.000289 0.000156 0.000028 -0.000052 -0.000054 0.000039 0.000223 0.000478 0.000785 0.001124 0.001482 0.001845 0.002194 0.002501 0.002737 0.002883 0.002940 0.002937 0.002925 0.002958 0.003076 0.003290 0.003577 0.004612 0.004850 0.005064 0.005243 0.005405 0.005567 0.005732 0.005885 0.006009 0.006097 0.006158 0.006214 0.006277 0.006345 0.006398 0.006403 0.006330 0.006153 0.005854 0.005426 0.004884 0.004260 0.003601 0.002953 0.002350 0.001815 0.001365 0.001006 0.000733 0.000537 0.000407 0.000335 0.000307 0.000305 0.000315 0.000336 0.000368 0.000406 0.000431 0.000422 0.000368 0.000275 0.000168 0.000087 0.000071 0.000146 0.000325 0.000600 0.000955 0.001372 0.001833 0.002325 0.002832 0.003332 0.003791 0.004167 0.004421 0.004530 0.004502 0.004388 0.004260 0.004194 0.004237 0.004389 0.005433 0.005565 0.005687 0.005769 0.005819 0.005862 0.005921 0.005997 0.006079 0.006159 0.006235 0.006312 0.006389 0.006454 0.006485 0.006458 0.006349 0.006140 0.005813 0.005362 0.004799 0.004162 0.003506 0.002884 0.002334 0.001873 0.001502 0.001213 0.000990 0.000817 0.000690 0.000614 0.000588 0.000595 0.000613 0.000626 0.000629 0.000625 0.000611 0.000581 0.000529 0.000466 0.000414 0.000407 0.000476 0.000643 0.000912 0.001278 0.001723 0.002231 0.002786 0.003374 0.003977 0.004577 0.005142 0.005634 0.006003 0.006201 0.006208 0.006048 0.005793 0.005542 0.005382 0.005352 0.006290 0.006285 0.006300 0.006287 0.006238 0.006179 0.006137 0.006124 0.006136 0.006167 0.006210 0.006263 0.006316 0.006354 0.006354 0.006294 0.006156 0.005924 0.005585 0.005133 0.004582 0.003972 0.003363 0.002808 0.002341 0.001970 0.001686 0.001468 0.001290 0.001133 0.000998 0.000899 0.000854 0.000859 0.000894 0.000930 0.000951 0.000954 0.000944 0.000927 0.000909 0.000901 0.000926 0.001010 0.001176 0.001439 0.001799 0.002247 0.002767 0.003342 0.003954 0.004586 0.005222 0.005846 0.006440 0.006977 0.007415 0.007698 0.007778 0.007642 0.007335 0.006954 0.006611 0.006384 0.007098 0.006939 0.006830 0.006716 0.006577 0.006427 0.006292 0.006186 0.006110 0.006062 0.006040 0.006040 0.006052 0.006057 0.006029 0.005944 0.005787 0.005547 0.005216 0.004791 0.004289 0.003750 0.003230 0.002777 0.002415 0.002141 0.001939 0.001781 0.001637 0.001490 0.001340 0.001211 0.001134 0.001124 0.001168 0.001239 0.001308 0.001360 0.001399 0.001434 0.001480 0.001553 0.001672 0.001859 0.002129 0.002488 0.002933 0.003452 0.004027 0.004638 0.005267 0.005892 0.006497 0.007071 0.007608 0.008100 0.008525 0.008839 0.008981 0.008908 0.008626 0.008202 0.007748 0.007363 0.007745 0.007448 0.007214 0.006998 0.006774 0.006543 0.006322 0.006122 0.005949 0.005809 0.005709 0.005652 0.005627 0.005606 0.005558 0.005459 0.005299 0.005072 0.004775 0.004410 0.003993 0.003562 0.003165 0.002836 0.002586 0.002404 0.002266 0.002145 0.002018 0.001870 0.001708 0.001556 0.001450 0.001418 0.001463 0.001564 0.001689 0.001812 0.001929 0.002045 0.002179 0.002349 0.002574 0.002868 0.003241 0.003691 0.004210 0.004781 0.005385 0.005999 0.006600 0.007169 0.007690 0.008156 0.008572 0.008946 0.009278 0.009544 0.009696 0.009677 0.009461 0.009076 0.008601 0.008135 0.008121 0.007731 0.007395 0.007090 0.006791 0.006491 0.006192 0.005901 0.005632 0.005403 0.005237 0.005139 0.005093 0.005059 0.005004 0.004908 0.004766 0.004577 0.004342 0.004065 0.003763 0.003466 0.003207 0.003008 0.002863 0.002753 0.002651 0.002539 0.002406 0.002248 0.002077 0.001917 0.001801 0.001759 0.001803 0.001924 0.002097 0.002292 0.002494 0.002704 0.002937 0.003209 0.003538 0.003934 0.004399 0.004926 0.005499 0.006098 0.006699 0.007277 0.007809 0.008277 0.008671 0.008991 0.009250 0.009465 0.009652 0.009809 0.009909 0.009905 0.009755 0.009452 0.009034 0.008568 0.008162 0.007732 0.007334 0.006967 0.006613 0.006256 0.005890 0.005519 0.005168 0.004875 0.004672 0.004561 0.004511 0.004480 0.004434 0.004363 0.004264 0.004138 0.003988 0.003819 0.003645 0.003488 0.003365 0.003282 0.003220 0.003154 0.003060 0.002929 0.002767 0.002588 0.002412 0.002261 0.002160 0.002129 0.002184 0.002324 0.002531 0.002784 0.003062 0.003361 0.003688 0.004056 0.004479 0.004961 0.005499 0.006079 0.006680 0.007275 0.007838 0.008343 0.008768 0.009100 0.009337 0.009491 0.009580 0.009626 0.009652 0.009671 0.009678 0.009649 0.009543 0.009331 0.009008 0.008603 0.007869 0.007445 0.007027 0.006629 0.006242 0.005846 0.005426 0.004995 0.004593 0.004274 0.004070 0.003972 0.003937 0.003925 0.003913 0.003891 0.003858 0.003812 0.003756 0.003697 0.003644 0.003612 0.003603 0.003608 0.003600 0.003549 0.003438 0.003269 0.003065 0.002857 0.002678 0.002548 0.002480 0.002483 0.002564 0.002726 0.002959 0.003251 0.003586 0.003957 0.004363 0.004813 0.005312 0.005860 0.006446 0.007051 0.007649 0.008209 0.008702 0.009102 0.009392 0.009565 0.009633 0.009618 0.009545 0.009437 0.009315 0.009200 0.009106 0.009030 0.008944 0.008807 0.008583 0.008262 0.007306 0.006915 0.006508 0.006106 0.005704 0.005281 0.004826 0.004365 0.003955 0.003653 0.003482 0.003417 0.003415 0.003445 0.003488 0.003534 0.003575 0.003608 0.003637 0.003670 0.003715 0.003777 0.003847 0.003906 0.003922 0.003865 0.003723 0.003509 0.003260 0.003024 0.002844 0.002738 0.002708 0.002752 0.002866 0.003049 0.003300 0.003614 0.003983 0.004402 0.004867 0.005378 0.005934 0.006525 0.007136 0.007741 0.008309 0.008809 0.009208 0.009484 0.009624 0.009636 0.009544 0.009381 0.009176 0.008947 0.008711 0.008491 0.008313 0.008193 0.008112 0.008026 0.007880 0.007639 0.006573 0.006221 0.005836 0.005442 0.005035 0.004597 0.004132 0.003678 0.003303 0.003056 0.002941 0.002928 0.002978 0.003068 0.003179 0.003292 0.003394 0.003486 0.003573 0.003668 0.003776 0.003894 0.004008 0.004091 0.004109 0.004034 0.003858 0.003603 0.003318 0.003064 0.002886 0.002800 0.002800 0.002871 0.003002 0.003192 0.003442 0.003756 0.004135 0.004577 0.005076 0.005627 0.006221 0.006839 0.007459 0.008049 0.008574 0.008999 0.009294 0.009440 0.009436 0.009306 0.009089 0.008823 0.008532 0.008230 0.007927 0.007648 0.007424 0.007277 0.007197 0.007138 0.007039 0.006854 0.005773 0.005446 0.005078 0.004688 0.004278 0.003840 0.003390 0.002983 0.002680 0.002513 0.002471 0.002524 0.002642 0.002800 0.002970 0.003126 0.003259 0.003373 0.003483 0.003604 0.003739 0.003882 0.004011 0.004096 0.004104 0.004008 0.003803 0.003520 0.003217 0.002958 0.002788 0.002715 0.002724 0.002793 0.002911 0.003074 0.003293 0.003578 0.003939 0.004377 0.004888 0.005462 0.006081 0.006718 0.007341 0.007912 0.008390 0.008736 0.008926 0.008949 0.008827 0.008598 0.008311 0.008001 0.007682 0.007362 0.007048 0.006764 0.006538 0.006391 0.006314 0.006264 0.006183 0.006024 0.004975 0.004651 0.004282 0.003889 0.003478 0.003054 0.002651 0.002322 0.002115 0.002041 0.002083 0.002214 0.002404 0.002617 0.002817 0.002979 0.003103 0.003204 0.003305 0.003422 0.003557 0.003699 0.003823 0.003898 0.003889 0.003773 0.003548 0.003253 0.002950 0.002703 0.002545 0.002475 0.002469 0.002502 0.002564 0.002661 0.002812 0.003038 0.003356 0.003773 0.004283 0.004871 0.005509 0.006162 0.006785 0.007331 0.007752 0.008015 0.008103 0.008029 0.007832 0.007565 0.007273 0.006979 0.006688 0.006402 0.006130 0.005891 0.005706 0.005587 0.005522 0.005472 0.005387 0.005225 0.004206 0.003863 0.003479 0.003077 0.002671 0.002283 0.001950 0.001720 0.001620 0.001646 0.001779 0.001989 0.002239 0.002478 0.002670 0.002800 0.002884 0.002950 0.003022 0.003116 0.003233 0.003358 0.003463 0.003516 0.003482 0.003341 0.003102 0.002808 0.002525 0.002304 0.002164 0.002085 0.002038 0.001999 0.001968 0.001965 0.002022 0.002173 0.002441 0.002833 0.003341 0.003939 0.004590 0.005245 0.005848 0.006344 0.006690 0.006861 0.006864 0.006733 0.006522 0.006281 0.006042 0.005812 0.005589 0.005379 0.005189 0.005035 0.004925 0.004859 0.004818 0.004766 0.004662 0.004478 0.003455 0.003085 0.002682 0.002274 0.001888 0.001554 0.001310 0.001188 0.001196 0.001325 0.001549 0.001828 0.002107 0.002335 0.002484 0.002562 0.002596 0.002620 0.002659 0.002725 0.002812 0.002904 0.002973 0.002985 0.002910 0.002736 0.002486 0.002209 0.001963 0.001781 0.001654 0.001549 0.001432 0.001290 0.001141 0.001025 0.000991 0.001079 0.001312 0.001691 0.002198 0.002795 0.003433 0.004052 0.004594 0.005006 0.005257 0.005345 0.005298 0.005165 0.004999 0.004834 0.004681 0.004538 0.004406 0.004292 0.004208 0.004161 0.004147 0.004149 0.004142 0.004093 0.003971 0.003757 0.002692 0.002305 0.001892 0.001495 0.001147 0.000884 0.000737 0.000724 0.000842 0.001071 0.001373 0.001691 0.001962 0.002144 0.002234 0.002257 0.002249 0.002240 0.002249 0.002281 0.002327 0.002368 0.002377 0.002324 0.002190 0.001980 0.001729 0.001488 0.001295 0.001151 0.001023 0.000864 0.000648 0.000384 0.000117 -0.000091 -0.000184 -0.000122 0.000106 0.000484 0.000979 0.001544 0.002124 0.002659 0.003098 0.003403 0.003563 0.003598 0.003550 0.003466 0.003381 0.003308 0.003244 0.003186 0.003141 0.003126 0.003152 0.003216 0.003300 0.003376 0.003413 0.003378 0.003249 0.003017 0.001894 0.001512 0.001115 0.000750 0.000460 0.000280 0.000234 0.000329 0.000550 0.000865 0.001214 0.001529 0.001754 0.001873 0.001904 0.001884 0.001847 0.001813 0.001791 0.001781 0.001770 0.001738 0.001664 0.001529 0.001333 0.001099 0.000871 0.000686 0.000550 0.000429 0.000266 0.000019 -0.000316 -0.000694 -0.001043 -0.001290 -0.001381 -0.001298 -0.001053 -0.000679 -0.000219 0.000277 0.000758 0.001175 0.001492 0.001693 0.001788 0.001808 0.001795 0.001779 0.001775 0.001776 0.001776 0.001780 0.001806 0.001875 0.001996 0.002156 0.002329 0.002478 0.002564 0.002559 0.002444 0.002216 0.001052 0.000709 0.000358 0.000052 -0.000163 -0.000251 -0.000195 0.000001 0.000308 0.000672 0.001021 0.001289 0.001445 0.001499 0.001484 0.001435 0.001374 0.001312 0.001251 0.001183 0.001098 0.000978 0.000812 0.000600 0.000363 0.000139 -0.000036 -0.000154 -0.000250 -0.000388 -0.000627 -0.000986 -0.001428 -0.001874 -0.002235 -0.002444 -0.002473 -0.002333 -0.002059 -0.001697 -0.001291 -0.000888 -0.000526 -0.000238 -0.000040 0.000075 0.000129 0.000156 0.000183 0.000221 0.000263 0.000299 0.000326 0.000360 0.000429 0.000556 0.000743 0.000976 0.001218 0.001429 0.001568 0.001608 0.001531 0.001339 0.000174 -0.000095 -0.000367 -0.000588 -0.000711 -0.000703 -0.000553 -0.000279 0.000074 0.000435 0.000734 0.000928 0.001012 0.001013 0.000965 0.000891 0.000802 0.000703 0.000588 0.000451 0.000283 0.000077 -0.000165 -0.000420 -0.000653 -0.000828 -0.000933 -0.001001 -0.001101 -0.001304 -0.001646 -0.002105 -0.002602 -0.003036 -0.003323 -0.003424 -0.003345 -0.003126 -0.002817 -0.002468 -0.002124 -0.001822 -0.001587 -0.001429 -0.001340 -0.001295 -0.001268 -0.001235 -0.001188 -0.001133 -0.001088 -0.001060 -0.001043 -0.001010 -0.000930 -0.000781 -0.000561 -0.000290 -0.000005 0.000252 0.000441 0.000534 0.000517 0.000390 -0.000731 -0.000893 -0.001057 -0.001173 -0.001194 -0.001095 -0.000874 -0.000562 -0.000218 0.000091 0.000312 0.000427 0.000451 0.000414 0.000340 0.000241 0.000120 -0.000024 -0.000197 -0.000401 -0.000641 -0.000910 -0.001187 -0.001437 -0.001622 -0.001727 -0.001779 -0.001844 -0.002001 -0.002301 -0.002737 -0.003241 -0.003708 -0.004038 -0.004177 -0.004123 -0.003915 -0.003609 -0.003262 -0.002929 -0.002653 -0.002459 -0.002353 -0.002318 -0.002324 -0.002338 -0.002335 -0.002309 -0.002270 -0.002236 -0.002224 -0.002236 -0.002256 -0.002252 -0.002191 -0.002053 -0.001838 -0.001565 -0.001271 -0.000994 -0.000771 -0.000626 -0.000573 -0.000614 -0.001664 -0.001702 -0.001740 -0.001739 -0.001661 -0.001489 -0.001231 -0.000927 -0.000631 -0.000399 -0.000258 -0.000207 -0.000225 -0.000288 -0.000381 -0.000500 -0.000647 -0.000827 -0.001043 -0.001295 -0.001576 -0.001866 -0.002132 -0.002335 -0.002455 -0.002510 -0.002558 -0.002676 -0.002926 -0.003315 -0.003792 -0.004257 -0.004604 -0.004761 -0.004712 -0.004490 -0.004152 -0.003765 -0.003393 -0.003089 -0.002893 -0.002812 -0.002827 -0.002900 -0.002983 -0.003042 -0.003065 -0.003061 -0.003051 -0.003060 -0.003101 -0.003170 -0.003242 -0.003285 -0.003268 -0.003173 -0.003000 -0.002768 -0.002506 -0.002246 -0.002016 -0.001835 -0.001716 -0.001662 -0.002649 -0.002559 -0.002470 -0.002355 -0.002191 -0.001968 -0.001701 -0.001428 -0.001195 -0.001034 -0.000957 -0.000951 -0.000995 -0.001071 -0.001169 -0.001289 -0.001439 -0.001624 -0.001850 -0.002113 -0.002394 -0.002663 -0.002884 -0.003029 -0.003105 -0.003158 -0.003258 -0.003467 -0.003805 -0.004235 -0.004675 -0.005019 -0.005185 -0.005138 -0.004900 -0.004524 -0.004081 -0.003641 -0.003270 -0.003018 -0.002911 -0.002936 -0.003055 -0.003212 -0.003353 -0.003449 -0.003496 -0.003517 -0.003543 -0.003601 -0.003699 -0.003824 -0.003953 -0.004054 -0.004100 -0.004077 -0.003986 -0.003840 -0.003656 -0.003456 -0.003254 -0.003065 -0.002898 -0.002759 -0.003694 -0.003493 -0.003289 -0.003073 -0.002834 -0.002572 -0.002306 -0.002066 -0.001885 -0.001780 -0.001748 -0.001771 -0.001827 -0.001900 -0.001981 -0.002072 -0.002186 -0.002334 -0.002524 -0.002751 -0.002991 -0.003210 -0.003378 -0.003485 -0.003561 -0.003662 -0.003848 -0.004145 -0.004530 -0.004936 -0.005268 -0.005438 -0.005400 -0.005159 -0.004759 -0.004269 -0.003762 -0.003311 -0.002976 -0.002797 -0.002780 -0.002899 -0.003100 -0.003318 -0.003501 -0.003621 -0.003685 -0.003725 -0.003780 -0.003877 -0.004022 -0.004199 -0.004382 -0.004547 -0.004674 -0.004752 -0.004780 -0.004762 -0.004700 -0.004598 -0.004459 -0.004290 -0.004100 -0.003898 -0.004762 -0.004471 -0.004172 -0.003870 -0.003566 -0.003271 -0.003005 -0.002793 -0.002654 -0.002591 -0.002592 -0.002633 -0.002691 -0.002744 -0.002783 -0.002812 -0.002847 -0.002911 -0.003017 -0.003163 -0.003327 -0.003482 -0.003607 -0.003709 -0.003823 -0.003998 -0.004266 -0.004616 -0.004993 -0.005314 -0.005495 -0.005477 -0.005252 -0.004852 -0.004340 -0.003789 -0.003272 -0.002854 -0.002587 -0.002492 -0.002563 -0.002761 -0.003024 -0.003286 -0.003495 -0.003628 -0.003698 -0.003743 -0.003810 -0.003928 -0.004105 -0.004324 -0.004562 -0.004798 -0.005019 -0.005220 -0.005396 -0.005538 -0.005627 -0.005648 -0.005594 -0.005466 -0.005275 -0.005035 -0.005759 -0.005401 -0.005028 -0.004659 -0.004308 -0.003993 -0.003734 -0.003551 -0.003449 -0.003422 -0.003450 -0.003506 -0.003558 -0.003581 -0.003561 -0.003502 -0.003427 -0.003367 -0.003344 -0.003368 -0.003430 -0.003511 -0.003604 -0.003720 -0.003885 -0.004126 -0.004443 -0.004796 -0.005115 -0.005316 -0.005336 -0.005151 -0.004781 -0.004279 -0.003717 -0.003167 -0.002694 -0.002350 -0.002170 -0.002165 -0.002315 -0.002576 -0.002885 -0.003175 -0.003398 -0.003533 -0.003596 -0.003631 -0.003689 -0.003809 -0.004002 -0.004256 -0.004547 -0.004858 -0.005182 -0.005515 -0.005849 -0.006162 -0.006414 -0.006569 -0.006608 -0.006530 -0.006348 -0.006083 -0.006604 -0.006196 -0.005775 -0.005366 -0.004994 -0.004680 -0.004442 -0.004291 -0.004224 -0.004230 -0.004285 -0.004356 -0.004405 -0.004395 -0.004309 -0.004152 -0.003952 -0.003745 -0.003566 -0.003438 -0.003371 -0.003365 -0.003420 -0.003542 -0.003741 -0.004014 -0.004334 -0.004644 -0.004871 -0.004946 -0.004828 -0.004521 -0.004068 -0.003536 -0.002996 -0.002511 -0.002130 -0.001887 -0.001802 -0.001875 -0.002085 -0.002387 -0.002722 -0.003027 -0.003255 -0.003386 -0.003435 -0.003448 -0.003481 -0.003584 -0.003777 -0.004054 -0.004394 -0.004779 -0.005201 -0.005658 -0.006140 -0.006612 -0.007020 -0.007308 -0.007442 -0.007417 -0.007248 -0.006966 -0.007264 -0.006830 -0.006385 -0.005965 -0.005597 -0.005302 -0.005091 -0.004971 -0.004936 -0.004974 -0.005057 -0.005145 -0.005190 -0.005147 -0.004997 -0.004748 -0.004429 -0.004080 -0.003742 -0.003451 -0.003238 -0.003122 -0.003113 -0.003210 -0.003403 -0.003663 -0.003941 -0.004177 -0.004303 -0.004270 -0.004059 -0.003697 -0.003240 -0.002758 -0.002312 -0.001948 -0.001693 -0.001561 -0.001558 -0.001683 -0.001918 -0.002230 -0.002566 -0.002871 -0.003097 -0.003224 -0.003260 -0.003249 -0.003250 -0.003320 -0.003495 -0.003778 -0.004153 -0.004599 -0.005103 -0.005660 -0.006258 -0.006859 -0.007399 -0.007809 -0.008038 -0.008074 -0.007932 -0.007647 -0.007733 -0.007300 -0.006860 -0.006450 -0.006100 -0.005828 -0.005643 -0.005549 -0.005542 -0.005609 -0.005716 -0.005813 -0.005844 -0.005763 -0.005556 -0.005235 -0.004827 -0.004368 -0.003899 -0.003462 -0.003101 -0.002855 -0.002745 -0.002773 -0.002911 -0.003114 -0.003320 -0.003470 -0.003509 -0.003407 -0.003165 -0.002824 -0.002443 -0.002085 -0.001792 -0.001586 -0.001469 -0.001437 -0.001488 -0.001624 -0.001843 -0.002126 -0.002436 -0.002725 -0.002947 -0.003076 -0.003111 -0.003086 -0.003058 -0.003088 -0.003224 -0.003487 -0.003870 -0.004350 -0.004908 -0.005529 -0.006200 -0.006883 -0.007517 -0.008026 -0.008349 -0.008458 -0.008365 -0.008106 -0.007987 -0.007590 -0.007178 -0.006795 -0.006471 -0.006223 -0.006061 -0.005990 -0.006006 -0.006091 -0.006204 -0.006288 -0.006286 -0.006163 -0.005911 -0.005548 -0.005095 -0.004580 -0.004032 -0.003489 -0.003002 -0.002619 -0.002380 -0.002294 -0.002333 -0.002446 -0.002566 -0.002638 -0.002621 -0.002500 -0.002293 -0.002041 -0.001799 -0.001611 -0.001498 -0.001457 -0.001468 -0.001514 -0.001588 -0.001699 -0.001862 -0.002080 -0.002338 -0.002599 -0.002819 -0.002964 -0.003019 -0.003002 -0.002959 -0.002949 -0.003031 -0.003243 -0.003594 -0.004068 -0.004639 -0.005283 -0.005977 -0.006690 -0.007368 -0.007941 -0.008342 -0.008533 -0.008513 -0.008314 -0.007997 -0.007667 -0.007310 -0.006971 -0.006682 -0.006463 -0.006325 -0.006274 -0.006302 -0.006384 -0.006475 -0.006518 -0.006468 -0.006305 -0.006032 -0.005666 -0.005220 -0.004704 -0.004133 -0.003534 -0.002955 -0.002449 -0.002070 -0.001841 -0.001750 -0.001751 -0.001784 -0.001797 -0.001760 -0.001670 -0.001546 -0.001426 -0.001350 -0.001341 -0.001400 -0.001506 -0.001623 -0.001725 -0.001800 -0.001865 -0.001949 -0.002081 -0.002270 -0.002497 -0.002722 -0.002900 -0.003002 -0.003022 -0.002988 -0.002950 -0.002970 -0.003103 -0.003378 -0.003796 -0.004331 -0.004950 -0.005621 -0.006312 -0.006982 -0.007574 -0.008025 -0.008289 -0.008356 -0.008244 -0.007761 -0.007527 -0.007249 -0.006973 -0.006733 -0.006550 -0.006438 -0.006399 -0.006422 -0.006475 -0.006516 -0.006500 -0.006402 -0.006218 -0.005958 -0.005631 -0.005235 -0.004761 -0.004209 -0.003595 -0.002959 -0.002356 -0.001845 -0.001467 -0.001231 -0.001110 -0.001058 -0.001031 -0.001003 -0.000972 -0.000955 -0.000974 -0.001053 -0.001199 -0.001398 -0.001618 -0.001819 -0.001963 -0.002035 -0.002053 -0.002059 -0.002104 -0.002223 -0.002417 -0.002654 -0.002884 -0.003057 -0.003144 -0.003149 -0.003105 -0.003070 -0.003108 -0.003272 -0.003584 -0.004031 -0.004577 -0.005179 -0.005804 -0.006420 -0.006985 -0.007449 -0.007766 -0.007915 -0.007904 -0.007316 -0.007200 -0.007026 -0.006833 -0.006653 -0.006511 -0.006421 -0.006383 -0.006381 -0.006386 -0.006363 -0.006288 -0.006157 -0.005979 -0.005764 -0.005506 -0.005184 -0.004774 -0.004262 -0.003657 -0.002992 -0.002320 -0.001701 -0.001188 -0.000812 -0.000570 -0.000436 -0.000376 -0.000367 -0.000401 -0.000482 -0.000620 -0.000819 -0.001077 -0.001374 -0.001676 -0.001939 -0.002122 -0.002203 -0.002196 -0.002146 -0.002122 -0.002183 -0.002353 -0.002610 -0.002901 -0.003162 -0.003339 -0.003412 -0.003392 -0.003324 -0.003274 -0.003310 -0.003480 -0.003791 -0.004217 -0.004711 -0.005234 -0.005758 -0.006257 -0.006695 -0.007036 -0.007253 -0.007342 -0.006722 -0.006737 -0.006686 -0.006593 -0.006485 -0.006386 -0.006312 -0.006262 -0.006222 -0.006170 -0.006086 -0.005967 -0.005825 -0.005675 -0.005519 -0.005334 -0.005085 -0.004736 -0.004266 -0.003680 -0.003006 -0.002292 -0.001597 -0.000979 -0.000485 -0.000132 0.000082 0.000179 0.000178 0.000096 -0.000058 -0.000278 -0.000558 -0.000885 -0.001241 -0.001593 -0.001902 -0.002126 -0.002236 -0.002237 -0.002170 -0.002110 -0.002136 -0.002292 -0.002574 -0.002929 -0.003281 -0.003559 -0.003721 -0.003755 -0.003689 -0.003579 -0.003500 -0.003516 -0.003661 -0.003928 -0.004278 -0.004670 -0.005075 -0.005478 -0.005858 -0.006190 -0.006451 -0.006628 -0.006039 -0.006186 -0.006269 -0.006290 -0.006264 -0.006212 -0.006151 -0.006085 -0.006006 -0.005903 -0.005773 -0.005628 -0.005490 -0.005371 -0.005261 -0.005126 -0.004922 -0.004611 -0.004173 -0.003610 -0.002943 -0.002213 -0.001476 -0.000789 -0.000205 0.000238 0.000528 0.000669 0.000678 0.000574 0.000379 0.000111 -0.000214 -0.000577 -0.000959 -0.001336 -0.001675 -0.001940 -0.002099 -0.002144 -0.002104 -0.002050 -0.002069 -0.002225 -0.002531 -0.002940 -0.003375 -0.003753 -0.004013 -0.004127 -0.004100 -0.003973 -0.003814 -0.003695 -0.003672 -0.003760 -0.003939 -0.004175 -0.004442 -0.004726 -0.005022 -0.005316 -0.005592 -0.005837 -0.005325 -0.005590 -0.005804 -0.005946 -0.006012 -0.006016 -0.005976 -0.005903 -0.005797 -0.005660 -0.005503 -0.005345 -0.005210 -0.005102 -0.005003 -0.004875 -0.004674 -0.004372 -0.003951 -0.003413 -0.002772 -0.002056 -0.001309 -0.000587 0.000056 0.000572 0.000932 0.001126 0.001164 0.001065 0.000858 0.000569 0.000225 -0.000150 -0.000536 -0.000916 -0.001270 -0.001572 -0.001791 -0.001909 -0.001936 -0.001928 -0.001972 -0.002141 -0.002466 -0.002915 -0.003414 -0.003878 -0.004235 -0.004442 -0.004486 -0.004387 -0.004197 -0.003988 -0.003822 -0.003738 -0.003738 -0.003804 -0.003916 -0.004068 -0.004261 -0.004493 -0.004755 -0.005038
SCALARS v float 1
LOOKUP_TABLE default
0.003159 0.003245 0.003360 0.003476 0.003580 0.003658 0.003683 0.003613 0.003394 0.002976 0.002337 0.001504 0.000549 -0.000440 -0.001389 -0.002238 -0.002933 -0.003413 -0.003617 -0.003506 -0.003073 -0.002358 -0.001440 -0.000439 0.000509 0.001268 0.001732 0.001842 0.001596 0.001047 0.000289 -0.000571 -0.001441 -0.002262 -0.003008 -0.003670 -0.004227 -0.004624 -0.004779 -0.004615 -0.004113 -0.003368 -0.002580 -0.001987 -0.001750 -0.001870 -0.002187 -0.002462 -0.002501 -0.002215 -0.001620 -0.000793 0.000167 0.001150 0.002061 0.002829 0.003412 0.003782 0.003929 0.003871 0.003671 0.003426 0.003231 0.003143 0.003534 0.003630 0.003702 0.003737 0.003743 0.003726 0.003672 0.003538 0.003268 0.002815 0.002163 0.001337 0.000395 -0.000593 -0.001566 -0.002465 -0.003227 -0.003782 -0.004064 -0.004031 -0.003677 -0.003030 -0.002153 -0.001147 -0.000138 0.000737 0.001355 0.001637 0.001561 0.001162 0.000521 -0.000261 -0.001090 -0.001898 -0.002647 -0.003316 -0.003881 -0.004300 -0.004501 -0.004404 -0.003967 -0.003244 -0.002409 -0.001706 -0.001337 -0.001354 -0.001633 -0.001948 -0.002092 -0.001956 -0.001533 -0.000868 -0.000034 0.000878 0.001775 0.002572 0.003205 0.003633 0.003842 0.003855 0.003736 0.003580 0.003475 0.003465 0.003927 0.004061 0.004116 0.004082 0.003990 0.003871 0.003722 0.003506 0.003166 0.002661 0.001976 0.001136 0.000188 -0.000813 -0.001812 -0.002748 -0.003550 -0.004145 -0.004471 -0.004493 -0.004206 -0.003631 -0.002817 -0.001840 -0.000809 0.000147 0.000898 0.001348 0.001448 0.001213 0.000704 0.000013 -0.000769 -0.001563 -0.002314 -0.002983 -0.003539 -0.003950 -0.004161 -0.004101 -0.003715 -0.003025 -0.002173 -0.001395 -0.000916 -0.000834 -0.001065 -0.001399 -0.001628 -0.001628 -0.001370 -0.000874 -0.000188 0.000618 0.001456 0.002240 0.002894 0.003365 0.003635 0.003727 0.003705 0.003661 0.003674 0.003774 0.004305 0.004498 0.004560 0.004481 0.004308 0.004092 0.003843 0.003527 0.003095 0.002511 0.001771 0.000895 -0.000074 -0.001092 -0.002106 -0.003054 -0.003866 -0.004472 -0.004818 -0.004880 -0.004656 -0.004160 -0.003424 -0.002506 -0.001491 -0.000495 0.000357 0.000954 0.001227 0.001163 0.000800 0.000214 -0.000507 -0.001276 -0.002019 -0.002675 -0.003205 -0.003584 -0.003775 -0.003721 -0.003365 -0.002709 -0.001864 -0.001045 -0.000487 -0.000321 -0.000502 -0.000843 -0.001140 -0.001259 -0.001154 -0.000824 -0.000291 0.000391 0.001148 0.001892 0.002541 0.003038 0.003359 0.003527 0.003606 0.003682 0.003825 0.004050 0.004643 0.004907 0.004995 0.004898 0.004671 0.004373 0.004022 0.003593 0.003047 0.002362 0.001547 0.000626 -0.000366 -0.001389 -0.002398 -0.003334 -0.004131 -0.004728 -0.005087 -0.005191 -0.005036 -0.004627 -0.003983 -0.003143 -0.002174 -0.001175 -0.000262 0.000450 0.000876 0.000979 0.000770 0.000304 -0.000336 -0.001058 -0.001770 -0.002393 -0.002879 -0.003207 -0.003356 -0.003283 -0.002936 -0.002307 -0.001482 -0.000653 -0.000050 0.000178 0.000042 -0.000301 -0.000654 -0.000881 -0.000917 -0.000741 -0.000359 0.000199 0.000868 0.001563 0.002200 0.002713 0.003077 0.003312 0.003483 0.003671 0.003937 0.004284 0.004928 0.005259 0.005387 0.005297 0.005042 0.004680 0.004231 0.003679 0.003006 0.002211 0.001319 0.000358 -0.000642 -0.001655 -0.002640 -0.003548 -0.004319 -0.004907 -0.005284 -0.005438 -0.005361 -0.005048 -0.004503 -0.003753 -0.002850 -0.001878 -0.000943 -0.000154 0.000393 0.000643 0.000585 0.000253 -0.000282 -0.000925 -0.001572 -0.002133 -0.002554 -0.002817 -0.002910 -0.002801 -0.002446 -0.001833 -0.001034 -0.000218 0.000401 0.000664 0.000558 0.000212 -0.000194 -0.000518 -0.000683 -0.000652 -0.000410 0.000028 0.000614 0.001269 0.001902 0.002439 0.002845 0.003140 0.003385 0.003665 0.004032 0.004480 0.005156 0.005541 0.005711 0.005645 0.005382 0.004970 0.004429 0.003757 0.002961 0.002067 0.001114 0.000133 -0.000859 -0.001848 -0.002806 -0.003688 -0.004444 -0.005034 -0.005438 -0.005646 -0.005646 -0.005427 -0.004984 -0.004329 -0.003506 -0.002585 -0.001661 -0.000836 -0.000205 0.000165 0.000245 0.000052 -0.000353 -0.000881 -0.001425 -0.001891 -0.002225 -0.002410 -0.002441 -0.002290 -0.001915 -0.001307 -0.000531 0.000259 0.000868 0.001141 0.001047 0.000688 0.000228 -0.000189 -0.000472 -0.000569 -0.000455 -0.000128 0.000382 0.001006 0.001653 0.002234 0.002698 0.003052 0.003359 0.003700 0.004134 0.004648 0.005333 0.005747 0.005952 0.005914 0.005654 0.005203 0.004582 0.003806 0.002910 0.001946 0.000962 -0.000017 -0.000992 -0.001961 -0.002906 -0.003785 -0.004547 -0.005155 -0.005589 -0.005841 -0.005903 -0.005763 -0.005412 -0.004854 -0.004122 -0.003273 -0.002388 -0.001562 -0.000885 -0.000427 -0.000226 -0.000277 -0.000534 -0.000915 -0.001320 -0.001661 -0.001888 -0.001988 -0.001955 -0.001759 -0.001359 -0.000747 0.000010 0.000768 0.001351 0.001612 0.001509 0.001123 0.000604 0.000097 -0.000292 -0.000500 -0.000494 -0.000265 0.000173 0.000770 0.001444 0.002093 0.002639 0.003067 0.003426 0.003804 0.004264 0.004800 0.005469 0.005883 0.006104 0.006086 0.005828 0.005347 0.004665 0.003817 0.002862 0.001867 0.000883 -0.000082 -0.001042 -0.002012 -0.002974 -0.003880 -0.004672 -0.005309 -0.005768 -0.006046 -0.006143 -0.006054 -0.005775 -0.005308 -0.004672 -0.003911 -0.003093 -0.002298 -0.001607 -0.001089 -0.000785 -0.000699 -0.000797 -0.001009 -0.001250 -0.001444 -0.001549 -0.001556 -0.001458 -0.001220 -0.000794 -0.000172 0.000572 0.001298 0.001844 0.002075 0.001944 0.001517 0.000930 0.000337 -0.000145 -0.000442 -0.000520 -0.000370 0.000003 0.000570 0.001268 0.001996 0.002649 0.003171 0.003589 0.003985 0.004435 0.004952 0.005579 0.005957 0.006166 0.006148 0.005887 0.005386 0.004671 0.003793 0.002824 0.001837 0.000873 -0.000073 -0.001034 -0.002029 -0.003036 -0.003995 -0.004837 -0.005508 -0.005987 -0.006273 -0.006376 -0.006307 -0.006073 -0.005677 -0.005133 -0.004471 -0.003738 -0.003000 -0.002324 -0.001772 -0.001385 -0.001172 -0.001111 -0.001147 -0.001213 -0.001248 -0.001221 -0.001130 -0.000965 -0.000685 -0.000235 0.000397 0.001133 0.001831 0.002336 0.002524 0.002349 0.001867 0.001209 0.000533 -0.000028 -0.000392 -0.000526 -0.000430 -0.000111 0.000421 0.001128 0.001926 0.002695 0.003335 0.003828 0.004239 0.004657 0.005116 0.005679 0.005984 0.006145 0.006103 0.005828 0.005318 0.004601 0.003735 0.002794 0.001846 0.000915 -0.000017 -0.000992 -0.002030 -0.003099 -0.004124 -0.005024 -0.005735 -0.006230 -0.006514 -0.006607 -0.006534 -0.006317 -0.005971 -0.005506 -0.004940 -0.004302 -0.003637 -0.002997 -0.002433 -0.001982 -0.001658 -0.001449 -0.001315 -0.001207 -0.001081 -0.000919 -0.000725 -0.000491 -0.000170 0.000302 0.000942 0.001671 0.002345 0.002808 0.002946 0.002717 0.002173 0.001444 0.000694 0.000069 -0.000342 -0.000509 -0.000443 -0.000159 0.000336 0.001032 0.001874 0.002748 0.003517 0.004109 0.004550 0.004928 0.005306 0.005785 0.005982 0.006060 0.005965 0.005664 0.005153 0.004460 0.003641 0.002761 0.001870 0.000980 0.000061 -0.000933 -0.002015 -0.003144 -0.004233 -0.005189 -0.005941 -0.006457 -0.006740 -0.006819 -0.006734 -0.006522 -0.006210 -0.005811 -0.005334 -0.004791 -0.004205 -0.003612 -0.003049 -0.002550 -0.002131 -0.001788 -0.001498 -0.001226 -0.000945 -0.000650 -0.000353 -0.000049 0.000312 0.000801 0.001443 0.002164 0.002814 0.003238 0.003325 0.003041 0.002437 0.001646 0.000837 0.000163 -0.000280 -0.000466 -0.000412 -0.000147 0.000317 0.000985 0.001836 0.002782 0.003675 0.004386 0.004885 0.005238 0.005528 0.005914 0.005976 0.005938 0.005761 0.005418 0.004907 0.004254 0.003502 0.002701 0.001882 0.001041 0.000140 -0.000862 -0.001973 -0.003145 -0.004283 -0.005285 -0.006074 -0.006612 -0.006902 -0.006977 -0.006887 -0.006684 -0.006407 -0.006073 -0.005683 -0.005234 -0.004728 -0.004183 -0.003626 -0.003083 -0.002577 -0.002112 -0.001678 -0.001256 -0.000833 -0.000417 -0.000024 0.000346 0.000745 0.001246 0.001883 0.002589 0.003217 0.003606 0.003648 0.003315 0.002663 0.001828 0.000980 0.000274 -0.000193 -0.000394 -0.000349 -0.000094 0.000348 0.000981 0.001810 0.002784 0.003772 0.004610 0.005201 0.005565 0.005781 0.006079 0.005999 0.005822 0.005536 0.005129 0.004607 0.003990 0.003309 0.002594 0.001854 0.001072 0.000206 -0.000782 -0.001895 -0.003081 -0.004242 -0.005271 -0.006087 -0.006646 -0.006950 -0.007034 -0.006957 -0.006781 -0.006555 -0.006299 -0.006005 -0.005654 -0.005232 -0.004736 -0.004182 -0.003595 -0.003002 -0.002418 -0.001848 -0.001289 -0.000741 -0.000218 0.000256 0.000685 0.001115 0.001623 0.002248 0.002933 0.003535 0.003894 0.003903 0.003537 0.002858 0.002003 0.001139 0.000416 -0.000072 -0.000295 -0.000267 -0.000025 0.000400 0.001002 0.001790 0.002749 0.003785 0.004733 0.005442 0.005865 0.006050 0.006269 0.006074 0.005757 0.005345 0.004851 0.004292 0.003689 0.003063 0.002426 0.001768 0.001059 0.000250 -0.000694 -0.001776 -0.002942 -0.004095 -0.005128 -0.005957 -0.006534 -0.006857 -0.006963 -0.006919 -0.006794 -0.006641 -0.006480 -0.006296 -0.006053 -0.005719 -0.005275 -0.004726 -0.004094 -0.003411 -0.002709 -0.002008 -0.001323 -0.000666 -0.000057 0.000482 0.000955 0.001409 0.001920 0.002527 0.003184 0.003759 0.004095 0.004085 0.003707 0.003028 0.002179 0.001321 0.000591 0.000080 -0.000176 -0.000181 0.000037 0.000444 0.001020 0.001765 0.002679 0.003710 0.004724 0.005552 0.006078 0.006296 0.006445 0.006193 0.005772 0.005241 0.004646 0.004022 0.003398 0.002793 0.002209 0.001625 0.000996 0.000267 -0.000603 -0.001618 -0.002728 -0.003843 -0.004857 -0.005685 -0.006276 -0.006622 -0.006764 -0.006771 -0.006719 -0.006660 -0.006610 -0.006543 -0.006411 -0.006167 -0.005777 -0.005236 -0.004563 -0.003796 -0.002981 -0.002159 -0.001360 -0.000611 0.000064 0.000648 0.001149 0.001617 0.002125 0.002711 0.003338 0.003885 0.004205 0.004193 0.003828 0.003174 0.002355 0.001517 0.000785 0.000247 -0.000054 -0.000106 0.000075 0.000458 0.001012 0.001720 0.002577 0.003561 0.004584 0.005494 0.006140 0.006451 0.006532 0.006308 0.005851 0.005244 0.004559 0.003856 0.003178 0.002553 0.001986 0.001452 0.000899 0.000263 -0.000507 -0.001425 -0.002450 -0.003500 -0.004477 -0.005296 -0.005899 -0.006275 -0.006463 -0.006537 -0.006574 -0.006624 -0.006692 -0.006739 -0.006708 -0.006542 -0.006202 -0.005672 -0.004968 -0.004130 -0.003217 -0.002289 -0.001395 -0.000575 0.000146 0.000753 0.001266 0.001737 0.002235 0.002799 0.003394 0.003915 0.004227 0.004229 0.003898 0.003290 0.002517 0.001705 0.000969 0.000397 0.000045 -0.000061 0.000076 0.000431 0.000965 0.001645 0.002451 0.003366 0.004344 0.005275 0.006014 0.006446 0.006464 0.006341 0.005935 0.005324 0.004596 0.003828 0.003083 0.002406 0.001816 0.001298 0.000804 0.000259 -0.000400 -0.001202 -0.002122 -0.003091 -0.004020 -0.004826 -0.005444 -0.005856 -0.006099 -0.006249 -0.006385 -0.006549 -0.006731 -0.006879 -0.006929 -0.006821 -0.006515 -0.005995 -0.005268 -0.004378 -0.003389 -0.002379 -0.001415 -0.000546 0.000197 0.000809 0.001315 0.001775 0.002255 0.002791 0.003354 0.003851 0.004161 0.004190 0.003909 0.003361 0.002638 0.001851 0.001107 0.000499 0.000095 -0.000062 0.000034 0.000361 0.000877 0.001537 0.002303 0.003151 0.004054 0.004947 0.005720 0.006252 0.006226 0.006239 0.005951 0.005416 0.004714 0.003927 0.003131 0.002391 0.001752 0.001220 0.000757 0.000288 -0.000265 -0.000948 -0.001757 -0.002641 -0.003523 -0.004319 -0.004959 -0.005412 -0.005712 -0.005938 -0.006171 -0.006443 -0.006730 -0.006962 -0.007069 -0.006994 -0.006706 -0.006187 -0.005445 -0.004518 -0.003477 -0.002410 -0.001400 -0.000507 0.000238 0.000834 0.001317 0.001750 0.002198 0.002697 0.003224 0.003698 0.004010 0.004072 0.003848 0.003362 0.002688 0.001922 0.001168 0.000526 0.000080 -0.000117 -0.000051 0.000254 0.000754 0.001396 0.002131 0.002925 0.003752 0.004574 0.005324 0.005905 0.005864 0.006000 0.005858 0.005456 0.004846 0.004099 0.003294 0.002511 0.001819 0.001256 0.000801 0.000385 -0.000080 -0.000658 -0.001367 -0.002175 -0.003020 -0.003818 -0.004486 -0.004983 -0.005335 -0.005625 -0.005937 -0.006301 -0.006676 -0.006977 -0.007123 -0.007064 -0.006779 -0.006257 -0.005505 -0.004554 -0.003478 -0.002375 -0.001339 -0.000441 0.000288 0.000852 0.001293 0.001680 0.002080 0.002529 0.003011 0.003458 0.003772 0.003868 0.003699 0.003274 0.002646 0.001901 0.001142 0.000479 0.000005 -0.000216 -0.000169 0.000122 0.000606 0.001227 0.001932 0.002681 0.003445 0.004195 0.004893 0.005474 0.005437 0.005666 0.005662 0.005412 0.004939 0.004288 0.003524 0.002735 0.002011 0.001417 0.000957 0.000572 0.000170 -0.000329 -0.000961 -0.001716 -0.002543 -0.003355 -0.004060 -0.004599 -0.004992 -0.005322 -0.005684 -0.006111 -0.006553 -0.006909 -0.007086 -0.007035 -0.006749 -0.006226 -0.005471 -0.004509 -0.003413 -0.002286 -0.001237 -0.000343 0.000358 0.000877 0.001261 0.001583 0.001915 0.002298 0.002725 0.003139 0.003451 0.003577 0.003460 0.003092 0.002511 0.001793 0.001045 0.000379 -0.000102 -0.000332 -0.000295 -0.000018 0.000446 0.001037 0.001703 0.002406 0.003115 0.003807 0.004453 0.005014 0.004976 0.005275 0.005388 0.005288 0.004968 0.004447 0.003771 0.003021 0.002299 0.001692 0.001227 0.000857 0.000490 0.000039 -0.000551 -0.001284 -0.002115 -0.002956 -0.003700 -0.004277 -0.004695 -0.005037 -0.005412 -0.005864 -0.006347 -0.006744 -0.006949 -0.006911 -0.006630 -0.006116 -0.005373 -0.004419 -0.003317 -0.002177 -0.001117 -0.000229 0.000444 0.000913 0.001228 0.001469 0.001716 0.002018 0.002381 0.002757 0.003065 0.003218 0.003150 0.002840 0.002312 0.001636 0.000916 0.000269 -0.000200 -0.000426 -0.000397 -0.000141 0.000288 0.000833 0.001446 0.002092 0.002745 0.003385 0.003990 0.004533 0.004478 0.004837 0.005052 0.005089 0.004923 0.004549 0.003993 0.003323 0.002644 0.002054 0.001595 0.001229 0.000872 0.000431 -0.000155 -0.000896 -0.001752 -0.002628 -0.003413 -0.004020 -0.004446 -0.004773 -0.005121 -0.005559 -0.006051 -0.006476 -0.006710 -0.006694 -0.006432 -0.005945 -0.005237 -0.004314 -0.003230 -0.002089 -0.001021 -0.000134 0.000520 0.000943 0.001189 0.001343 0.001496 0.001710 0.002005 0.002344 0.002648 0.002830 0.002814 0.002565 0.002099 0.001479 0.000805 0.000196 -0.000248 -0.000465 -0.000448 -0.000227 0.000147 0.000626 0.001168 0.001743 0.002331 0.002917 0.003485 0.004015 0.003928 0.004340 0.004646 0.004808 0.004790 0.004569 0.004155 0.003601 0.003007 0.002467 0.002030 0.001664 0.001292 0.000826 0.000208 -0.000570 -0.001462 -0.002372 -0.003187 -0.003815 -0.004236 -0.004525 -0.004813 -0.005199 -0.005670 -0.006107 -0.006371 -0.006389 -0.006165 -0.005724 -0.005074 -0.004214 -0.003178 -0.002061 -0.000995 -0.000102 0.000546 0.000940 0.001132 0.001210 0.001276 0.001409 0.001641 0.001947 0.002254 0.002468 0.002506 0.002323 0.001924 0.001366 0.000750 0.000187 -0.000224 -0.000433 -0.000439 -0.000271 0.000030 0.000425 0.000881 0.001373 0.001885 0.002409 0.002935 0.003449 0.003331 0.003780 0.004161 0.004432 0.004550 0.004483 0.004226 0.003821 0.003349 0.002894 0.002495 0.002126 0.001716 0.001193 0.000514 -0.000317 -0.001244 -0.002176 -0.003004 -0.003636 -0.004040 -0.004276 -0.004483 -0.004790 -0.005216 -0.005651 -0.005946 -0.006012 -0.005841 -0.005462 -0.004890 -0.004119 -0.003168 -0.002109 -0.001066 -0.000170 0.000487 0.000879 0.001046 0.001078 0.001084 0.001155 0.001340 0.001624 0.001939 0.002185 0.002274 0.002151 0.001813 0.001316 0.000757 0.000244 -0.000135 -0.000342 -0.000381 -0.000279 -0.000064 0.000236 0.000597 0.001001 0.001434 0.001890 0.002364 0.002850 0.002717 0.003178 0.003605 0.003959 0.004195 0.004276 0.004188 0.003956 0.003639 0.003296 0.002949 0.002572 0.002107 0.001503 0.000745 -0.000142 -0.001093 -0.002022 -0.002836 -0.003451 -0.003825 -0.004002 -0.004121 -0.004336 -0.004701 -0.005127 -0.005457 -0.005582 -0.005480 -0.005176 -0.004690 -0.004024 -0.003182 -0.002216 -0.001228 -0.000346 0.000326 0.000742 0.000924 0.000954 0.000942 0.000987 0.001149 0.001424 0.001745 0.002015 0.002138 0.002054 0.001761 0.001312 0.000803 0.000336 -0.000015 -0.000225 -0.000302 -0.000267 -0.000141 0.000062 0.000328 0.000645 0.001001 0.001390 0.001809 0.002254 0.002132 0.002578 0.003018 0.003419 0.003745 0.003958 0.004038 0.003993 0.003850 0.003634 0.003347 0.002958 0.002426 0.001731 0.000890 -0.000042 -0.000994 -0.001889 -0.002657 -0.003229 -0.003559 -0.003675 -0.003709 -0.003836 -0.004140 -0.004557 -0.004929 -0.005127 -0.005106 -0.004884 -0.004485 -0.003920 -0.003195 -0.002342 -0.001439 -0.000595 0.000085 0.000540 0.000772 0.000845 0.000861 0.000920 0.001086 0.001360 0.001682 0.001954 0.002082 0.002008 0.001732 0.001312 0.000840 0.000411 0.000083 -0.000128 -0.000235 -0.000257 -0.000207 -0.000092 0.000085 0.000319 0.000604 0.000932 0.001299 0.001701 0.001613 0.002034 0.002463 0.002878 0.003256 0.003571 0.003801 0.003933 0.003961 0.003875 0.003648 0.003246 0.002647 0.001865 0.000955 -0.000002 -0.000927 -0.001757 -0.002447 -0.002949 -0.003218 -0.003272 -0.003233 -0.003287 -0.003546 -0.003965 -0.004389 -0.004671 -0.004744 -0.004609 -0.004291 -0.003812 -0.003187 -0.002445 -0.001639 -0.000855 -0.000183 0.000310 0.000609 0.000758 0.000839 0.000945 0.001135 0.001412 0.001719 0.001966 0.002064 0.001965 0.001678 0.001264 0.000814 0.000410 0.000101 -0.000102 -0.000217 -0.000266 -0.000264 -0.000215 -0.000115 0.000040 0.000253 0.000523 0.000846 0.001212 0.001176 0.001583 0.001997 0.002406 0.002805 0.003182 0.003521 0.003797 0.003973 0.004000 0.003827 0.003413 0.002758 0.001908 0.000955 0.000002 -0.000867 -0.001607 -0.002193 -0.002600 -0.002793 -0.002782 -0.002686 -0.002693 -0.002932 -0.003372 -0.003861 -0.004237 -0.004411 -0.004366 -0.004124 -0.003713 -0.003161 -0.002502 -0.001782 -0.001064 -0.000416 0.000103 0.000467 0.000701 0.000865 0.001033 0.001254 0.001528 0.001802 0.001994 0.002029 0.001875 0.001552 0.001124 0.000676 0.000283 -0.000009 -0.000194 -0.000287 -0.000320 -0.000317 -0.000293 -0.000245 -0.000161 -0.000025 0.000179 0.000454 0.000792 0.000815 0.001227 0.001645 0.002053 0.002453 0.002855 0.003255 0.003625 0.003905 0.004016 0.003884 0.003464 0.002771 0.001884 0.000920 0.000000 -0.000792 -0.001424 -0.001891 -0.002186 -0.002288 -0.002213 -0.002077 -0.002066 -0.002316 -0.002801 -0.003367 -0.003841 -0.004116 -0.004162 -0.003992 -0.003635 -0.003130 -0.002520 -0.001855 -0.001188 -0.000568 -0.000040 0.000374 0.000682 0.000923 0.001150 0.001395 0.001652 0.001872 0.001984 0.001934 0.001704 0.001325 0.000863 0.000398 0.000001 -0.000283 -0.000439 -0.000484 -0.000453 -0.000389 -0.000326 -0.000281 -0.000243 -0.000184 -0.000065 0.000142 0.000442 0.000533 0.000958 0.001401 0.001826 0.002230 0.002634 0.003052 0.003462 0.003796 0.003956 0.003848 0.003425 0.002718 0.001823 0.000881 0.000018 -0.000686 -0.001203 -0.001545 -0.001718 -0.001722 -0.001585 -0.001426 -0.001429 -0.001722 -0.002275 -0.002928 -0.003496 -0.003862 -0.003989 -0.003886 -0.003581 -0.003109 -0.002521 -0.001878 -0.001234 -0.000632 -0.000102 0.000342 0.000701 0.000999 0.001265 0.001515 0.001736 0.001884 0.001902 0.001753 0.001437 0.000989 0.000478 -0.000021 -0.000437 -0.000721 -0.000849 -0.000831 -0.000702 -0.000520 -0.000347 -0.000230 -0.000182 -0.000176 -0.000153 -0.000046 0.000184 0.000355 0.000776 0.001252 0.001711 0.002130 0.002528 0.002936 0.003347 0.003693 0.003867 0.003767 0.003345 0.002640 0.001763 0.000862 0.000068 -0.000542 -0.000948 -0.001165 -0.001216 -0.001122 -0.000931 -0.000770 -0.000815 -0.001177 -0.001816 -0.002558 -0.003210 -0.003647 -0.003836 -0.003790 -0.003536 -0.003099 -0.002528 -0.001886 -0.001241 -0.000638 -0.000102 0.000358 0.000745 0.001071 0.001349 0.001582 0.001750 0.001813 0.001730 0.001480 0.001074 0.000553 -0.000015 -0.000555 -0.000999 -0.001290 -0.001397 -0.001319 -0.001083 -0.000751 -0.000408 -0.000139 -0.000001 0.000010 -0.000042 -0.000053 0.000067 0.000320 0.000703 0.001197 0.001695 0.002137 0.002531 0.002917 0.003304 0.003635 0.003800 0.003694 0.003271 0.002576 0.001727 0.000877 0.000153 -0.000367 -0.000667 -0.000767 -0.000705 -0.000521 -0.000291 -0.000149 -0.000258 -0.000710 -0.001442 -0.002268 -0.002984 -0.003466 -0.003690 -0.003684 -0.003478 -0.003089 -0.002546 -0.001909 -0.001251 -0.000632 -0.000084 0.000387 0.000784 0.001114 0.001380 0.001574 0.001675 0.001648 0.001465 0.001118 0.000626 0.000036 -0.000586 -0.001164 -0.001628 -0.001924 -0.002014 -0.001889 -0.001562 -0.001086 -0.000552 -0.000077 0.000232 0.000329 0.000259 0.000145 0.000133 0.000454 0.000766 0.001250 0.001773 0.002238 0.002630 0.002992 0.003347 0.003650 0.003794 0.003671 0.003239 0.002548 0.001725 0.000922 0.000266 -0.000172 -0.000377 -0.000374 -0.000214 0.000039 0.000289 0.000394 0.000207 -0.000340 -0.001161 -0.002056 -0.002813 -0.003312 -0.003543 -0.003556 -0.003392 -0.003060 -0.002568 -0.001957 -0.001298 -0.000662 -0.000095 0.000385 0.000780 0.001097 0.001332 0.001474 0.001500 0.001383 0.001107 0.000673 0.000106 -0.000541 -0.001202 -0.001800 -0.002267 -0.002549 -0.002615 -0.002449 -0.002058 -0.001473 -0.000771 -0.000083 0.000442 0.000697 0.000682 0.000517 0.000387 0.000743 0.000971 0.001420 0.001948 0.002426 0.002816 0.003158 0.003485 0.003758 0.003871 0.003717 0.003259 0.002558 0.001751 0.000990 0.000395 0.000029 -0.000096 -0.000012 0.000222 0.000520 0.000768 0.000825 0.000557 -0.000075 -0.000967 -0.001907 -0.002682 -0.003175 -0.003392 -0.003406 -0.003273 -0.003001 -0.002580 -0.002024 -0.001390 -0.000753 -0.000175 0.000313 0.000702 0.000995 0.001187 0.001268 0.001218 0.001019 0.000661 0.000155 -0.000467 -0.001151 -0.001826 -0.002417 -0.002859 -0.003103 -0.003125 -0.002918 -0.002480 -0.001825 -0.001008 -0.000146 0.000588 0.001035 0.001136 0.000984 0.000783 0.001140 0.001296 0.001700 0.002214 0.002693 0.003082 0.003413 0.003720 0.003964 0.004034 0.003828 0.003321 0.002594 0.001794 0.001069 0.000525 0.000215 0.000148 0.000289 0.000569 0.000886 0.001117 0.001121 0.000785 0.000092 -0.000841 -0.001797 -0.002565 -0.003037 -0.003233 -0.003242 -0.003135 -0.002922 -0.002581 -0.002102 -0.001523 -0.000910 -0.000335 0.000152 0.000530 0.000793 0.000937 0.000955 0.000833 0.000561 0.000138 -0.000418 -0.001069 -0.001759 -0.002417 -0.002970 -0.003356 -0.003537 -0.003497 -0.003239 -0.002763 -0.002071 -0.001190 -0.000216 0.000678 0.001299 0.001542 0.001457 0.001244 0.001581 0.001697 0.002061 0.002552 0.003025 0.003416 0.003748 0.004045 0.004256 0.004265 0.003980 0.003403 0.002639 0.001840 0.001142 0.000633 0.000360 0.000328 0.000500 0.000801 0.001119 0.001324 0.001282 0.000901 0.000181 -0.000755 -0.001694 -0.002437 -0.002883 -0.003063 -0.003075 -0.002998 -0.002843 -0.002582 -0.002190 -0.001684 -0.001121 -0.000572 -0.000099 0.000260 0.000490 0.000586 0.000543 0.000357 0.000027 -0.000439 -0.001018 -0.001667 -0.002329 -0.002936 -0.003418 -0.003721 -0.003817 -0.003704 -0.003391 -0.002881 -0.002169 -0.001265 -0.000242 0.000742 0.001487 0.001857 0.001868 0.001696 0.002011 0.002124 0.002465 0.002935 0.003403 0.003805 0.004150 0.004442 0.004607 0.004530 0.004142 0.003481 0.002675 0.001871 0.001186 0.000695 0.000440 0.000424 0.000608 0.000911 0.001218 0.001397 0.001327 0.000930 0.000220 -0.000680 -0.001573 -0.002273 -0.002696 -0.002877 -0.002915 -0.002883 -0.002790 -0.002605 -0.002297 -0.001870 -0.001370 -0.000866 -0.000425 -0.000096 0.000098 0.000146 0.000050 -0.000187 -0.000557 -0.001043 -0.001614 -0.002227 -0.002827 -0.003347 -0.003727 -0.003925 -0.003927 -0.003740 -0.003375 -0.002836 -0.002115 -0.001216 -0.000194 0.000813 0.001617 0.002076 0.002186 0.002090 0.002398 0.002539 0.002876 0.003337 0.003809 0.004233 0.004599 0.004878 0.004976 0.004788 0.004283 0.003536 0.002685 0.001864 0.001176 0.000688 0.000439 0.000430 0.000616 0.000912 0.001204 0.001365 0.001286 0.000904 0.000239 -0.000593 -0.001415 -0.002063 -0.002470 -0.002676 -0.002766 -0.002800 -0.002779 -0.002667 -0.002433 -0.002079 -0.001646 -0.001199 -0.000805 -0.000517 -0.000366 -0.000363 -0.000503 -0.000777 -0.001165 -0.001642 -0.002175 -0.002720 -0.003223 -0.003626 -0.003881 -0.003962 -0.003870 -0.003617 -0.003211 -0.002652 -0.001932 -0.001056 -0.000071 0.000904 0.001710 0.002218 0.002413 0.002410 0.002734 0.002922 0.003274 0.003739 0.004228 0.004682 0.005066 0.005314 0.005319 0.005003 0.004378 0.003548 0.002647 0.001799 0.001097 0.000608 0.000365 0.000362 0.000546 0.000833 0.001111 0.001265 0.001197 0.000855 0.000261 -0.000481 -0.001216 -0.001809 -0.002211 -0.002461 -0.002628 -0.002747 -0.002805 -0.002763 -0.002593 -0.002304 -0.001935 -0.001550 -0.001214 -0.000980 -0.000879 -0.000920 -0.001097 -0.001390 -0.001773 -0.002216 -0.002682 -0.003126 -0.003502 -0.003763 -0.003879 -0.003845 -0.003673 -0.003372 -0.002940 -0.002370 -0.001659 -0.000819 0.000104 0.001014 0.001783 0.002309 0.002573 0.002664 0.003031 0.003276 0.003656 0.004138 0.004653 0.005136 0.005519 0.005707 0.005598 0.005149 0.004411 0.003499 0.002544 0.001664 0.000953 0.000473 0.000245 0.000251 0.000434 0.000710 0.000977 0.001133 0.001090 0.000804 0.000297 -0.000342 -0.000984 -0.001523 -0.001932 -0.002243 -0.002502 -0.002714 -0.002850 -0.002869 -0.002754 -0.002519 -0.002211 -0.001892 -0.001625 -0.001458 -0.001417 -0.001507 -0.001715 -0.002015 -0.002374 -0.002758 -0.003126 -0.003440 -0.003663 -0.003767 -0.003747 -0.003615 -0.003387 -0.003060 -0.002618 -0.002046 -0.001350 -0.000553 0.000300 0.001131 0.001848 0.002376 0.002697 0.002876 0.003313 0.003617 0.004032 0.004539 0.005077 0.005570 0.005923 0.006024 0.005789 0.005211 0.004367 0.003377 0.002371 0.001471 0.000771 0.000319 0.000119 0.000137 0.000315 0.000577 0.000833 0.000994 0.000983 0.000762 0.000350 -0.000181 -0.000729 -0.001223 -0.001649 -0.002032 -0.002384 -0.002683 -0.002884 -0.002950 -0.002874 -0.002686 -0.002439 -0.002195 -0.002012 -0.001930 -0.001964 -0.002113 -0.002352 -0.002650 -0.002967 -0.003265 -0.003506 -0.003662 -0.003715 -0.003664 -0.003528 -0.003330 -0.003075 -0.002743 -0.002302 -0.001736 -0.001061 -0.000308 0.000477 0.001238 0.001909 0.002439 0.002813 0.003075 0.003606 0.003968 0.004418 0.004943 0.005488 0.005963 0.006251 0.006243 0.005879 0.005181 0.004238 0.003179 0.002141 0.001251 0.000591 0.000187 0.000021 0.000049 0.000216 0.000458 0.000700 0.000866 0.000890 0.000738 0.000422 -0.000001 -0.000464 -0.000925 -0.001382 -0.001839 -0.002274 -0.002638 -0.002877 -0.002965 -0.002913 -0.002767 -0.002588 -0.002436 -0.002360 -0.002385 -0.002515 -0.002733 -0.003006 -0.003291 -0.003543 -0.003725 -0.003810 -0.003791 -0.003677 -0.003496 -0.003283 -0.003056 -0.002800 -0.002475 -0.002041 -0.001489 -0.000839 -0.000128 0.000603 0.001314 0.001963 0.002511 0.002944 0.003288 0.003927 0.004344 0.004819 0.005347 0.005871 0.006291 0.006485 0.006355 0.005863 0.005052 0.004023 0.002917 0.001882 0.001040 0.000449 0.000104 -0.000031 -0.000001 0.000148 0.000365 0.000592 0.000764 0.000825 0.000744 0.000524 0.000200 -0.000196 -0.000646 -0.001146 -0.001671 -0.002165 -0.002557 -0.002798 -0.002880 -0.002840 -0.002740 -0.002647 -0.002614 -0.002672 -0.002829 -0.003070 -0.003362 -0.003658 -0.003908 -0.004067 -0.004107 -0.004023 -0.003836 -0.003587 -0.003322 -0.003076 -0.002850 -0.002606 -0.002291 -0.001869 -0.001336 -0.000717 -0.000044 0.000653 0.001345 0.002003 0.002595 0.003101 0.003531 0.004278 0.004742 0.005229 0.005736 0.006208 0.006540 0.006618 0.006357 0.005742 0.004828 0.003735 0.002620 0.001634 0.000874 0.000364 0.000075 -0.000038 -0.000015 0.000112 0.000305 0.000521 0.000705 0.000809 0.000801 0.000671 0.000423 0.000064 -0.000403 -0.000953 -0.001529 -0.002042 -0.002416 -0.002618 -0.002674 -0.002648 -0.002616 -0.002641 -0.002757 -0.002972 -0.003271 -0.003619 -0.003968 -0.004264 -0.004452 -0.004496 -0.004388 -0.004149 -0.003832 -0.003497 -0.003198 -0.002952 -0.002738 -0.002505 -0.002199 -0.001794 -0.001291 -0.000708 -0.000067 0.000615 0.001320 0.002019 0.002682 0.003280 0.003804 0.004640 0.005144 0.005629 0.006092 0.006482 0.006701 0.006646 0.006251 0.005517 0.004521 0.003403 0.002328 0.001429 0.000768 0.000336 0.000089 -0.000014 -0.000001 0.000107 0.000287 0.000505 0.000714 0.000869 0.000930 0.000868 0.000660 0.000297 -0.000212 -0.000809 -0.001399 -0.001877 -0.002182 -0.002318 -0.002349 -0.002364 -0.002440 -0.002617 -0.002903 -0.003277 -0.003702 -0.004131 -0.004507 -0.004774 -0.004882 -0.004810 -0.004572 -0.004219 -0.003823 -0.003454 -0.003153 -0.002919 -0.002713 -0.002483 -0.002188 -0.001809 -0.001347 -0.000807 -0.000192 0.000492 0.001233 0.002001 0.002758 0.003462 0.004088 0.004982 0.005521 0.005991 0.006392 0.006678 0.006766 0.006569 0.006041 0.005206 0.004164 0.003071 0.002080 0.001290 0.000724 0.000352 0.000133 0.000034 0.000041 0.000143 0.000327 0.000563 0.000811 0.001019 0.001132 0.001100 0.000885 0.000477 -0.000082 -0.000696 -0.001245 -0.001632 -0.001834 -0.001906 -0.001946 -0.002052 -0.002279 -0.002632 -0.003085 -0.003591 -0.004105 -0.004575 -0.004945 -0.005162 -0.005187 -0.005014 -0.004683 -0.004264 -0.003839 -0.003468 -0.003177 -0.002948 -0.002739 -0.002509 -0.002229 -0.001890 -0.001481 -0.000990 -0.000401 0.000294 0.001085 0.001938 0.002803 0.003622 0.004354 0.005269 0.005838 0.006286 0.006613 0.006785 0.006733 0.006394 0.005748 0.004846 0.003808 0.002786 0.001903 0.001219 0.000729 0.000401 0.000200 0.000109 0.000122 0.000236 0.000440 0.000710 0.001000 0.001247 0.001379 0.001328 0.001060 0.000590 0.000002 -0.000575 -0.001022 -0.001280 -0.001382 -0.001430 -0.001541 -0.001794 -0.002202 -0.002728 -0.003318 -0.003914 -0.004470 -0.004940 -0.005272 -0.005423 -0.005368 -0.005123 -0.004741 -0.004300 -0.003877 -0.003519 -0.003233 -0.002996 -0.002775 -0.002545 -0.002292 -0.002005 -0.001661 -0.001227 -0.000666 0.000039 0.000882 0.001822 0.002796 0.003731 0.004566 0.005467 0.006061 0.006484 0.006736 0.006793 0.006608 0.006145 0.005414 0.004492 0.003504 0.002578 0.001802 0.001205 0.000771 0.000475 0.000295 0.000222 0.000255 0.000395 0.000631 0.000938 0.001259 0.001516 0.001621 0.001508 0.001165 0.000650 0.000086 -0.000394 -0.000699 -0.000831 -0.000878 -0.000975 -0.001225 -0.001664 -0.002256 -0.002930 -0.003613 -0.004249 -0.004798 -0.005221 -0.005482 -0.005555 -0.005434 -0.005148 -0.004755 -0.004325 -0.003919 -0.003570 -0.003277 -0.003021 -0.002784 -0.002559 -0.002342 -0.002119 -0.001851 -0.001481 -0.000957 -0.000247 0.000639 0.001656 0.002727 0.003766 0.004696 0.005549 0.006165 0.006565 0.006750 0.006707 0.006413 0.005861 0.005092 0.004192 0.003278 0.002450 0.001764 0.001232 0.000841 0.000574 0.000419 0.000374 0.000439 0.000613 0.000885 0.001218 0.001546 0.001774 0.001814 0.001619 0.001217 0.000707 0.000224 -0.000118 -0.000286 -0.000340 -0.000411 -0.000633 -0.001072 -0.001709 -0.002464 -0.003243 -0.003971 -0.004593 -0.005080 -0.005410 -0.005572 -0.005563 -0.005397 -0.005104 -0.004730 -0.004329 -0.003942 -0.003592 -0.003279 -0.002996 -0.002743 -0.002528 -0.002356 -0.002203 -0.002015 -0.001715 -0.001233 -0.000531 0.000382 0.001454 0.002599 0.003719 0.004723 0.005506 0.006137 0.006521 0.006658 0.006543 0.006178 0.005582 0.004814 0.003964 0.003130 0.002386 0.001769 0.001286 0.000927 0.000687 0.000561 0.000549 0.000651 0.000863 0.001165 0.001509 0.001815 0.001985 0.001944 0.001683 0.001267 0.000817 0.000454 0.000245 0.000167 0.000111 -0.000067 -0.000471 -0.001117 -0.001935 -0.002816 -0.003655 -0.004372 -0.004925 -0.005298 -0.005499 -0.005548 -0.005467 -0.005278 -0.005005 -0.004672 -0.004306 -0.003934 -0.003571 -0.003227 -0.002912 -0.002644 -0.002443 -0.002316 -0.002232 -0.002119 -0.001886 -0.001450 -0.000769 0.000149 0.001245 0.002428 0.003593 0.004644 0.005349 0.005986 0.006362 0.006471 0.006319 0.005923 0.005322 0.004585 0.003798 0.003040 0.002367 0.001802 0.001352 0.001015 0.000793 0.000689 0.000709 0.000851 0.001101 0.001428 0.001769 0.002036 0.002140 0.002036 0.001748 0.001369 0.001016 0.000771 0.000650 0.000585 0.000444 0.000098 -0.000514 -0.001357 -0.002322 -0.003282 -0.004127 -0.004782 -0.005216 -0.005439 -0.005492 -0.005427 -0.005288 -0.005099 -0.004867 -0.004588 -0.004261 -0.003895 -0.003508 -0.003124 -0.002773 -0.002488 -0.002299 -0.002209 -0.002180 -0.002129 -0.001952 -0.001563 -0.000915 -0.000020 0.001063 0.002242 0.003412 0.004474 0.005100 0.005732 0.006102 0.006202 0.006042 0.005650 0.005076 0.004394 0.003678 0.002993 0.002377 0.001849 0.001415 0.001081 0.000860 0.000766 0.000810 0.000990 0.001280 0.001632 0.001968 0.002201 0.002260 0.002128 0.001860 0.001554 0.001299 0.001137 0.001036 0.000904 0.000613 0.000066 -0.000751 -0.001758 -0.002825 -0.003813 -0.004613 -0.005159 -0.005439 -0.005494 -0.005397 -0.005228 -0.005048 -0.004877 -0.004703 -0.004488 -0.004202 -0.003838 -0.003418 -0.002985 -0.002591 -0.002283 -0.002094 -0.002025 -0.002027 -0.002013 -0.001876 -0.001530 -0.000933 -0.000093 0.000937 0.002069 0.003202 0.004239 0.004785 0.005396 0.005760 0.005865 0.005721 0.005362 0.004844 0.004234 0.003596 0.002978 0.002409 0.001901 0.001462 0.001107 0.000861 0.000754 0.000808 0.001020 0.001353 0.001739 0.002088 0.002315 0.002367 0.002252 0.002038 0.001812 0.001633 0.001498 0.001349 0.001087 0.000608 -0.000145 -0.001140 -0.002268 -0.003385 -0.004351 -0.005062 -0.005467 -0.005578 -0.005462 -0.005223 -0.004966 -0.004763 -0.004628 -0.004525 -0.004385 -0.004146 -0.003782 -0.003322 -0.002829 -0.002377 -0.002031 -0.001825 -0.001753 -0.001758 -0.001751 -0.001634 -0.001332 -0.000805 -0.000053 0.000881 0.001923 0.002981 0.003960 0.004418 0.005001 0.005360 0.005482 0.005376 0.005076 0.004635 0.004108 0.003549 0.002994 0.002461 0.001957 0.001491 0.001084 0.000780 0.000632 0.000674 0.000907 0.001282 0.001717 0.002111 0.002376 0.002468 0.002409 0.002267 0.002112 0.001969 0.001808 0.001556 0.001126 0.000449 -0.000490 -0.001622 -0.002821 -0.003937 -0.004837 -0.005430 -0.005682 -0.005625 -0.005350 -0.004986 -0.004658 -0.004448 -0.004364 -0.004345 -0.004290 -0.004104 -0.003745 -0.003240 -0.002672 -0.002144 -0.001738 -0.001492 -0.001390 -0.001371 -0.001345 -0.001229 -0.000966 -0.000526 0.000101 0.000898 0.001809 0.002755 0.003650 0.004015 0.004567 0.004930 0.005084 0.005035 0.004811 0.004455 0.004016 0.003535 0.003039 0.002535 0.002021 0.001501 0.001011 0.000617 0.000397 0.000401 0.000634 0.001047 0.001544 0.002015 0.002364 0.002545 0.002574 0.002510 0.002405 0.002263 0.002035 0.001650 0.001043 0.000183 -0.000904 -0.002124 -0.003340 -0.004411 -0.005217 -0.005685 -0.005794 -0.005590 -0.005180 -0.004711 -0.004329 -0.004123 -0.004096 -0.004167 -0.004205 -0.004084 -0.003736 -0.003186 -0.002533 -0.001907 -0.001414 -0.001100 -0.000946 -0.000879 -0.000813 -0.000681 -0.000452 -0.000108 0.000369 0.000990 0.001730 0.002530 0.003316 0.003601 0.004122 0.004496 0.004694 0.004712 0.004571 0.004304 0.003953 0.003552 0.003114 0.002633 0.002090 0.001492 0.000891 0.000381 0.000064 0.000006 0.000219 0.000654 0.001214 0.001782 0.002250 0.002557 0.002700 0.002719 0.002649 0.002483 0.002170 0.001649 0.000882 -0.000125 -0.001309 -0.002562 -0.003749 -0.004747 -0.005456 -0.005817 -0.005817 -0.005503 -0.004990 -0.004439 -0.004010 -0.003807 -0.003833 -0.003992 -0.004127 -0.004079 -0.003755 -0.003168 -0.002427 -0.001686 -0.001080 -0.000671 -0.000441 -0.000310 -0.000190 -0.000030 0.000175 0.000424 0.000741 0.001163 0.001702 0.002327 0.002982 0.003210 0.003694 0.004079 0.004324 0.004413 0.004354 0.004176 0.003915 0.003595 0.003212 0.002740 0.002149 0.001451 0.000724 0.000089 -0.000333 -0.000466 -0.000293 0.000141 0.000747 0.001408 0.002008 0.002462 0.002739 0.002851 0.002814 0.002619 0.002224 0.001587 0.000699 -0.000400 -0.001626 -0.002863 -0.003992 -0.004910 -0.005541 -0.005834 -0.005775 -0.005402 -0.004825 -0.004210 -0.003736 -0.003523 -0.003584 -0.003816 -0.004041 -0.004073 -0.003789 -0.003184 -0.002367 -0.001507 -0.000768 -0.000238 0.000092 0.000300 0.000479 0.000673 0.000866 0.001035 0.001200 0.001422 0.001746 0.002178 0.002684 0.002877 0.003313 0.003701 0.003987 0.004140 0.004161 0.004071 0.003898 0.003653 0.003312 0.002830 0.002172 0.001367 0.000516 -0.000234 -0.000752 -0.000961 -0.000844 -0.000437 0.000184 0.000912 0.001629 0.002231 0.002653 0.002871 0.002883 0.002676 0.002225 0.001511 0.000553 -0.000584 -0.001803 -0.002991 -0.004050 -0.004901 -0.005486 -0.005760 -0.005697 -0.005318 -0.004716 -0.004058 -0.003534 -0.003288 -0.003351 -0.003627 -0.003927 -0.004040 -0.003815 -0.003222 -0.002355 -0.001392 -0.000517 0.000154 0.000605 0.000905 0.001148 0.001377 0.001567 0.001676 0.001715 0.001754 0.001873 0.002109 0.002456 0.002632 0.003007 0.003383 0.003696 0.003905 0.003997 0.003987 0.003892 0.003705 0.003385 0.002873 0.002142 0.001238 0.000288 -0.000549 -0.001146 -0.001428 -0.001381 -0.001029 -0.000432 0.000323 0.001123 0.001853 0.002419 0.002761 0.002848 0.002665 0.002201 0.001460 0.000485 -0.000644 -0.001822 -0.002948 -0.003941 -0.004746 -0.005318 -0.005615 -0.005598 -0.005262 -0.004676 -0.003993 -0.003415 -0.003108 -0.003133 -0.003413 -0.003761 -0.003951 -0.003803 -0.003256 -0.002384 -0.001355 -0.000360 0.000456 0.001045 0.001455 0.001768 0.002034 0.002228 0.002298 0.002243 0.002137 0.002077 0.002133 0.002325 0.002499 0.002802 0.003148 0.003470 0.003716 0.003866 0.003920 0.003882 0.003729 0.003407 0.002855 0.002058 0.001084 0.000072 -0.000820 -0.001475 -0.001831 -0.001870 -0.001603 -0.001066 -0.000328 0.000514 0.001341 0.002039 0.002514 0.002710 0.002597 0.002170 0.001453 0.000505 -0.000582 -0.001704 -0.002767 -0.003706 -0.004482 -0.005065 -0.005415 -0.005480 -0.005227 -0.004692 -0.004006 -0.003370 -0.002976 -0.002920 -0.003161 -0.003525 -0.003780 -0.003723 -0.003260 -0.002434 -0.001390 -0.000315 0.000630 0.001364 0.001898 0.002296 0.002604 0.002807 0.002857 0.002743 0.002535 0.002340 0.002248 0.002302 0.002490 0.002717 0.003016 0.003323 0.003583 0.003766 0.003859 0.003852 0.003707 0.003367 0.002776 0.001936 0.000929 -0.000105 -0.001023 -0.001725 -0.002160 -0.002303 -0.002146 -0.001701 -0.001015 -0.000169 0.000722 0.001531 0.002143 0.002472 0.002471 0.002131 0.001485 0.000600 -0.000425 -0.001485 -0.002491 -0.003387 -0.004147 -0.004753 -0.005169 -0.005333 -0.005189 -0.004733 -0.004067 -0.003378 -0.002877 -0.002706 -0.002864 -0.003210 -0.003513 -0.003553 -0.003204 -0.002472 -0.001472 -0.000374 0.000662 0.001526 0.002191 0.002689 0.003052 0.003275 0.003320 0.003180 0.002915 0.002634 0.002439 0.002388 0.002607 0.002766 0.003004 0.003268 0.003510 0.003693 0.003796 0.003792 0.003637 0.003270 0.002652 0.001797 0.000792 -0.000234 -0.001161 -0.001909 -0.002429 -0.002689 -0.002659 -0.002327 -0.001716 -0.000895 0.000029 0.000927 0.001668 0.002143 0.002286 0.002074 0.001535 0.000741 -0.000208 -0.001204 -0.002160 -0.003023 -0.003774 -0.004404 -0.004882 -0.005146 -0.005116 -0.004759 -0.004133 -0.003404 -0.002793 -0.002482 -0.002524 -0.002818 -0.003149 -0.003283 -0.003065 -0.002466 -0.001565 -0.000504 0.000566 0.001525 0.002310 0.002913 0.003346 0.003604 0.003665 0.003526 0.003247 0.002932 0.002686 0.002573 0.002839 0.002947 0.003120 0.003318 0.003505 0.003653 0.003732 0.003707 0.003525 0.003133 0.002501 0.001653 0.000672 -0.000333 -0.001267 -0.002064 -0.002674 -0.003052 -0.003148 -0.002932 -0.002411 -0.001636 -0.000703 0.000261 0.001116 0.001738 0.002040 0.001982 0.001580 0.000899 0.000039 -0.000892 -0.001803 -0.002642 -0.003388 -0.004037 -0.004565 -0.004909 -0.004985 -0.004729 -0.004161 -0.003413 -0.002702 -0.002244 -0.002149 -0.002365 -0.002700 -0.002915 -0.002830 -0.002385 -0.001626 -0.000660 0.000383 0.001384 0.002256 0.002956 0.003467 0.003777 0.003871 0.003761 0.003505 0.003204 0.002960 0.002835
SCALARS p float 1
LOOKUP_TABLE default
0.036460 0.024200 0.012871 0.002274 -0.006222 -0.010556 -0.008790 0.000699 0.018282 0.041617 0.065537 0.084290 0.094794 0.097848 0.095816 0.089160 0.075614 0.052622 0.020208 -0.018270 -0.057182 -0.089944 -0.110174 -0.113154 -0.097411 -0.065373 -0.022662 0.023397 0.065380 0.097283 0.115966 0.122048 0.119442 0.113248 0.106886 0.099985 0.088304 0.066061 0.029944 -0.016727 -0.062258 -0.090234 -0.088643 -0.058847 -0.016754 0.015389 0.021019 -0.002175 -0.043280 -0.088028 -0.126795 -0.154235 -0.166682 -0.162618 -0.143723 -0.113941 -0.077433 -0.037547 0.002141 0.036334 0.059021 0.066950 0.061997 0.049917 0.019687 0.017066 0.015219 0.010738 0.003583 -0.003069 -0.005189 0.000223 0.013874 0.033508 0.054660 0.072893 0.085963 0.093939 0.097076 0.093783 0.081097 0.057222 0.023408 -0.016436 -0.057284 -0.093832 -0.120475 -0.131808 -0.124337 -0.098325 -0.058158 -0.011037 0.034997 0.072989 0.098761 0.111919 0.115371 0.113314 0.108875 0.102634 0.092294 0.073447 0.041963 -0.001870 -0.049619 -0.085522 -0.094120 -0.071100 -0.028589 0.010765 0.027093 0.014641 -0.017639 -0.056385 -0.092965 -0.123048 -0.142934 -0.149533 -0.141997 -0.121903 -0.092340 -0.057228 -0.021359 0.009507 0.029887 0.037221 0.033817 0.025906 -0.005579 0.001628 0.010564 0.014471 0.011227 0.004554 0.000459 0.003430 0.014616 0.031854 0.051133 0.068711 0.082476 0.091524 0.094532 0.088958 0.072333 0.044480 0.008232 -0.032012 -0.072121 -0.108619 -0.137748 -0.154844 -0.155311 -0.136926 -0.101651 -0.055451 -0.006389 0.037794 0.071775 0.093769 0.105041 0.108178 0.105552 0.098699 0.087768 0.070662 0.043556 0.004509 -0.041503 -0.080948 -0.097108 -0.081069 -0.040399 0.003461 0.028583 0.026233 0.003290 -0.027937 -0.059687 -0.088617 -0.111493 -0.124667 -0.125993 -0.115556 -0.095262 -0.068538 -0.040236 -0.016081 -0.001046 0.003041 -0.000865 -0.005946 -0.035310 -0.019466 -0.000302 0.012663 0.015333 0.011592 0.008878 0.012568 0.023677 0.039723 0.056880 0.071912 0.082882 0.088410 0.086566 0.074976 0.052474 0.020645 -0.016637 -0.055290 -0.092525 -0.126539 -0.155202 -0.175096 -0.181770 -0.171474 -0.143497 -0.101381 -0.052001 -0.003210 0.038619 0.069973 0.089924 0.098927 0.098259 0.090234 0.077462 0.060514 0.036663 0.002758 -0.039072 -0.078166 -0.098539 -0.088523 -0.051254 -0.005607 0.025920 0.032323 0.018312 -0.005139 -0.031068 -0.056880 -0.079832 -0.096077 -0.102801 -0.099483 -0.087582 -0.070067 -0.051256 -0.036215 -0.029052 -0.030612 -0.037045 -0.040892 -0.064439 -0.042155 -0.014807 0.006439 0.016248 0.018416 0.020786 0.028389 0.041176 0.055996 0.069361 0.078994 0.083778 0.082708 0.074177 0.056702 0.030559 -0.001571 -0.036042 -0.070275 -0.103255 -0.134363 -0.162081 -0.183530 -0.194763 -0.191746 -0.172119 -0.136909 -0.090845 -0.040860 0.006179 0.045084 0.072551 0.086774 0.087849 0.078633 0.063758 0.046157 0.024400 -0.005049 -0.041855 -0.077915 -0.099223 -0.093416 -0.060138 -0.014903 0.020645 0.034102 0.027994 0.011619 -0.008891 -0.031447 -0.053715 -0.071683 -0.081762 -0.082843 -0.076478 -0.065954 -0.055487 -0.049443 -0.050818 -0.059158 -0.069428 -0.073469 -0.088141 -0.062201 -0.029575 -0.001725 0.015727 0.026134 0.036328 0.049543 0.063993 0.076060 0.083336 0.085380 0.082680 0.075212 0.062059 0.042576 0.017839 -0.009545 -0.037338 -0.065077 -0.093418 -0.122373 -0.150231 -0.173773 -0.189081 -0.192325 -0.180711 -0.153732 -0.114025 -0.066959 -0.019115 0.023224 0.054834 0.072070 0.074100 0.064069 0.047878 0.029955 0.009781 -0.016156 -0.048216 -0.079897 -0.099504 -0.095685 -0.066026 -0.022536 0.015117 0.033983 0.034491 0.023975 0.007717 -0.012460 -0.034627 -0.054852 -0.068609 -0.073403 -0.070255 -0.063132 -0.057205 -0.057079 -0.065046 -0.079336 -0.093542 -0.098723 -0.102929 -0.076214 -0.041343 -0.008824 0.016123 0.035793 0.054565 0.072867 0.087249 0.094501 0.094342 0.088929 0.080656 0.070327 0.057183 0.040605 0.021488 0.001562 -0.018491 -0.039761 -0.063890 -0.091233 -0.119913 -0.146242 -0.165886 -0.174948 -0.170660 -0.152006 -0.120369 -0.079678 -0.035717 0.005008 0.036343 0.053714 0.055818 0.045834 0.030014 0.013174 -0.005036 -0.028064 -0.056125 -0.083125 -0.099242 -0.095188 -0.067994 -0.026580 0.012032 0.035028 0.040870 0.034795 0.021345 0.002451 -0.020277 -0.043540 -0.062425 -0.072514 -0.072730 -0.066618 -0.060774 -0.061555 -0.071925 -0.089462 -0.106496 -0.113234 -0.106996 -0.081993 -0.047421 -0.012028 0.019508 0.047693 0.073560 0.094666 0.106778 0.108228 0.101589 0.091672 0.082185 0.073734 0.064602 0.053280 0.040020 0.025941 0.011218 -0.005488 -0.026026 -0.051189 -0.079656 -0.108005 -0.131706 -0.146488 -0.149343 -0.139027 -0.116351 -0.084308 -0.047779 -0.012765 0.014717 0.030109 0.032055 0.023486 0.010181 -0.003630 -0.018840 -0.039026 -0.063792 -0.086414 -0.098057 -0.091803 -0.065405 -0.025475 0.013778 0.040081 0.050061 0.046891 0.034648 0.015936 -0.007542 -0.033543 -0.058005 -0.075330 -0.081253 -0.076602 -0.068136 -0.064865 -0.072417 -0.089291 -0.107195 -0.115469 -0.099751 -0.078214 -0.045782 -0.009238 0.026995 0.061196 0.091127 0.112354 0.121064 0.117853 0.108002 0.098086 0.091825 0.088337 0.084064 0.076365 0.065266 0.052300 0.038479 0.023377 0.005547 -0.016306 -0.042098 -0.069704 -0.095313 -0.114630 -0.124219 -0.122335 -0.109219 -0.087099 -0.059927 -0.032782 -0.010880 0.001779 0.003961 -0.001880 -0.010916 -0.020043 -0.031125 -0.048127 -0.070006 -0.088797 -0.095641 -0.085660 -0.058182 -0.018507 0.021683 0.050774 0.063708 0.061776 0.048944 0.029112 0.004829 -0.022547 -0.050946 -0.075509 -0.089475 -0.089080 -0.078375 -0.068045 -0.067948 -0.079793 -0.096045 -0.105369 -0.081186 -0.064092 -0.035184 0.000515 0.038530 0.075119 0.105747 0.125318 0.131281 0.126330 0.117401 0.111402 0.110792 0.112481 0.111040 0.103167 0.089380 0.072414 0.054837 0.037722 0.020557 0.001956 -0.019183 -0.042584 -0.066143 -0.086514 -0.100345 -0.105407 -0.101171 -0.088902 -0.071435 -0.052682 -0.036816 -0.027127 -0.024689 -0.027529 -0.031804 -0.035598 -0.041864 -0.055198 -0.074251 -0.089761 -0.092016 -0.077381 -0.047117 -0.006268 0.035355 0.066732 0.081353 0.078974 0.063754 0.041312 0.015802 -0.011514 -0.040787 -0.069849 -0.091885 -0.098731 -0.088828 -0.071436 -0.060444 -0.063012 -0.074530 -0.083705 -0.051855 -0.039580 -0.015511 0.016878 0.053106 0.088242 0.116852 0.134287 0.139387 0.136012 0.131293 0.131189 0.136327 0.141625 0.140433 0.129374 0.109739 0.085495 0.060687 0.037948 0.018113 0.000458 -0.016563 -0.034208 -0.052420 -0.069593 -0.083307 -0.091442 -0.092973 -0.088263 -0.079002 -0.067872 -0.057938 -0.051699 -0.049905 -0.050785 -0.051171 -0.050090 -0.051467 -0.060707 -0.076704 -0.089348 -0.087642 -0.068185 -0.034012 0.009140 0.052454 0.085371 0.100364 0.096150 0.077287 0.051099 0.023653 -0.002961 -0.030263 -0.059500 -0.086613 -0.101643 -0.096508 -0.075032 -0.052385 -0.042122 -0.045197 -0.051977 -0.013336 -0.005748 0.012078 0.038357 0.069139 0.099439 0.124164 0.139696 0.145825 0.146413 0.147524 0.153473 0.163235 0.170562 0.168361 0.153430 0.127586 0.095553 0.062366 0.031925 0.006488 -0.013484 -0.029161 -0.042570 -0.055315 -0.067607 -0.078342 -0.085987 -0.089491 -0.088762 -0.084730 -0.079147 -0.074129 -0.071355 -0.071020 -0.071184 -0.068956 -0.063954 -0.060791 -0.065659 -0.078182 -0.088163 -0.083383 -0.059754 -0.021469 0.024419 0.069177 0.102603 0.116780 0.110038 0.087413 0.057462 0.027760 0.001663 -0.022350 -0.048001 -0.075442 -0.096612 -0.099037 -0.078453 -0.046512 -0.021486 -0.012038 -0.012896 0.031503 0.035617 0.046192 0.063684 0.085623 0.108138 0.127353 0.140827 0.148746 0.154093 0.161121 0.172299 0.185472 0.194077 0.191132 0.173573 0.143347 0.105445 0.065413 0.027988 -0.003433 -0.027219 -0.043851 -0.055589 -0.065175 -0.074299 -0.082991 -0.090196 -0.094803 -0.096372 -0.095384 -0.093099 -0.091104 -0.090540 -0.091127 -0.090675 -0.086383 -0.078164 -0.070943 -0.071385 -0.080022 -0.087316 -0.080377 -0.053886 -0.012307 0.035897 0.081373 0.114207 0.126802 0.117800 0.092691 0.060469 0.029228 0.003282 -0.017845 -0.038378 -0.061959 -0.085063 -0.095166 -0.080638 -0.044915 -0.006201 0.019186 0.029025 0.077807 0.082148 0.086481 0.093887 0.104380 0.116289 0.127659 0.137373 0.145803 0.154767 0.166509 0.181690 0.197377 0.207187 0.204515 0.186355 0.154531 0.114005 0.070515 0.029295 -0.005496 -0.031459 -0.048631 -0.059485 -0.067685 -0.076134 -0.085739 -0.095614 -0.104135 -0.110020 -0.112952 -0.113665 -0.113504 -0.113547 -0.113539 -0.111434 -0.104719 -0.093555 -0.082829 -0.079178 -0.083797 -0.088290 -0.079906 -0.052129 -0.008845 0.040527 0.085759 0.117209 0.128202 0.118235 0.093087 0.061298 0.030322 0.004625 -0.014946 -0.031307 -0.049288 -0.070037 -0.085133 -0.079839 -0.047761 -0.000669 0.041295 0.066808 0.116845 0.128210 0.131171 0.130720 0.129642 0.129137 0.129776 0.132218 0.137461 0.146645 0.160413 0.177822 0.195210 0.206388 0.205125 0.188434 0.157905 0.118267 0.075215 0.034303 0.000214 -0.024313 -0.039378 -0.047965 -0.054652 -0.063391 -0.075841 -0.091188 -0.107102 -0.120989 -0.131061 -0.136917 -0.139406 -0.139730 -0.138175 -0.133458 -0.123864 -0.110025 -0.096627 -0.089774 -0.090822 -0.092581 -0.083210 -0.055537 -0.012395 0.036645 0.080757 0.110676 0.120985 0.112223 0.090060 0.061770 0.033307 0.008545 -0.010699 -0.025219 -0.038662 -0.054717 -0.070708 -0.074351 -0.052541 -0.006297 0.047527 0.090922 0.136033 0.161700 0.171438 0.169893 0.161591 0.150284 0.139134 0.130968 0.128231 0.132548 0.144084 0.160928 0.178728 0.191210 0.192282 0.178892 0.152290 0.116696 0.077474 0.040391 0.010595 -0.009143 -0.019473 -0.024185 -0.028663 -0.037551 -0.052983 -0.074269 -0.098645 -0.122389 -0.142037 -0.155498 -0.162538 -0.164201 -0.161444 -0.154170 -0.141948 -0.126202 -0.111428 -0.102851 -0.101453 -0.101003 -0.091024 -0.064434 -0.022999 0.024343 0.066843 0.095878 0.107295 0.102349 0.085956 0.063536 0.039269 0.016217 -0.003287 -0.018152 -0.029676 -0.041345 -0.054790 -0.063744 -0.054776 -0.019308 0.035628 0.092319 0.125941 0.167984 0.191530 0.197735 0.190552 0.174792 0.155277 0.136633 0.123140 0.118091 0.122724 0.135401 0.151550 0.164659 0.168490 0.159765 0.139178 0.110034 0.076994 0.045929 0.022451 0.009168 0.004498 0.003667 0.000818 -0.008657 -0.026703 -0.052596 -0.083616 -0.115695 -0.144259 -0.165578 -0.177991 -0.181964 -0.178902 -0.169929 -0.156067 -0.139694 -0.125151 -0.116619 -0.114342 -0.112691 -0.102648 -0.077787 -0.039076 0.005725 0.046711 0.076180 0.090901 0.092063 0.083075 0.067283 0.047419 0.026132 0.006170 -0.010167 -0.022119 -0.031384 -0.040932 -0.050230 -0.050969 -0.031368 0.012214 0.069977 0.090951 0.142336 0.179903 0.199458 0.201750 0.190352 0.169933 0.145593 0.122864 0.107119 0.101925 0.107349 0.119555 0.132081 0.138493 0.135143 0.121857 0.100534 0.074750 0.050383 0.033545 0.026612 0.026821 0.028270 0.024988 0.013274 -0.007656 -0.036549 -0.071042 -0.107653 -0.141695 -0.168408 -0.184831 -0.190694 -0.187604 -0.177686 -0.163251 -0.147505 -0.134571 -0.127563 -0.125871 -0.124205 -0.114850 -0.092243 -0.056786 -0.014781 0.025252 0.056605 0.076313 0.084555 0.082718 0.072297 0.055256 0.034520 0.013561 -0.004542 -0.017940 -0.026700 -0.032999 -0.039087 -0.042837 -0.035930 -0.009765 0.035801 0.048599 0.097132 0.140976 0.172214 0.187430 0.187011 0.173436 0.150449 0.123460 0.099378 0.084480 0.081515 0.088353 0.099213 0.107750 0.109928 0.104358 0.091077 0.072329 0.053974 0.042754 0.040976 0.044679 0.046653 0.040830 0.024946 0.000260 -0.030739 -0.066003 -0.103288 -0.138698 -0.167139 -0.184737 -0.190637 -0.186631 -0.175653 -0.160981 -0.146338 -0.135500 -0.130604 -0.130298 -0.129536 -0.121652 -0.101829 -0.069957 -0.030800 0.008664 0.042479 0.067214 0.081396 0.084405 0.076452 0.059411 0.037022 0.013842 -0.006296 -0.021158 -0.030206 -0.034581 -0.036682 -0.037929 -0.035540 -0.022725 0.005852 0.013280 0.050948 0.091507 0.127325 0.152618 0.164455 0.161983 0.146050 0.120398 0.092331 0.070384 0.060159 0.061771 0.070719 0.081177 0.088763 0.090563 0.084493 0.071454 0.057367 0.049826 0.051551 0.057741 0.059693 0.050746 0.029864 0.000733 -0.032246 -0.066963 -0.102594 -0.136543 -0.163814 -0.179853 -0.183418 -0.176669 -0.163371 -0.147558 -0.133207 -0.123687 -0.120372 -0.121425 -0.122046 -0.116336 -0.099945 -0.072198 -0.036422 0.001772 0.036805 0.064358 0.081288 0.085481 0.076525 0.056621 0.030492 0.003826 -0.018789 -0.034977 -0.044342 -0.047760 -0.047028 -0.044256 -0.040075 -0.031893 -0.015039 -0.015604 0.011663 0.044623 0.078659 0.108501 0.129627 0.138303 0.131984 0.111700 0.083991 0.058745 0.043951 0.041948 0.049815 0.062522 0.075290 0.083479 0.082970 0.073568 0.061339 0.054949 0.058257 0.066400 0.069176 0.058467 0.033517 0.000170 -0.034852 -0.068820 -0.102137 -0.133681 -0.158703 -0.171858 -0.171372 -0.159864 -0.142142 -0.123102 -0.107003 -0.096975 -0.093977 -0.095989 -0.098423 -0.095799 -0.083891 -0.061415 -0.030496 0.004303 0.037570 0.064192 0.079873 0.081689 0.069077 0.044701 0.014126 -0.016150 -0.041108 -0.058419 -0.068057 -0.071178 -0.069323 -0.064163 -0.057069 -0.048048 -0.035138 -0.046748 -0.025240 0.001621 0.032063 0.062820 0.089688 0.107459 0.110804 0.097904 0.073876 0.049072 0.033077 0.030021 0.038471 0.054128 0.071628 0.084669 0.087589 0.079483 0.066509 0.058438 0.061028 0.070471 0.075447 0.065531 0.038902 0.002726 -0.033917 -0.067167 -0.098285 -0.127682 -0.151018 -0.161886 -0.157329 -0.139997 -0.115855 -0.091077 -0.070653 -0.057955 -0.054020 -0.056928 -0.062188 -0.064281 -0.058646 -0.043283 -0.019345 0.009383 0.037676 0.060047 0.071664 0.069275 0.052346 0.023977 -0.009680 -0.041862 -0.067759 -0.085453 -0.095303 -0.098766 -0.097422 -0.092539 -0.085036 -0.075335 -0.063005 -0.083044 -0.064514 -0.040975 -0.012882 0.018125 0.048821 0.073626 0.085504 0.080503 0.062371 0.041309 0.027609 0.026476 0.037489 0.056686 0.077966 0.093839 0.097948 0.089059 0.073096 0.060630 0.059845 0.069257 0.077288 0.070786 0.045530 0.008827 -0.028263 -0.060410 -0.089275 -0.116861 -0.139716 -0.150431 -0.144016 -0.122015 -0.091070 -0.058983 -0.032220 -0.015146 -0.009474 -0.013689 -0.023297 -0.032267 -0.035139 -0.028870 -0.013662 0.007362 0.029242 0.046424 0.053846 0.048025 0.028473 -0.001296 -0.034827 -0.065747 -0.090165 -0.106942 -0.116750 -0.121084 -0.121513 -0.119144 -0.114415 -0.107201 -0.096999 -0.116714 -0.102050 -0.081446 -0.054997 -0.023709 0.009697 0.039570 0.058174 0.060614 0.049805 0.035367 0.027336 0.031037 0.046290 0.068958 0.092333 0.108672 0.111948 0.100876 0.080594 0.061758 0.055044 0.062422 0.073330 0.072103 0.051147 0.016599 -0.019265 -0.049509 -0.075614 -0.101072 -0.124085 -0.137081 -0.132752 -0.110084 -0.074994 -0.036554 -0.003233 0.018839 0.026653 0.020955 0.006174 -0.010920 -0.023534 -0.027154 -0.020803 -0.006903 0.009834 0.023736 0.029364 0.022904 0.004009 -0.023329 -0.052736 -0.078926 -0.099462 -0.114097 -0.123566 -0.129027 -0.131811 -0.132988 -0.132888 -0.130949 -0.125995 -0.134957 -0.126891 -0.111584 -0.088683 -0.059012 -0.025319 0.006709 0.029530 0.038465 0.036070 0.030848 0.031500 0.042382 0.062682 0.087736 0.110783 0.125033 0.125814 0.112008 0.087354 0.061566 0.047283 0.050603 0.063365 0.068216 0.053791 0.023864 -0.009105 -0.036694 -0.059488 -0.081911 -0.104426 -0.120814 -0.122395 -0.104833 -0.071429 -0.031015 0.006333 0.032394 0.042397 0.035936 0.017078 -0.006845 -0.027705 -0.039365 -0.039503 -0.029798 -0.014870 -0.000825 0.006257 0.002325 -0.012489 -0.033732 -0.055646 -0.074606 -0.089818 -0.101747 -0.110846 -0.117544 -0.122609 -0.127021 -0.131351 -0.135188 -0.137073 -0.128906 -0.129323 -0.122555 -0.107267 -0.083700 -0.054334 -0.024369 -0.000295 0.014130 0.021082 0.027182 0.038720 0.058034 0.082959 0.108308 0.128114 0.137737 0.134704 0.118310 0.090460 0.058855 0.037042 0.035203 0.048650 0.059505 0.052875 0.029360 0.000505 -0.024184 -0.043724 -0.062404 -0.082763 -0.101342 -0.110152 -0.102363 -0.077458 -0.041868 -0.005643 0.021533 0.033114 0.027253 0.007227 -0.019576 -0.044177 -0.059186 -0.061188 -0.051352 -0.034494 -0.017393 -0.006637 -0.005972 -0.014414 -0.027325 -0.040085 -0.050907 -0.060459 -0.069725 -0.078747 -0.086995 -0.094283 -0.101128 -0.108316 -0.116106 -0.123638 -0.099829 -0.107656 -0.110692 -0.106546 -0.094152 -0.074625 -0.051502 -0.029345 -0.010733 0.005737 0.024030 0.047139 0.074591 0.102472 0.125390 0.139067 0.141886 0.134090 0.115630 0.086485 0.051599 0.024185 0.017725 0.031360 0.047773 0.049291 0.033094 0.008920 -0.013264 -0.030583 -0.045941 -0.062784 -0.080709 -0.094488 -0.097105 -0.084799 -0.060123 -0.030905 -0.006656 0.005021 0.000876 -0.016963 -0.041660 -0.064142 -0.076586 -0.075234 -0.061319 -0.040143 -0.018966 -0.004180 0.001486 -0.000087 -0.004514 -0.008459 -0.011579 -0.015618 -0.022149 -0.031202 -0.041537 -0.051774 -0.061290 -0.070396 -0.079820 -0.089887 -0.059511 -0.070578 -0.080580 -0.087153 -0.087962 -0.081859 -0.069464 -0.052491 -0.032053 -0.007704 0.021481 0.054713 0.088287 0.116508 0.134276 0.139662 0.134402 0.121474 0.101584 0.073061 0.037975 0.008253 -0.000593 0.013897 0.035583 0.044972 0.036146 0.016589 -0.003906 -0.020746 -0.034643 -0.048302 -0.063181 -0.077546 -0.086697 -0.085903 -0.074166 -0.055640 -0.037771 -0.027872 -0.030023 -0.043282 -0.061827 -0.077293 -0.082424 -0.074092 -0.054227 -0.028623 -0.004369 0.013211 0.022737 0.026639 0.028770 0.031593 0.034851 0.036278 0.033489 0.025580 0.013513 -0.000593 -0.014579 -0.027156 -0.038260 -0.048742 -0.023287 -0.033502 -0.044848 -0.056960 -0.067711 -0.074148 -0.073612 -0.064321 -0.045349 -0.016739 0.019689 0.059461 0.095709 0.121282 0.131896 0.128216 0.115006 0.097396 0.076713 0.050199 0.017651 -0.010649 -0.018537 -0.001453 0.025626 0.042262 0.040149 0.024623 0.004942 -0.013117 -0.028131 -0.040894 -0.052701 -0.064165 -0.074036 -0.079283 -0.077417 -0.069139 -0.058696 -0.051720 -0.052148 -0.059847 -0.070198 -0.076190 -0.072021 -0.055950 -0.030860 -0.002659 0.022480 0.040737 0.051835 0.058271 0.063379 0.069463 0.076714 0.083204 0.085914 0.082296 0.071542 0.054961 0.035438 0.016292 -0.000014 -0.012810 0.000625 -0.008925 -0.017793 -0.029026 -0.042936 -0.056698 -0.065460 -0.064167 -0.049383 -0.020778 0.018008 0.059552 0.094471 0.114839 0.117612 0.105775 0.086169 0.065071 0.044158 0.020359 -0.007684 -0.031152 -0.034470 -0.012546 0.020297 0.043298 0.046636 0.034090 0.014500 -0.005705 -0.023794 -0.038677 -0.049890 -0.058079 -0.064501 -0.069291 -0.071081 -0.068879 -0.063928 -0.059397 -0.058136 -0.060238 -0.062231 -0.058831 -0.046157 -0.024056 0.003874 0.032155 0.055900 0.072593 0.082461 0.087669 0.091169 0.095670 0.102705 0.111857 0.120552 0.124869 0.121191 0.107895 0.086274 0.060249 0.034957 0.014616 0.014825 0.001104 -0.006406 -0.013640 -0.024813 -0.039551 -0.052846 -0.057534 -0.047833 -0.022375 0.014448 0.053427 0.083804 0.097749 0.093590 0.075848 0.052176 0.029003 0.008257 -0.012569 -0.034780 -0.050648 -0.046226 -0.017438 0.021364 0.049479 0.056426 0.045310 0.025147 0.002858 -0.018609 -0.037469 -0.051341 -0.058871 -0.061413 -0.061679 -0.061086 -0.059285 -0.055899 -0.051765 -0.048145 -0.044858 -0.039394 -0.028215 -0.009295 0.016264 0.044655 0.071170 0.092066 0.105545 0.111749 0.112267 0.109683 0.107181 0.107932 0.114012 0.125082 0.137680 0.146021 0.144299 0.129389 0.102603 0.069611 0.038232 0.025443 0.002218 -0.008428 -0.012886 -0.019080 -0.030593 -0.044218 -0.052146 -0.046885 -0.025862 0.006557 0.040543 0.065174 0.073341 0.064383 0.043345 0.017692 -0.006475 -0.026765 -0.044364 -0.059679 -0.065887 -0.051521 -0.014712 0.029613 0.061066 0.069233 0.057493 0.035898 0.012187 -0.011226 -0.033545 -0.051807 -0.062145 -0.063652 -0.059357 -0.053249 -0.047279 -0.041343 -0.034918 -0.027769 -0.019190 -0.007378 0.009735 0.032751 0.059858 0.087445 0.111563 0.129173 0.138655 0.139779 0.133555 0.122141 0.108771 0.097596 0.093065 0.098383 0.113286 0.132662 0.147663 0.149311 0.132824 0.100404 0.060830 0.033590 -0.000631 -0.018234 -0.022981 -0.024923 -0.031887 -0.043678 -0.052930 -0.051004 -0.034198 -0.006434 0.022651 0.042619 0.046978 0.035424 0.012935 -0.013467 -0.037916 -0.057257 -0.071023 -0.078486 -0.073839 -0.048690 -0.004012 0.044484 0.076968 0.083664 0.068974 0.044785 0.020265 -0.002785 -0.025857 -0.047444 -0.062382 -0.066593 -0.060930 -0.050024 -0.038213 -0.027129 -0.016304 -0.004636 0.009089 0.026240 0.047826 0.073512 0.101182 0.127533 0.149140 0.163267 0.168250 0.163620 0.150152 0.129763 0.105324 0.080708 0.061105 0.052581 0.059672 0.081667 0.110515 0.132992 0.136651 0.116327 0.077417 0.034508 -0.007328 -0.032382 -0.039473 -0.038708 -0.041466 -0.050899 -0.060547 -0.060830 -0.046916 -0.022133 0.004185 0.021728 0.024021 0.010985 -0.012172 -0.038592 -0.062495 -0.079961 -0.089043 -0.088117 -0.072642 -0.037517 0.013413 0.063839 0.094800 0.097555 0.077909 0.049948 0.024797 0.004113 -0.016226 -0.037775 -0.056184 -0.065136 -0.062070 -0.049859 -0.033729 -0.017337 -0.001478 0.014847 0.033068 0.054329 0.078985 0.106128 0.133501 0.158020 0.176532 0.186433 0.186079 0.175104 0.154562 0.126637 0.093973 0.059375 0.026730 0.002396 -0.005501 0.008533 0.041605 0.080575 0.107100 0.107138 0.078952 0.022865 -0.020521 -0.050236 -0.059587 -0.057112 -0.056497 -0.063744 -0.073138 -0.074055 -0.060565 -0.035744 -0.009492 0.007084 0.007612 -0.006786 -0.030027 -0.055448 -0.077613 -0.092160 -0.096084 -0.087242 -0.062499 -0.019851 0.034459 0.084036 0.111184 0.108414 0.082871 0.050597 0.024711 0.007316 -0.007730 -0.025442 -0.044003 -0.056853 -0.058604 -0.048970 -0.031989 -0.012323 0.007577 0.027689 0.049113 0.072785 0.098724 0.125722 0.151456 0.172968 0.187275 0.191909 0.185388 0.167685 0.140463 0.106623 0.069075 0.029708 -0.009820 -0.045267 -0.067894 -0.067390 -0.039679 0.006396 0.050642 0.071914 0.060279 -0.002083 -0.041475 -0.071623 -0.081591 -0.077756 -0.074714 -0.080074 -0.088140 -0.087118 -0.070544 -0.042543 -0.014988 0.000202 -0.001636 -0.016960 -0.039041 -0.062128 -0.081548 -0.092783 -0.092124 -0.077189 -0.046195 0.000295 0.054432 0.100428 0.122258 0.113734 0.082919 0.047043 0.020610 0.006390 -0.002742 -0.014406 -0.029735 -0.043645 -0.049677 -0.044674 -0.030156 -0.010192 0.011714 0.034139 0.057258 0.081561 0.106850 0.131831 0.154244 0.171310 0.180273 0.178890 0.165927 0.141784 0.108828 0.070758 0.030961 -0.009115 -0.049701 -0.089414 -0.121208 -0.132859 -0.114728 -0.069906 -0.016823 0.019997 0.024386 -0.035571 -0.067913 -0.094896 -0.103655 -0.098767 -0.094394 -0.097963 -0.102786 -0.096271 -0.073064 -0.040332 -0.012364 0.000071 -0.003981 -0.018772 -0.038289 -0.058379 -0.075112 -0.083822 -0.080332 -0.062217 -0.028830 0.017416 0.067969 0.108322 0.124428 0.111298 0.077360 0.040017 0.014044 0.002488 -0.001919 -0.007917 -0.018678 -0.031069 -0.039171 -0.038404 -0.027887 -0.010036 0.011693 0.034821 0.058329 0.081917 0.105051 0.126432 0.144014 0.155377 0.158168 0.150482 0.131402 0.101849 0.064958 0.025025 -0.014480 -0.052519 -0.090442 -0.128973 -0.163325 -0.181706 -0.171882 -0.132563 -0.078858 -0.034959 -0.019676 -0.070010 -0.094871 -0.116948 -0.123707 -0.118586 -0.113991 -0.115244 -0.114031 -0.098399 -0.066635 -0.030170 -0.003907 0.005335 0.000541 -0.012308 -0.029157 -0.047198 -0.062662 -0.070625 -0.066706 -0.048615 -0.016562 0.025954 0.070495 0.104303 0.115388 0.099783 0.065826 0.030143 0.006480 -0.002695 -0.004470 -0.007337 -0.014977 -0.025487 -0.034022 -0.035978 -0.029200 -0.014512 0.005402 0.027709 0.050422 0.072324 0.092373 0.109226 0.121160 0.126289 0.122813 0.109246 0.085091 0.052009 0.014009 -0.024430 -0.060585 -0.094279 -0.127322 -0.161192 -0.192709 -0.211754 -0.206372 -0.173437 -0.124766 -0.081550 -0.061778 -0.098473 -0.117246 -0.134735 -0.140154 -0.136078 -0.131834 -0.129253 -0.118912 -0.091985 -0.052462 -0.014988 0.008191 0.015352 0.011224 -0.000045 -0.016200 -0.034601 -0.050977 -0.060206 -0.058053 -0.042557 -0.014493 0.022232 0.059862 0.087518 0.095098 0.079510 0.048783 0.018041 -0.001184 -0.007934 -0.009151 -0.012201 -0.019952 -0.030586 -0.039931 -0.043906 -0.040171 -0.028751 -0.011588 0.008600 0.029324 0.048678 0.065158 0.077377 0.083948 0.083517 0.074784 0.056694 0.029415 -0.004289 -0.039601 -0.072606 -0.102280 -0.129662 -0.156385 -0.183397 -0.208280 -0.223223 -0.218615 -0.191558 -0.150980 -0.113598 -0.094451 -0.117270 -0.132237 -0.146872 -0.152487 -0.150428 -0.145921 -0.137162 -0.115499 -0.077711 -0.033478 0.002479 0.022845 0.029271 0.025356 0.013053 -0.005632 -0.027001 -0.046086 -0.057926 -0.058821 -0.047261 -0.024311 0.006214 0.037483 0.060280 0.066089 0.052709 0.027872 0.004665 -0.008505 -0.012819 -0.015105 -0.021114 -0.032142 -0.045651 -0.057542 -0.064150 -0.063413 -0.055259 -0.041310 -0.024101 -0.006246 0.010041 0.023018 0.031286 0.033652 0.029041 0.016496 -0.004405 -0.032249 -0.062877 -0.091298 -0.115354 -0.136405 -0.156439 -0.176100 -0.194971 -0.211007 -0.219113 -0.213056 -0.191069 -0.159429 -0.130090 -0.114538 -0.127011 -0.140339 -0.154034 -0.161018 -0.160727 -0.154055 -0.136897 -0.103815 -0.058115 -0.012726 0.020722 0.039307 0.044799 0.038409 0.021525 -0.002268 -0.027787 -0.049891 -0.064377 -0.068390 -0.060865 -0.042883 -0.017875 0.008208 0.027427 0.032678 0.022902 0.005619 -0.008639 -0.015196 -0.017508 -0.022044 -0.032635 -0.048717 -0.066736 -0.082371 -0.092196 -0.094496 -0.089407 -0.078552 -0.064381 -0.049492 -0.036190 -0.026359 -0.021522 -0.022903 -0.031394 -0.047298 -0.069622 -0.095074 -0.118543 -0.136430 -0.149632 -0.161779 -0.174777 -0.187498 -0.198001 -0.204721 -0.205368 -0.197078 -0.179221 -0.155740 -0.134448 -0.123622 -0.131620 -0.144343 -0.157919 -0.166048 -0.165800 -0.154578 -0.128170 -0.085961 -0.036389 0.007801 0.039053 0.055967 0.058164 0.045733 0.021936 -0.007179 -0.035644 -0.059188 -0.074993 -0.081196 -0.077045 -0.063406 -0.043209 -0.021681 -0.005684 -0.000718 -0.006312 -0.015323 -0.020435 -0.020988 -0.022346 -0.030111 -0.045926 -0.067287 -0.089584 -0.108275 -0.120226 -0.124197 -0.120734 -0.111701 -0.099661 -0.087328 -0.077209 -0.071436 -0.071649 -0.078795 -0.092822 -0.112293 -0.134000 -0.153166 -0.165605 -0.171149 -0.174154 -0.179193 -0.186682 -0.193458 -0.196601 -0.195325 -0.189735 -0.179559 -0.164938 -0.148011 -0.133463 -0.127009 -0.135769 -0.147265 -0.159882 -0.167408 -0.164720 -0.147328 -0.112812 -0.065148 -0.014987 0.027317 0.056555 0.069910 0.065262 0.044430 0.014154 -0.017730 -0.045984 -0.068259 -0.083453 -0.090617 -0.089148 -0.079587 -0.064334 -0.047874 -0.035719 -0.031225 -0.032261 -0.032794 -0.029529 -0.025738 -0.027917 -0.040097 -0.061377 -0.087152 -0.111766 -0.130680 -0.141445 -0.143753 -0.139015 -0.129772 -0.119102 -0.110120 -0.105580 -0.107507 -0.116791 -0.132812 -0.153247 -0.174223 -0.190968 -0.199416 -0.198868 -0.193504 -0.189722 -0.190886 -0.194994 -0.197455 -0.195347 -0.188861 -0.179639 -0.168842 -0.156899 -0.144688 -0.134762 -0.130984 -0.142475 -0.150767 -0.160307 -0.164742 -0.157522 -0.133862 -0.093772 -0.043995 0.005192 0.045511 0.071228 0.077442 0.063124 0.034286 0.000760 -0.029814 -0.054483 -0.073287 -0.086633 -0.094191 -0.095364 -0.090347 -0.080925 -0.070471 -0.062481 -0.057762 -0.053170 -0.045178 -0.035229 -0.029916 -0.035657 -0.053901 -0.080560 -0.108701 -0.131909 -0.146356 -0.151179 -0.147864 -0.139403 -0.129490 -0.121849 -0.119677 -0.125143 -0.138897 -0.159649 -0.184092 -0.207415 -0.224423 -0.231170 -0.226948 -0.215654 -0.204349 -0.198732 -0.199302 -0.201955 -0.201986 -0.197419 -0.189293 -0.179742 -0.170141 -0.160689 -0.151394 -0.143511 -0.139787 -0.152201 -0.154838 -0.158841 -0.157953 -0.145183 -0.116349 -0.073217 -0.023235 0.024363 0.061268 0.079786 0.075274 0.051044 0.017518 -0.014763 -0.040610 -0.060081 -0.075172 -0.087107 -0.095722 -0.100284 -0.100561 -0.097437 -0.092583 -0.086975 -0.079335 -0.067224 -0.051316 -0.037895 -0.035397 -0.048256 -0.073843 -0.104205 -0.130433 -0.146557 -0.150995 -0.145810 -0.135142 -0.123758 -0.116006 -0.115205 -0.123355 -0.140869 -0.166160 -0.195399 -0.223024 -0.243144 -0.251448 -0.247039 -0.233462 -0.217740 -0.206822 -0.203511 -0.205443 -0.207878 -0.207356 -0.203280 -0.197062 -0.190340 -0.183740 -0.176788 -0.168869 -0.160582 -0.154201 -0.163482 -0.158416 -0.154877 -0.147203 -0.128724 -0.095978 -0.051411 -0.002325 0.041950 0.071557 0.078485 0.062049 0.030985 -0.002392 -0.029899 -0.050014 -0.065263 -0.078477 -0.090832 -0.101908 -0.110629 -0.116080 -0.117803 -0.115386 -0.107674 -0.093073 -0.072279 -0.051282 -0.039906 -0.045648 -0.068324 -0.099870 -0.128833 -0.146183 -0.148813 -0.139350 -0.123655 -0.108091 -0.097679 -0.095498 -0.103039 -0.120642 -0.147222 -0.179477 -0.211758 -0.237390 -0.251015 -0.250783 -0.239399 -0.223348 -0.209999 -0.203811 -0.204381 -0.207969 -0.210860 -0.211556 -0.210609 -0.209161 -0.207657 -0.205428 -0.201102 -0.193579 -0.183201 -0.172191 -0.174249 -0.160312 -0.148021 -0.132775 -0.108693 -0.072925 -0.028225 0.017738 0.054524 0.071892 0.065181 0.039575 0.006950 -0.022239 -0.043989 -0.059911 -0.073522 -0.087295 -0.101778 -0.116076 -0.128527 -0.137136 -0.139779 -0.134312 -0.119113 -0.094991 -0.067761 -0.047996 -0.045733 -0.063733 -0.095030 -0.126458 -0.145561 -0.146563 -0.131891 -0.109241 -0.087088 -0.071430 -0.064978 -0.068402 -0.081913 -0.105423 -0.137169 -0.172446 -0.204256 -0.225851 -0.233611 -0.228631 -0.216264 -0.203681 -0.196395 -0.195778 -0.199434 -0.204006 -0.207786 -0.211159 -0.215250 -0.220410 -0.225607 -0.228729 -0.227426 -0.220145 -0.207109 -0.190654 -0.183140 -0.160191 -0.138800 -0.115783 -0.086474 -0.048920 -0.006596 0.032034 0.056470 0.059333 0.041642 0.012649 -0.016724 -0.040253 -0.057649 -0.071869 -0.085940 -0.101361 -0.118028 -0.134579 -0.148515 -0.156422 -0.154711 -0.140898 -0.115478 -0.084024 -0.057344 -0.047188 -0.059149 -0.088360 -0.121387 -0.142979 -0.143837 -0.124771 -0.094653 -0.064417 -0.041749 -0.029457 -0.027345 -0.035013 -0.052841 -0.080575 -0.115253 -0.150768 -0.179796 -0.196902 -0.200893 -0.195183 -0.186029 -0.179415 -0.178212 -0.181458 -0.186296 -0.190864 -0.195637 -0.202432 -0.212480 -0.225160 -0.237971 -0.247378 -0.249997 -0.243725 -0.228610 -0.207093 -0.190512 -0.159582 -0.129864 -0.099896 -0.066734 -0.029829 0.006485 0.033961 0.044617 0.036061 0.013671 -0.013189 -0.037218 -0.056047 -0.071107 -0.084995 -0.099600 -0.115615 -0.132632 -0.148874 -0.160787 -0.163617 -0.153363 -0.129373 -0.096486 -0.065230 -0.048238 -0.053438 -0.078612 -0.111624 -0.135973 -0.138882 -0.117950 -0.081647 -0.043110 -0.012610 0.005825 0.012710 0.009480 -0.003460 -0.026015 -0.056553 -0.090890 -0.122999 -0.147097 -0.159994 -0.162438 -0.158663 -0.154197 -0.152997 -0.155668 -0.160075 -0.163967 -0.167367 -0.172707 -0.182886 -0.199074 -0.219700 -0.240843 -0.257547 -0.265348 -0.261514 -0.245815 -0.220700 -0.198524 -0.162060 -0.126253 -0.091492 -0.056818 -0.023088 0.005261 0.021871 0.022654 0.009168 -0.012179 -0.034437 -0.053648 -0.069325 -0.082874 -0.095877 -0.109327 -0.123626 -0.138317 -0.151148 -0.157605 -0.152419 -0.132902 -0.102055 -0.069266 -0.047239 -0.045620 -0.064996 -0.095742 -0.122088 -0.129030 -0.109979 -0.070690 -0.025157 0.013312 0.038053 0.048692 0.047389 0.036120 0.016431 -0.009716 -0.039426 -0.068995 -0.094486 -0.112732 -0.122524 -0.125281 -0.124532 -0.124139 -0.126139 -0.129766 -0.132718 -0.133863 -0.135062 -0.140437 -0.153778 -0.176128 -0.204897 -0.234695 -0.259208 -0.273073 -0.273081 -0.258753 -0.232409 -0.208586 -0.170144 -0.131469 -0.094494 -0.059981 -0.029752 -0.007634 0.002342 -0.000938 -0.014331 -0.032334 -0.050234 -0.065787 -0.078902 -0.090406 -0.101096 -0.111557 -0.122129 -0.132204 -0.139100 -0.138048 -0.124698 -0.099113 -0.068087 -0.043271 -0.035343 -0.047598 -0.073557 -0.099814 -0.111347 -0.097945 -0.060467 -0.011085 0.034617 0.066283 0.081083 0.080760 0.068457 0.047666 0.022154 -0.004492 -0.029553 -0.051343 -0.068867 -0.081586 -0.089570 -0.093766 -0.095981 -0.098106 -0.100804 -0.102908 -0.102663 -0.100195 -0.098935 -0.104361 -0.120899 -0.149234 -0.185597 -0.223194 -0.254693 -0.274295 -0.278744 -0.267527 -0.242737 -0.216785 -0.179609 -0.140869 -0.103435 -0.069398 -0.041362 -0.022662 -0.015688 -0.019881 -0.031650 -0.046400 -0.060705 -0.073094 -0.083512 -0.092395 -0.100155 -0.107098 -0.113202 -0.117438 -0.117088 -0.108326 -0.089001 -0.062170 -0.036757 -0.023385 -0.027762 -0.046738 -0.069917 -0.084226 -0.078264 -0.047674 0.000468 0.050968 0.089898 0.110566 0.112722 0.099411 0.075270 0.045939 0.017046 -0.007317 -0.025616 -0.038614 -0.048202 -0.056158 -0.063320 -0.069534 -0.074366 -0.077686 -0.079316 -0.078487 -0.074505 -0.068705 -0.065629 -0.071548 -0.091035 -0.124127 -0.165965 -0.208845 -0.245022 -0.268718 -0.276970 -0.269513 -0.248254 -0.214653 -0.180379 -0.143382 -0.107024 -0.074428 -0.048860 -0.033219 -0.028550 -0.033089 -0.043102 -0.054830 -0.065865 -0.075314 -0.083230 -0.089985 -0.095796 -0.100376 -0.102749 -0.101252 -0.093699 -0.078222 -0.055419 -0.030523 -0.012411 -0.008411 -0.018805 -0.036183 -0.049724 -0.049317 -0.028156 0.013017 0.063493 0.108157 0.136029 0.143313 0.131444 0.104886 0.070116 0.034553 0.004774 -0.015430 -0.026058 -0.030248 -0.032463 -0.036440 -0.043530 -0.052284 -0.059855 -0.064005 -0.063925 -0.059738 -0.052246 -0.043950 -0.039938 -0.046475 -0.067635 -0.102670 -0.146199 -0.190598 -0.228436 -0.254057 -0.264612 -0.260106 -0.242450 -0.198590 -0.167830 -0.134212 -0.101311 -0.072686 -0.051530 -0.039781 -0.037183 -0.041374 -0.049167 -0.057888 -0.065935 -0.072796 -0.078865 -0.084879 -0.090899 -0.095563 -0.096392 -0.090874 -0.077514 -0.056654 -0.031456 -0.008390 0.004983 0.005030 -0.004394 -0.014097 -0.015005 -0.000953 0.030514 0.075136 0.121113 0.155168 0.169222 0.161673 0.135563 0.097014 0.054053 0.015099 -0.013068 -0.027393 -0.029555 -0.024968 -0.020341 -0.021026 -0.028748 -0.040836 -0.052024 -0.057738 -0.056302 -0.048823 -0.037986 -0.027644 -0.023040 -0.029631 -0.050291 -0.083436 -0.123997 -0.165752 -0.202467 -0.228486 -0.240365 -0.237883 -0.223015 -0.174816 -0.148646 -0.120087 -0.092639 -0.069514 -0.053083 -0.044216 -0.042093 -0.044780 -0.050054 -0.055880 -0.060838 -0.064825 -0.069275 -0.075869 -0.084481 -0.092336 -0.095154 -0.089222 -0.073131 -0.048671 -0.020895 0.002924 0.016380 0.018423 0.015185 0.016002 0.027504 0.052017 0.088346 0.130213 0.166450 0.186362 0.184625 0.161800 0.122730 0.074920 0.027147 -0.011991 -0.035979 -0.042645 -0.035360 -0.021724 -0.010482 -0.008356 -0.017397 -0.033876 -0.050184 -0.059091 -0.057434 -0.046924 -0.032334 -0.019372 -0.013579 -0.019148 -0.037074 -0.064673 -0.097788 -0.132893 -0.166116 -0.192021 -0.205889 -0.206408 -0.195137 -0.150441 -0.130697 -0.108236 -0.086313 -0.067608 -0.053853 -0.045641 -0.042556 -0.043388 -0.046152 -0.048419 -0.048709 -0.048174 -0.050334 -0.058198 -0.071295 -0.085360 -0.094364 -0.093067 -0.079098 -0.054193 -0.024119 0.003194 0.021424 0.030167 0.035940 0.047348 0.068858 0.099684 0.135789 0.169958 0.192665 0.196303 0.178555 0.142313 0.093841 0.041017 -0.007729 -0.044235 -0.062289 -0.060313 -0.043054 -0.020134 -0.002272 0.002465 -0.008397 -0.030301 -0.053447 -0.067687 -0.067620 -0.054721 -0.035615 -0.018447 -0.009837 -0.012959 -0.026515 -0.046114 -0.068387 -0.093249 -0.120445 -0.145638 -0.162825 -0.168904 -0.164129 -0.124827 -0.113306 -0.097391 -0.080112 -0.064100 -0.051284 -0.042797 -0.038784 -0.037952 -0.037377 -0.033817 -0.026593 -0.019482 -0.018762 -0.028481 -0.047376 -0.069733 -0.088164 -0.096071 -0.089512 -0.068715 -0.038580 -0.007096 0.018589 0.036755 0.052421 0.072765 0.100699 0.133431 0.165098 0.188420 0.196218 0.184420 0.153851 0.109224 0.056978 0.003928 -0.042777 -0.075558 -0.088011 -0.078367 -0.052049 -0.020351 0.004015 0.011423 -0.001317 -0.029186 -0.060501 -0.082194 -0.086044 -0.072211 -0.048313 -0.025067 -0.011237 -0.010051 -0.018195 -0.028942 -0.038768 -0.050716 -0.068931 -0.091462 -0.111784 -0.124945 -0.129236 -0.094103 -0.091807 -0.082885 -0.070095 -0.056486 -0.044739 -0.036618 -0.032203 -0.029131 -0.023134 -0.010955 0.005781 0.019738 0.022234 0.009274 -0.016329 -0.047424 -0.075921 -0.094721 -0.098751 -0.086218 -0.059797 -0.026251 0.006636 0.034730 0.059967 0.087186 0.118112 0.149158 0.173927 0.186014 0.181026 0.158378 0.121369 0.075214 0.025019 -0.024564 -0.068087 -0.098330 -0.107957 -0.093972 -0.061455 -0.022736 0.007549 0.017895 0.003920 -0.029450 -0.069235 -0.099844 -0.110075 -0.097809 -0.070273 -0.040024 -0.018595 -0.010805 -0.012584 -0.014879 -0.012729 -0.010855 -0.017581 -0.034446 -0.055608 -0.074777 -0.088281 -0.059140 -0.066031 -0.064529 -0.056825 -0.046370 -0.036547 -0.029360 -0.024190 -0.017352 -0.003915 0.017992 0.043373 0.061573 0.062905 0.044868 0.012494 -0.025863 -0.062242 -0.090168 -0.104519 -0.102048 -0.082795 -0.051024 -0.013876 0.022464 0.056173 0.088856 0.120899 0.148784 0.166826 0.170297 0.157554 0.130676 0.094119 0.052303 0.008187 -0.036067 -0.076809 -0.107059 -0.118069 -0.104675 -0.070399 -0.027624 0.007458 0.021225 0.007539 -0.029529 -0.076593 -0.116360 -0.135006 -0.127587 -0.099447 -0.063382 -0.033263 -0.016692 -0.010803 -0.005379 0.006701 0.021090 0.026674 0.018030 -0.000905 -0.023327 -0.044045 -0.025169 -0.040295 -0.046239 -0.044108 -0.037307 -0.029566 -0.022810 -0.015668 -0.003707 0.017509 0.047450 0.077852 0.096166 0.093511 0.069934 0.032604 -0.009717 -0.050148 -0.083651 -0.105840 -0.112864 -0.102658 -0.076552 -0.039624 0.001417 0.041655 0.079131 0.112422 0.138231 0.152205 0.151540 0.136737 0.111330 0.079842 0.045485 0.009231 -0.029094 -0.067793 -0.100440 -0.116927 -0.109322 -0.078369 -0.035183 0.003244 0.021176 0.010151 -0.027523 -0.079153 -0.126825 -0.154886 -0.155612 -0.131354 -0.093182 -0.055731 -0.029451 -0.014456 -0.001500 0.018136 0.042105 0.058694 0.059253 0.044968 0.022215 -0.002897 0.003389 -0.018145 -0.030887 -0.034379 -0.031254 -0.025125 -0.017803 -0.007644 0.009571 0.036823 0.071079 0.102031 0.117213 0.110018 0.083170 0.044964 0.003240 -0.037117 -0.072811 -0.100252 -0.115329 -0.114594 -0.096927 -0.064741 -0.023584 0.020214 0.061771 0.097522 0.123904 0.137602 0.137260 0.124598 0.103687 0.078851 0.052573 0.024470 -0.007734 -0.044573 -0.080815 -0.105568 -0.108030 -0.085130 -0.045234 -0.005004 0.017987 0.012467 -0.021967 -0.074411 -0.127395 -0.164407 -0.175570 -0.159893 -0.125102 -0.084420 -0.049863 -0.025172 -0.004232 0.021449 0.051836 0.076680 0.085720 0.077340 0.056670 0.030086 0.024823 -0.000211 -0.018060 -0.026694 -0.027276 -0.022664 -0.014502 -0.001447 0.019660 0.049914 0.084437 0.112582 0.123726 0.114178 0.088544 0.054693 0.018204 -0.018623 -0.054157 -0.085236 -0.107262 -0.115694 -0.107688 -0.083371 -0.046305 -0.002488 0.041683 0.080723 0.110153 0.126791 0.129788 0.121241 0.105405 0.086750 0.067743 0.047253 0.021232 -0.013175 -0.052631 -0.086470 -0.101528 -0.090328 -0.057035 -0.016601 0.012140 0.014769 -0.012667 -0.061953 -0.116842 -0.160827 -0.182861 -0.179135 -0.153320 -0.115300 -0.076550 -0.043584 -0.014512 0.016779 0.051408 0.081558 0.097216 0.094815 0.077916 0.052639 0.038352 0.013723 -0.006146 -0.018476 -0.022760 -0.020413 -0.012522 0.001803 0.024324 0.054364 0.086167 0.110213 0.118693 0.110545 0.090903 0.065744 0.037631 0.006316 -0.027866 -0.061855 -0.090340 -0.107596 -0.109345 -0.094051 -0.063509 -0.022544 0.022301 0.064373 0.098000 0.119276 0.126956 0.122949 0.111630 0.097935 0.084731 0.070657 0.050553 0.019604 -0.021235 -0.062791 -0.090718 -0.093253 -0.069237 -0.030379 0.004119 0.016643 -0.000903 -0.043594 -0.096830 -0.144662 -0.175897 -0.185034 -0.172061 -0.142543 -0.105402 -0.068029 -0.032294 0.004230 0.042012 0.075227 0.095295 0.097968 0.085578 0.063832 0.042672 0.022576 0.004866 -0.008408 -0.015696 -0.016591 -0.010966 0.002053 0.023159 0.050464 0.078221 0.098803 0.107189 0.103908 0.093204 0.078305 0.058900 0.032958 0.000189 -0.036302 -0.070739 -0.096464 -0.107797 -0.101621 -0.078278 -0.041485 0.002626 0.046947 0.084810 0.111234 0.124080 0.124727 0.117520 0.107739 0.098668 0.089221 0.074138 0.047514 0.007886 -0.038207 -0.076905 -0.093205 -0.080205 -0.044921 -0.005659 0.017170 0.011104 -0.022525 -0.070927 -0.118961 -0.156040 -0.176251 -0.177054 -0.159909 -0.130069 -0.093809 -0.055104 -0.015076 0.024792 0.059448 0.081865 0.088102 0.079958 0.062972